path,bytes,category
.gitignore,1112,other
implementation/.gitignore,148,other
implementation/BASELINE_CLOSURE.md,4819,documentation_or_compact_evidence
implementation/configs/baseline_methods.yaml,3569,code_or_configuration
implementation/configs/bytetrack_parking.yaml,355,code_or_configuration
implementation/configs/bytetrack_parking_lowconf.yaml,359,code_or_configuration
implementation/configs/bytetrack_stage_m_frozen_20260728.yaml,345,code_or_configuration
implementation/configs/d1_ndispark_formal_frozen_20260727.yaml,3017,code_or_configuration
implementation/configs/detector_comparison_frozen_20260727.yaml,4892,code_or_configuration
implementation/configs/detector_comparison_stage_i_v2_maxdet1000_frozen_20260727.yaml,4867,code_or_configuration
implementation/configs/detector_comparison_stage_i_v2_maxdet300_frozen_20260727.yaml,5682,code_or_configuration
implementation/configs/ndispark_only_dataset_frozen_20260727.yaml,6303,code_or_configuration
implementation/configs/p1_b1_virat_0502_continuous_case_frozen_20260727.yaml,3862,code_or_configuration
implementation/configs/p3_integrated_runtime_defaults_20260729.yaml,1498,code_or_configuration
implementation/configs/p3_stage_r_recommended_default_20260729.yaml,2236,code_or_configuration
implementation/configs/stage_i_count_test_frozen_20260727.yaml,3160,code_or_configuration
implementation/configs/stage_i_v2_posthoc_count_frozen_20260727.yaml,3849,code_or_configuration
implementation/configs/stage_j_p0_p1_p2_pklot_development_frozen_20260727.yaml,3596,code_or_configuration
implementation/configs/stage_j_posthoc_layered_analysis_frozen_20260727.yaml,2465,code_or_configuration
implementation/configs/stage_k_p0_p1_p2_pklot_test_frozen_20260727.yaml,6302,code_or_configuration
implementation/configs/stage_k_posthoc_stratified_analysis_frozen_20260728.yaml,1744,code_or_configuration
implementation/configs/stage_l_integrated_workflow_frozen_20260728.yaml,6268,code_or_configuration
implementation/configs/stage_m_open_source_tracking_frozen_20260728.yaml,6663,code_or_configuration
implementation/configs/stage_n_lmot_tracking_diagnostic_frozen_20260728.yaml,6110,code_or_configuration
implementation/configs/stage_n_v2_lmot_tracking_diagnostic_frozen_20260729.yaml,7062,code_or_configuration
implementation/configs/stage_o_low_light_adaptation_frozen_20260729.yaml,7429,code_or_configuration
implementation/configs/stage_p_parking_domain_retention_frozen_20260729.yaml,6101,code_or_configuration
implementation/configs/stage_q_v2_external_night_occupancy_frozen_20260729.yaml,5102,code_or_configuration
implementation/configs/stage_q_v2_external_night_occupancy_frozen_20260729_v2.yaml,1441,code_or_configuration
implementation/configs/tracktrack_stage_m_frozen_20260728.yaml,564,code_or_configuration
implementation/data/annotations/grand_bassin_bus_stability_ground_truth.csv,314154,documentation_or_compact_evidence
implementation/data/annotations/grand_bassin_bus_stability_slots.json,1018,code_or_configuration
implementation/data/annotations/grand_bassin_temporal_manual_candidates.csv,163,documentation_or_compact_evidence
implementation/data/annotations/pklot_development_samples.jsonl,522284,other
implementation/data/annotations/pklot_sample_slots.json,31131,code_or_configuration
implementation/data/annotations/pklot_smoke_truth.csv,35048,documentation_or_compact_evidence
implementation/data/annotations/pklot_stage_k_candidate_20260727.jsonl,1206480,other
implementation/data/annotations/pklot_stage_k_candidate_20260727_v2.jsonl,1199128,other
implementation/data/comparisons/detector_comparison_frozen_checksums.yaml,440,code_or_configuration
implementation/data/comparisons/detector_comparison_preflight_20260727.yaml,2371,code_or_configuration
implementation/data/comparisons/p1_b1_virat0502_continuous_20260727.yaml,9818,code_or_configuration
implementation/data/comparisons/p1_b1_virat0502_continuous_failed_attempt_20260727_v1.yaml,1363,code_or_configuration
implementation/data/comparisons/stage_i_detector_evaluation_20260727.yaml,10088,code_or_configuration
implementation/data/comparisons/STAGE_I_FROZEN_CHECKSUMS.yaml,445,code_or_configuration
implementation/data/comparisons/stage_i_timestamp_correction_20260727.yaml,1640,code_or_configuration
implementation/data/comparisons/stage_i_v2_corrected_evaluation_20260727.yaml,11209,code_or_configuration
implementation/data/comparisons/STAGE_I_V2_PRESERVATION_AUDIT.md,5320,documentation_or_compact_evidence
implementation/data/comparisons/stage_j_p0_p1_p2_development_20260727.yaml,6107,code_or_configuration
implementation/data/comparisons/stage_j_posthoc_layered_analysis_20260727.yaml,2945,code_or_configuration
implementation/data/comparisons/stage_k_p0_p1_p2_test_20260727.yaml,19563,code_or_configuration
implementation/data/comparisons/stage_k_posthoc_stratified_analysis_20260728.yaml,2324,code_or_configuration
implementation/data/comparisons/stage_k_slot_occupancy_data_gate_20260727.yaml,1775,code_or_configuration
implementation/data/comparisons/stage_k_slot_occupancy_data_gate_20260728_v2.yaml,4983,code_or_configuration
implementation/data/comparisons/stage_l_integrated_workflow_20260728.yaml,5495,code_or_configuration
implementation/data/D1_FORMAL_TRAINING_REPORT.md,5335,documentation_or_compact_evidence
implementation/data/D1_SMOKE_REPORT.md,5157,documentation_or_compact_evidence
implementation/data/DATASET_MANIFEST.md,17642,documentation_or_compact_evidence
implementation/data/DETECTOR_COMPARISON_PROTOCOL.md,5703,documentation_or_compact_evidence
implementation/data/DETECTOR_EVALUATION_REPORT.md,6625,documentation_or_compact_evidence
implementation/data/FINAL_RESULTS_INDEX.md,3112,documentation_or_compact_evidence
implementation/data/finetune/ANNOTATION_PLAN.md,1422,documentation_or_compact_evidence
implementation/data/finetune/grand_bassin_annotation_checksums.csv,12997,documentation_or_compact_evidence
implementation/data/finetune/grand_bassin_annotation_manifest.csv,34101,documentation_or_compact_evidence
implementation/data/GPU_DECISION_REPORT.md,5195,documentation_or_compact_evidence
implementation/data/manifests/ndispark_only_20260727/FROZEN_ARTIFACT_CHECKSUMS.yaml,1225,code_or_configuration
implementation/data/manifests/ndispark_only_20260727/ndispark_source_manifest_frozen_20260727.yaml,3886,code_or_configuration
implementation/data/manifests/ndispark_only_20260727/ndispark_test_frozen_20260727.csv,24630,documentation_or_compact_evidence
implementation/data/manifests/ndispark_only_20260727/ndispark_train_frozen_20260727.csv,24054,documentation_or_compact_evidence
implementation/data/manifests/ndispark_only_20260727/ndispark_validation_frozen_20260727.csv,7260,documentation_or_compact_evidence
implementation/data/manifests/pklot_stage_k_candidate_20260727.csv,43773,documentation_or_compact_evidence
implementation/data/manifests/pklot_stage_k_candidate_20260727_v2.csv,43826,documentation_or_compact_evidence
implementation/data/manifests/stage_j_pklot_development_20260727.csv,5457,documentation_or_compact_evidence
implementation/data/NDISPARK_ONLY_DATASET_CARD.md,5260,documentation_or_compact_evidence
implementation/data/NDISPARK_PREPROCESSING_REPORT.md,3922,documentation_or_compact_evidence
implementation/data/ndispark_source_audit.yaml,3809,code_or_configuration
implementation/data/PART1_DATASET_ALIGNMENT.md,23476,documentation_or_compact_evidence
implementation/data/part1_dataset_alignment.yaml,27851,code_or_configuration
implementation/data/preprocessing/ndispark_only_20260727.yaml,3390,code_or_configuration
implementation/data/preprocessing/pklot_stage_k_candidate_audit_20260727.json,2526,code_or_configuration
implementation/data/preprocessing/pklot_stage_k_candidate_audit_20260727_v2.json,2528,code_or_configuration
implementation/data/preprocessing/pklot_stage_k_manual_visual_review_20260727_v2.json,2450,code_or_configuration
implementation/data/research_samples/zenodo_20210588_metadata.json,14634,code_or_configuration
implementation/data/splits/grand_bassin_aerial_candidate_133033.csv,151329,documentation_or_compact_evidence
implementation/data/splits/grand_bassin_aerial_candidate_133033_checksums.csv,64843,documentation_or_compact_evidence
implementation/data/splits/grand_bassin_aerial_development.csv,333651,documentation_or_compact_evidence
implementation/data/splits/grand_bassin_aerial_development_checksums.csv,143485,documentation_or_compact_evidence
implementation/data/splits/grand_bassin_aerial_holdout_162512.csv,81703,documentation_or_compact_evidence
implementation/data/splits/pklot_development.csv,8843,documentation_or_compact_evidence
implementation/data/STAGE_I_V2_CORRECTED_EVALUATION_REPORT.md,5486,documentation_or_compact_evidence
implementation/data/STAGE_J_K_OCCUPANCY_REPORT.md,7186,documentation_or_compact_evidence
implementation/data/STAGE_K_FINAL_REPORT.md,4857,documentation_or_compact_evidence
implementation/data/STAGE_L_INTEGRATED_WORKFLOW_REPORT.md,7340,documentation_or_compact_evidence
implementation/data/stage_m/STAGE_M_ARTIFACT_REGISTRY_20260728.yaml,11331,code_or_configuration
implementation/data/stage_m/STAGE_M_DATA_GATES_20260728.yaml,3588,code_or_configuration
implementation/data/stage_m/STAGE_M_FEASIBILITY_ADDENDUM_20260728.md,4265,documentation_or_compact_evidence
implementation/data/stage_m/stage_m_smoke_regions_20260728.json,498,code_or_configuration
implementation/data/STAGE_M_OPEN_SOURCE_TRACKING_ROBUSTNESS_REPORT.md,11474,documentation_or_compact_evidence
implementation/data/stage_n/STAGE_N_ARTIFACT_REGISTRY_20260728.yaml,8980,code_or_configuration
implementation/data/stage_n/STAGE_N_FORMAL_PARKING_CANDIDATE_AUDIT_20260728.md,2795,documentation_or_compact_evidence
implementation/data/stage_n/STAGE_N_FORMAL_PARKING_DATA_GATE_20260728.yaml,2812,code_or_configuration
implementation/data/stage_n/STAGE_N_LMOT_ACQUISITION_AUDIT_20260728.md,3816,documentation_or_compact_evidence
implementation/data/stage_n/STAGE_N_LMOT_DATA_GATE_20260728.yaml,2006,code_or_configuration
implementation/data/stage_n/STAGE_N_SYNTHETIC_OUTPUT_MANIFEST_20260728_V2.json,2397,code_or_configuration
implementation/data/stage_n/STAGE_N_TRACKEVAL_SOURCE_AUDIT_20260728.yaml,1933,code_or_configuration
implementation/data/STAGE_N_LMOT_TRACKING_REPORT.md,7492,documentation_or_compact_evidence
implementation/data/stage_n_v2/LMOT_CLASS_ID6_EXTENDED_CONTACT_SHEET_20260729.jpg,103676,presentation_artifact
implementation/data/stage_n_v2/LMOT_CLASS_ID6_EXTENDED_CONTACT_SHEET_20260729.json,1769,code_or_configuration
implementation/data/stage_n_v2/LMOT_CLASS_ID6_TRACK_TIMELINE_20260729.jpg,344087,presentation_artifact
implementation/data/stage_n_v2/LMOT_CLASS_MAP_FROZEN_20260729.yaml,509,code_or_configuration
implementation/data/stage_n_v2/LMOT_CLASS_MAPPING_CONTACT_SHEET_20260729.jpg,401981,presentation_artifact
implementation/data/stage_n_v2/LMOT_CLASS_MAPPING_EVIDENCE_20260729.yaml,10043,code_or_configuration
implementation/data/stage_n_v2/STAGE_N_V2_ACQUISITION_INVENTORY_20260729.yaml,13662,code_or_configuration
implementation/data/stage_n_v2/STAGE_N_V2_ARTIFACT_REGISTRY_20260729.yaml,23822,code_or_configuration
implementation/data/stage_n_v2/STAGE_N_V2_EXTRACTED_FILE_MANIFEST_20260729.json,1685884,code_or_configuration
implementation/data/STAGE_N_V2_LMOT_TRACKING_REPORT.md,6674,documentation_or_compact_evidence
implementation/data/stage_n_v3/STAGE_N_V3_ARTIFACT_REGISTRY_20260729.yaml,12831,code_or_configuration
implementation/data/STAGE_N_V3_EMITTED_BOX_CORRECTION_REPORT.md,3763,documentation_or_compact_evidence
implementation/data/stage_o/p3_interface_smoke_inputs_20260729_v1/input.mp4,131984,presentation_artifact
implementation/data/stage_o/p3_interface_smoke_inputs_20260729_v1/input_manifest.json,1924,code_or_configuration
implementation/data/stage_o/p3_interface_smoke_inputs_20260729_v1/slots.json,1546,code_or_configuration
implementation/data/stage_o/p3_interface_smoke_inputs_20260729_v2/input.mp4,131984,presentation_artifact
implementation/data/stage_o/p3_interface_smoke_inputs_20260729_v2/input_manifest.json,1924,code_or_configuration
implementation/data/stage_o/p3_interface_smoke_inputs_20260729_v2/slots.json,1546,code_or_configuration
implementation/data/stage_o/STAGE_O_ARTIFACT_REGISTRY_20260729.yaml,78776,code_or_configuration
implementation/data/stage_o/STAGE_O_DATA_MANIFEST_20260729.yaml,6604,code_or_configuration
implementation/data/stage_o/STAGE_O_DATA_MANIFEST_PATH_CORRECTION_20260729.yaml,1596,code_or_configuration
implementation/data/stage_o/STAGE_O_DETECTOR_ONLY_OUTPUT_AUDIT_20260729.json,12481,code_or_configuration
implementation/data/stage_o/STAGE_O_FROZEN_HISTORY_PRESERVATION_20260729.json,63716,code_or_configuration
implementation/data/stage_o/STAGE_O_FROZEN_HISTORY_PRESERVATION_20260729_v2.json,61585,code_or_configuration
implementation/data/stage_o/stage_o_o2_formal_v2.stderr.log,0,other
implementation/data/stage_o/stage_o_o2_formal_v2.stdout.log,0,other
implementation/data/stage_o/stage_o_o2_formal_v4.stderr.log,1819,other
implementation/data/stage_o/stage_o_o2_formal_v4.stdout.log,0,other
implementation/data/stage_o/stage_o_o2_formal_v5.stderr.log,1819,other
implementation/data/stage_o/stage_o_o2_formal_v5.stdout.log,0,other
implementation/data/stage_o/stage_o_o2_formal_v6.stderr.log,1075,other
implementation/data/stage_o/stage_o_o2_formal_v6.stdout.log,0,other
implementation/data/stage_o/stage_o_o2_formal_v7.stderr.log,0,other
implementation/data/stage_o/stage_o_o2_formal_v7.stdout.log,5709,other
implementation/data/stage_o/STAGE_O_O2_RUNTIME_DECISION_20260729.yaml,3105,code_or_configuration
implementation/data/stage_o/STAGE_O_O3_FORMAL_TRAINING_COMPLETION_AUDIT_20260729.json,1065,code_or_configuration
implementation/data/stage_o/STAGE_O_P3_INTERFACE_SMOKE_AUDIT_20260729.yaml,1602,code_or_configuration
implementation/data/stage_o/STAGE_O_PROTOCOL_20260729.md,5804,documentation_or_compact_evidence
implementation/data/stage_o/STAGE_O_PROTOCOL_TIMESTAMP_CLARIFICATION_20260729.yaml,1308,code_or_configuration
implementation/data/stage_o/STAGE_O_SELECTION_20260729.json,4999,code_or_configuration
implementation/data/stage_o/STAGE_O_STAGE_J_PRESERVATION_20260729.json,11374,code_or_configuration
implementation/data/stage_o/STAGE_O_STAGE_K_PRESERVATION_20260729.json,18153,code_or_configuration
implementation/data/STAGE_O_LOW_LIGHT_ADAPTATION_REPORT.md,14533,documentation_or_compact_evidence
implementation/data/stage_p/STAGE_P_ARTIFACT_REGISTRY_20260729.yaml,13210,code_or_configuration
implementation/data/stage_p/STAGE_P_FINAL_NIGHT_PARKING_DATA_GATE_20260729.yaml,2568,code_or_configuration
implementation/data/stage_p/STAGE_P_NDISPARK_DATA_AUDIT_20260729.md,2575,documentation_or_compact_evidence
implementation/data/stage_p/STAGE_P_NDISPARK_DATA_GATE_20260729.yaml,1301,code_or_configuration
implementation/data/stage_p/STAGE_P_PARKING_RETENTION_DECISION_20260729.json,1343,code_or_configuration
implementation/data/STAGE_P_PARKING_DOMAIN_VALIDATION_REPORT.md,10057,documentation_or_compact_evidence
implementation/data/stage_q/STAGE_Q_ARTIFACT_REGISTRY_20260729.yaml,6531,code_or_configuration
implementation/data/stage_q/STAGE_Q_CANDIDATE_GATE_20260729.yaml,5756,code_or_configuration
implementation/data/stage_q/STAGE_Q_ONLINE_DATASET_AUDIT_20260729.md,6817,documentation_or_compact_evidence
implementation/data/STAGE_Q_EXTERNAL_NIGHT_OCCUPANCY_REPORT.md,11458,documentation_or_compact_evidence
implementation/data/stage_q_v2/STAGE_Q_V2_ANNOTATION_FREEZE_20260729.yaml,2659,code_or_configuration
implementation/data/stage_q_v2/STAGE_Q_V2_ARTIFACT_REGISTRY_20260729.yaml,298206,code_or_configuration
implementation/data/stage_q_v2/STAGE_Q_V2_FORMAL_ATTEMPT_V1_FAILURE_20260729.yaml,1749,code_or_configuration
implementation/data/stage_q_v2/STAGE_Q_V2_NIGHT_TEST_GATE_20260729.yaml,2026,code_or_configuration
implementation/data/stage_q_v2/STAGE_Q_V2_OCCUPANCY_TRUTH_20260729.csv,174683,documentation_or_compact_evidence
implementation/data/stage_q_v2/STAGE_Q_V2_POLYGON_CONFIRMATION_20260729.yaml,1464,code_or_configuration
implementation/data/stage_q_v2/STAGE_Q_V2_POLYGON_VALIDATION_20260729.png,850958,presentation_artifact
implementation/data/stage_q_v2/STAGE_Q_V2_SEQUENCE_CONTACT_SHEET_20260729.png,13493371,presentation_artifact
implementation/data/stage_q_v2/STAGE_Q_V2_SEQUENCE_INVENTORY_20260729.csv,8047,documentation_or_compact_evidence
implementation/data/stage_q_v2/STAGE_Q_V2_SLOT_POLYGONS_20260729.json,2728,code_or_configuration
implementation/data/stage_q_v2/STAGE_Q_V2_SOURCE_ARCHIVE_AUDIT_20260729.yaml,1619,code_or_configuration
implementation/data/stage_q_v2/STAGE_Q_V2_STRUCTURE_AUDIT_20260729.md,6271,documentation_or_compact_evidence
implementation/data/stage_q_v2/STAGE_Q_V2_TEST_IMAGE_MANIFEST_20260729.csv,72184,documentation_or_compact_evidence
implementation/data/stage_q_v2/STAGE_Q_V2_TEST_SCENE_SELECTION_20260729.yaml,11054,code_or_configuration
implementation/data/stage_q_v2/UPM_GTI_USE_CONFIRMATION_EMAIL_TEMPLATE.md,747,documentation_or_compact_evidence
implementation/data/STAGE_Q_V2_UPM_GTI_EXTERNAL_EVALUATION_REPORT.md,12121,documentation_or_compact_evidence
implementation/data/stage_r/STAGE_R_ARTIFACT_REGISTRY_20260729.yaml,2671,code_or_configuration
implementation/data/stage_r/STAGE_R_COMPONENT_COMPARISON.csv,68983,documentation_or_compact_evidence
implementation/data/stage_r/STAGE_R_COMPONENT_COMPARISON.json,415483,code_or_configuration
implementation/data/stage_r/STAGE_R_COMPONENT_DELTAS.csv,49321,documentation_or_compact_evidence
implementation/data/stage_r/STAGE_R_ERROR_TRANSITIONS.csv,817,documentation_or_compact_evidence
implementation/data/stage_r/STAGE_R_FINAL_SYSTEM_EVIDENCE.csv,931,documentation_or_compact_evidence
implementation/data/stage_r/STAGE_R_SYSTEM_FLOW.svg,4446,presentation_artifact
implementation/data/stage_r/STAGE_R_TEMPORAL_VALIDITY_AUDIT.csv,9143,documentation_or_compact_evidence
implementation/data/STAGE_R_COMPONENT_ATTRIBUTION_REPORT.md,17716,documentation_or_compact_evidence
implementation/data/stage_s/demo/demo_keyframe_d1_vs_d1ll.png,990156,presentation_artifact
implementation/data/stage_s/demo/demo_keyframe_default.png,696675,presentation_artifact
implementation/data/stage_s/demo/demo_keyframe_f2_recovery.png,708465,presentation_artifact
implementation/data/stage_s/demo/demo_main.mp4,7756276,presentation_artifact
implementation/data/stage_s/demo/STAGE_S_DEMO_METADATA.json,13089,code_or_configuration
implementation/data/stage_s/STAGE_S_FINAL_SYSTEM_EVIDENCE.csv,796,documentation_or_compact_evidence
implementation/data/stage_s/STAGE_S_HISTORICAL_REGISTRY_GATE.json,304,code_or_configuration
implementation/data/stage_s/STAGE_S_HISTORICAL_REGISTRY_POST_SNAPSHOT.json,3452,code_or_configuration
implementation/data/stage_s/STAGE_S_HISTORICAL_REGISTRY_PRE_SNAPSHOT.json,3452,code_or_configuration
implementation/data/stage_s/STAGE_S_SUBMISSION_AUDIT.json,87953,code_or_configuration
implementation/data/stage_s/STAGE_S_SUBMISSION_CANDIDATES.csv,48449,documentation_or_compact_evidence
implementation/data/STAGE_S_FINAL_DEFAULT_AND_DEMO_REPORT.md,6683,documentation_or_compact_evidence
implementation/data/SYSTEM_RELEASE_INDEX.md,1813,documentation_or_compact_evidence
implementation/data/training/d1_formal_training_20260727.yaml,8272,code_or_configuration
implementation/data/training/D1_FORMAL_TRAINING_FROZEN_CHECKSUMS.yaml,277,code_or_configuration
implementation/data/training/d1_gpu_decision_20260727.yaml,4417,code_or_configuration
implementation/data/training/D1_GPU_DECISION_FROZEN_CHECKSUMS.yaml,427,code_or_configuration
implementation/data/training/d1_ndispark_smoke_20260727.yaml,6411,code_or_configuration
implementation/data/training/D1_SMOKE_FROZEN_CHECKSUMS.yaml,274,code_or_configuration
implementation/literature_core/.gitignore,65,other
implementation/literature_core/CONFIG_AUDIT.md,4013,documentation_or_compact_evidence
implementation/literature_core/configs/default.yaml,875,code_or_configuration
implementation/literature_core/configs/external_holdout_frozen.yaml,2024,code_or_configuration
implementation/literature_core/configs/grand_bassin_frozen.yaml,709,code_or_configuration
implementation/literature_core/configs/pklot_camera_split.json,198,code_or_configuration
implementation/literature_core/configs/pklot_fold_b.json,189,code_or_configuration
implementation/literature_core/configs/pklot_fold_c.json,189,code_or_configuration
implementation/literature_core/configs/proposed_fusion.yaml,1203,code_or_configuration
implementation/literature_core/configs/temporal_e4_e5_frozen.yaml,2401,code_or_configuration
implementation/literature_core/configs/temporal_protocol_pending.yaml,3396,code_or_configuration
implementation/literature_core/data/annotations/grand_bassin_bus_area_review.csv,523,documentation_or_compact_evidence
implementation/literature_core/data/annotations/grand_bassin_development_rejected_review_candidates.csv,350,documentation_or_compact_evidence
implementation/literature_core/data/annotations/grand_bassin_holdout_rejected_review_candidates.csv,160,documentation_or_compact_evidence
implementation/literature_core/data/annotations/grand_bassin_rejected_manual_hypotheses.csv,1360,documentation_or_compact_evidence
implementation/literature_core/data/annotations/grand_bassin_transition_candidate_adjudication.csv,2889,documentation_or_compact_evidence
implementation/literature_core/data/annotations/virat_0502_departure_truth.yaml,1804,code_or_configuration
implementation/literature_core/data/annotations/virat_0503_departure_truth.yaml,1820,code_or_configuration
implementation/literature_core/data/manifests/cnrpark_ext_external_holdout.yaml,2433,code_or_configuration
implementation/literature_core/data/manifests/frozen_artifacts_20260725.yaml,3403,code_or_configuration
implementation/literature_core/data/manifests/temporal_case_study_frozen_20260726.yaml,3476,code_or_configuration
implementation/literature_core/data/manifests/temporal_dataset_audit_20260726.yaml,8227,code_or_configuration
implementation/literature_core/data/manifests/virat_0503_targeted_screening_20260726.yaml,7373,code_or_configuration
implementation/literature_core/data/manifests/virat_screening_20260726.yaml,9306,code_or_configuration
implementation/literature_core/DATASET_ACCESS_BLOCKER.md,3520,documentation_or_compact_evidence
implementation/literature_core/DATASET_AUDIT.md,8943,documentation_or_compact_evidence
implementation/literature_core/EXPERIMENT_PLAN.md,11170,documentation_or_compact_evidence
implementation/literature_core/FEASIBILITY_REPORT.md,8490,documentation_or_compact_evidence
implementation/literature_core/FILE_MANIFEST.md,11854,documentation_or_compact_evidence
implementation/literature_core/METHOD_PROVENANCE.md,31379,documentation_or_compact_evidence
implementation/literature_core/pyproject.toml,696,code_or_configuration
implementation/literature_core/README.md,19768,documentation_or_compact_evidence
implementation/literature_core/REPORT_SNIPPETS.md,9523,documentation_or_compact_evidence
implementation/literature_core/requirements.txt,123,documentation_or_compact_evidence
implementation/literature_core/RESULTS.md,48781,documentation_or_compact_evidence
implementation/literature_core/scripts/acquire_virat_annotations.py,2889,code_or_configuration
implementation/literature_core/scripts/acquire_virat_screening.py,3857,code_or_configuration
implementation/literature_core/scripts/analyze_ablation_errors.py,8989,code_or_configuration
implementation/literature_core/scripts/build_transition_review.py,17200,code_or_configuration
implementation/literature_core/scripts/build_virat_screening_contact_sheet.py,4636,code_or_configuration
implementation/literature_core/scripts/draw_slot_map.py,4059,code_or_configuration
implementation/literature_core/scripts/evaluate_classifier_variants.py,10196,code_or_configuration
implementation/literature_core/scripts/evaluate_positive_stability.py,7356,code_or_configuration
implementation/literature_core/scripts/evaluate_predictions.py,5760,code_or_configuration
implementation/literature_core/scripts/extract_patches.py,2445,code_or_configuration
implementation/literature_core/scripts/run_calibrated_fusion.py,18756,code_or_configuration
implementation/literature_core/scripts/run_cnr_ext_frozen_evaluation.py,19485,code_or_configuration
implementation/literature_core/scripts/run_frozen_temporal_case_study.py,19104,code_or_configuration
implementation/literature_core/scripts/run_ndispark_detection.py,4974,code_or_configuration
implementation/literature_core/scripts/run_pklot_ablation.py,12489,code_or_configuration
implementation/literature_core/scripts/run_video.py,10010,code_or_configuration
implementation/literature_core/scripts/summarize_cross_camera.py,5704,code_or_configuration
implementation/literature_core/scripts/train_classifier.py,11002,code_or_configuration
implementation/literature_core/scripts/validate_temporal_protocol.py,1553,code_or_configuration
implementation/literature_core/scripts/verify_frozen_artifacts.py,5187,code_or_configuration
implementation/literature_core/scripts/verify_virat_screening.py,1651,code_or_configuration
implementation/literature_core/scripts/verify_yolo_world.py,2642,code_or_configuration
implementation/literature_core/src/literature_core/__init__.py,836,code_or_configuration
implementation/literature_core/src/literature_core/annotation_review.py,3279,code_or_configuration
implementation/literature_core/src/literature_core/calibration.py,13032,code_or_configuration
implementation/literature_core/src/literature_core/classifier.py,11049,code_or_configuration
implementation/literature_core/src/literature_core/cnrpark.py,5172,code_or_configuration
implementation/literature_core/src/literature_core/config.py,388,code_or_configuration
implementation/literature_core/src/literature_core/cross_validation.py,4211,code_or_configuration
implementation/literature_core/src/literature_core/data.py,6474,code_or_configuration
implementation/literature_core/src/literature_core/detector.py,8888,code_or_configuration
implementation/literature_core/src/literature_core/error_analysis.py,3428,code_or_configuration
implementation/literature_core/src/literature_core/fusion.py,2166,code_or_configuration
implementation/literature_core/src/literature_core/mapping.py,3282,code_or_configuration
implementation/literature_core/src/literature_core/metrics.py,15204,code_or_configuration
implementation/literature_core/src/literature_core/models.py,2567,code_or_configuration
implementation/literature_core/src/literature_core/patches.py,3925,code_or_configuration
implementation/literature_core/src/literature_core/pipeline.py,5319,code_or_configuration
implementation/literature_core/src/literature_core/stability.py,4676,code_or_configuration
implementation/literature_core/src/literature_core/temporal.py,2910,code_or_configuration
implementation/literature_core/src/literature_core/temporal_protocol.py,26704,code_or_configuration
implementation/literature_core/src/literature_core/temporal_tracking.py,8608,code_or_configuration
implementation/literature_core/src/literature_core/virat_access.py,13618,code_or_configuration
implementation/literature_core/tests/test_annotation_review.py,1126,code_or_configuration
implementation/literature_core/tests/test_calibration.py,2329,code_or_configuration
implementation/literature_core/tests/test_classifier.py,2307,code_or_configuration
implementation/literature_core/tests/test_cnrpark.py,1996,code_or_configuration
implementation/literature_core/tests/test_cross_validation.py,1571,code_or_configuration
implementation/literature_core/tests/test_data.py,2601,code_or_configuration
implementation/literature_core/tests/test_detector_tracking.py,504,code_or_configuration
implementation/literature_core/tests/test_error_analysis.py,1581,code_or_configuration
implementation/literature_core/tests/test_frozen_artifacts.py,2597,code_or_configuration
implementation/literature_core/tests/test_fusion.py,920,code_or_configuration
implementation/literature_core/tests/test_mapping.py,1684,code_or_configuration
implementation/literature_core/tests/test_metrics.py,4877,code_or_configuration
implementation/literature_core/tests/test_patches.py,1284,code_or_configuration
implementation/literature_core/tests/test_pipeline.py,2650,code_or_configuration
implementation/literature_core/tests/test_stability.py,1643,code_or_configuration
implementation/literature_core/tests/test_temporal.py,1293,code_or_configuration
implementation/literature_core/tests/test_temporal_protocol.py,10596,code_or_configuration
implementation/literature_core/tests/test_temporal_tracking.py,3487,code_or_configuration
implementation/literature_core/tests/test_virat_access.py,8031,code_or_configuration
implementation/literature_core/TRANSITION_AUDIT.md,6410,documentation_or_compact_evidence
implementation/metadata/ENVIRONMENT_CHECK.md,1655,documentation_or_compact_evidence
implementation/metadata/EXPERIMENT_SUMMARY.csv,1006,documentation_or_compact_evidence
implementation/metadata/FINETUNING_GATE_ASSESSMENT.md,1708,documentation_or_compact_evidence
implementation/metadata/GRAND_BASSIN_TEMPORAL_REPORT.md,3039,documentation_or_compact_evidence
implementation/metadata/NDISPARK_DETECTION_REPORT.md,1677,documentation_or_compact_evidence
implementation/metadata/PKLOT_DEVELOPMENT_REPORT.md,3139,documentation_or_compact_evidence
implementation/metadata/PKLOT_INVENTORY.json,5857,code_or_configuration
implementation/metadata/SMOKE_TEST_REPORT.md,3024,documentation_or_compact_evidence
implementation/PLAN.md,20518,documentation_or_compact_evidence
implementation/pyproject.toml,1607,code_or_configuration
implementation/README.md,31235,documentation_or_compact_evidence
implementation/requirements.txt,123,documentation_or_compact_evidence
implementation/scripts/__init__.py,52,code_or_configuration
implementation/scripts/acquire_stage_n_lmot.py,6505,code_or_configuration
implementation/scripts/analyze_gpu_decision.py,1438,code_or_configuration
implementation/scripts/analyze_stage_j_posthoc.py,1683,code_or_configuration
implementation/scripts/analyze_stage_k_strata.py,672,code_or_configuration
implementation/scripts/analyze_stage_l.py,1836,code_or_configuration
implementation/scripts/analyze_stage_r_components.py,1842,code_or_configuration
implementation/scripts/audit_stage_s_release.py,2679,code_or_configuration
implementation/scripts/benchmark_detector.py,2618,code_or_configuration
implementation/scripts/check_stage_m_data_gates.py,1564,code_or_configuration
implementation/scripts/convert_coco_detection.py,5744,code_or_configuration
implementation/scripts/convert_stage_n_lmot.py,4332,code_or_configuration
implementation/scripts/decide_stage_p_retention.py,2226,code_or_configuration
implementation/scripts/download_manifest_images.py,2560,code_or_configuration
implementation/scripts/evaluate_count_predictions.py,844,code_or_configuration
implementation/scripts/export_coco_subset.py,2734,code_or_configuration
implementation/scripts/extract_fiftyone_sample.py,3539,code_or_configuration
implementation/scripts/finalize_d1_formal.py,1212,code_or_configuration
implementation/scripts/finalize_stage_s.py,5887,code_or_configuration
implementation/scripts/find_temporal_slot_candidates.py,9480,code_or_configuration
implementation/scripts/freeze_ndispark_protocol.py,16058,code_or_configuration
implementation/scripts/freeze_p1_temporal_results.py,5139,code_or_configuration
implementation/scripts/freeze_stage_k_data_gate_v2.py,11555,code_or_configuration
implementation/scripts/freeze_stage_k_results.py,5611,code_or_configuration
implementation/scripts/freeze_stage_k_strata_results.py,3627,code_or_configuration
implementation/scripts/freeze_stage_l_results.py,4442,code_or_configuration
implementation/scripts/freeze_stage_m_artifacts.py,6801,code_or_configuration
implementation/scripts/freeze_stage_n_artifacts.py,8241,code_or_configuration
implementation/scripts/freeze_stage_n_v2_artifacts.py,5081,code_or_configuration
implementation/scripts/freeze_stage_n_v3_correction.py,5494,code_or_configuration
implementation/scripts/freeze_stage_o_artifacts.py,7388,code_or_configuration
implementation/scripts/freeze_stage_p_artifacts.py,4342,code_or_configuration
implementation/scripts/freeze_stage_q_artifacts.py,4760,code_or_configuration
implementation/scripts/freeze_stage_q_v2_artifacts.py,7910,code_or_configuration
implementation/scripts/freeze_stage_q_v2_night_gate.py,7119,code_or_configuration
implementation/scripts/freeze_stage_r_artifacts.py,2349,code_or_configuration
implementation/scripts/inventory_pklot.py,2208,code_or_configuration
implementation/scripts/make_constant_ground_truth.py,2177,code_or_configuration
implementation/scripts/make_image_video.py,1175,code_or_configuration
implementation/scripts/manifest_to_video.py,4188,code_or_configuration
implementation/scripts/pklot_metadata.py,1696,code_or_configuration
implementation/scripts/prepare_ndispark.py,1215,code_or_configuration
implementation/scripts/prepare_stage_k_pklot_candidate.py,2113,code_or_configuration
implementation/scripts/prepare_stage_n_lmot_v2.py,5738,code_or_configuration
implementation/scripts/prepare_stage_o_training.py,1371,code_or_configuration
implementation/scripts/prepare_stage_q_v2_annotations.py,4366,code_or_configuration
implementation/scripts/recompute_stage_n_v3_emitted_box_metrics.py,1552,code_or_configuration
implementation/scripts/record_stage_o_o2_blocked.py,8660,code_or_configuration
implementation/scripts/render_candidate_timelines.py,3844,code_or_configuration
implementation/scripts/render_coordinate_grid.py,2580,code_or_configuration
implementation/scripts/render_stage_k_truth_contact_sheet.py,803,code_or_configuration
implementation/scripts/render_stage_n_lmot_v2_mapping_evidence.py,3831,code_or_configuration
implementation/scripts/render_stage_s_demo.py,1001,code_or_configuration
implementation/scripts/run_d1_formal.py,1597,code_or_configuration
implementation/scripts/run_d1_smoke.py,1523,code_or_configuration
implementation/scripts/run_detector_comparison.py,2550,code_or_configuration
implementation/scripts/run_p1_temporal_case.py,1920,code_or_configuration
implementation/scripts/run_stage_i_evaluation.py,6878,code_or_configuration
implementation/scripts/run_stage_j_occupancy.py,3022,code_or_configuration
implementation/scripts/run_stage_k_occupancy.py,2096,code_or_configuration
implementation/scripts/run_stage_l_classifier_ablation.py,1446,code_or_configuration
implementation/scripts/run_stage_l_static.py,2593,code_or_configuration
implementation/scripts/run_stage_l_video.py,2496,code_or_configuration
implementation/scripts/run_stage_m.py,9140,code_or_configuration
implementation/scripts/run_stage_m_smoke.py,6780,code_or_configuration
implementation/scripts/run_stage_n_lmot.py,14961,code_or_configuration
implementation/scripts/run_stage_n_lmot_v2.py,8700,code_or_configuration
implementation/scripts/run_stage_n_synthetic_trackeval.py,4385,code_or_configuration
implementation/scripts/run_stage_o_detector_eval.py,3592,code_or_configuration
implementation/scripts/run_stage_o_p3_interface_smoke.py,5654,code_or_configuration
implementation/scripts/run_stage_o_training.py,1369,code_or_configuration
implementation/scripts/run_stage_p_retention.py,2019,code_or_configuration
implementation/scripts/run_stage_q_v2_data_audit.py,4797,code_or_configuration
implementation/scripts/run_stage_q_v2_formal.py,1285,code_or_configuration
implementation/scripts/select_annotation_frames.py,2082,code_or_configuration
implementation/scripts/select_grand_bassin_sequence.py,3796,code_or_configuration
implementation/scripts/select_pklot_subset.py,5245,code_or_configuration
implementation/scripts/select_stage_o_o1.py,4137,code_or_configuration
implementation/scripts/select_stage_o_results.py,3663,code_or_configuration
implementation/scripts/sweep_temporal_filter.py,4762,code_or_configuration
implementation/scripts/verify_d1_formal_artifacts.py,1230,code_or_configuration
implementation/scripts/verify_p1_temporal_artifacts.py,1074,code_or_configuration
implementation/scripts/verify_stage_i_artifacts.py,1104,code_or_configuration
implementation/scripts/verify_stage_i_v2_artifacts.py,1255,code_or_configuration
implementation/scripts/verify_stage_j_artifacts.py,1245,code_or_configuration
implementation/scripts/verify_stage_j_posthoc_artifacts.py,1252,code_or_configuration
implementation/scripts/verify_stage_k_artifacts.py,1184,code_or_configuration
implementation/scripts/verify_stage_k_data_gate_v2.py,1183,code_or_configuration
implementation/scripts/verify_stage_k_strata_artifacts.py,1061,code_or_configuration
implementation/scripts/verify_stage_n_lmot_v2_output.py,4993,code_or_configuration
implementation/scripts/verify_stage_n_output.py,2418,code_or_configuration
implementation/scripts/verify_stage_o_frozen_history.py,6984,code_or_configuration
implementation/scripts/verify_stage_o_outputs.py,2547,code_or_configuration
implementation/scripts/verify_stage_q_gate.py,2018,code_or_configuration
implementation/scripts/verify_stage_q_v2_premodel.py,3548,code_or_configuration
implementation/src/parking_occupancy/__init__.py,207,code_or_configuration
implementation/src/parking_occupancy/annotate_slots.py,5007,code_or_configuration
implementation/src/parking_occupancy/cli.py,5123,code_or_configuration
implementation/src/parking_occupancy/coco_conversion.py,2090,code_or_configuration
implementation/src/parking_occupancy/count_metrics.py,5123,code_or_configuration
implementation/src/parking_occupancy/dataset_preparation.py,21774,code_or_configuration
implementation/src/parking_occupancy/detection_evaluate.py,4632,code_or_configuration
implementation/src/parking_occupancy/detector.py,7746,code_or_configuration
implementation/src/parking_occupancy/detector_comparison.py,35717,code_or_configuration
implementation/src/parking_occupancy/evaluate.py,15460,code_or_configuration
implementation/src/parking_occupancy/formal_training.py,40457,code_or_configuration
implementation/src/parking_occupancy/geometry.py,5429,code_or_configuration
implementation/src/parking_occupancy/gpu_decision.py,12779,code_or_configuration
implementation/src/parking_occupancy/image_io.py,910,code_or_configuration
implementation/src/parking_occupancy/integrated_cli.py,2567,code_or_configuration
implementation/src/parking_occupancy/integrated_runner.py,26870,code_or_configuration
implementation/src/parking_occupancy/integrated_workflow.py,4599,code_or_configuration
implementation/src/parking_occupancy/method_registry.py,4991,code_or_configuration
implementation/src/parking_occupancy/models.py,1619,code_or_configuration
implementation/src/parking_occupancy/p1_temporal_case.py,22225,code_or_configuration
implementation/src/parking_occupancy/pipeline.py,16142,code_or_configuration
implementation/src/parking_occupancy/pklot_experiment.py,18515,code_or_configuration
implementation/src/parking_occupancy/sequence_io.py,412,code_or_configuration
implementation/src/parking_occupancy/slots.py,4361,code_or_configuration
implementation/src/parking_occupancy/stage_i_evaluation.py,67106,code_or_configuration
implementation/src/parking_occupancy/stage_j_occupancy.py,27823,code_or_configuration
implementation/src/parking_occupancy/stage_j_posthoc_analysis.py,21831,code_or_configuration
implementation/src/parking_occupancy/stage_k_data_gate.py,22919,code_or_configuration
implementation/src/parking_occupancy/stage_k_occupancy.py,22343,code_or_configuration
implementation/src/parking_occupancy/stage_k_stratified_analysis.py,7591,code_or_configuration
implementation/src/parking_occupancy/stage_l_analysis.py,5913,code_or_configuration
implementation/src/parking_occupancy/stage_l_classifier_ablation.py,7224,code_or_configuration
implementation/src/parking_occupancy/stage_l_integrated.py,18545,code_or_configuration
implementation/src/parking_occupancy/stage_l_video.py,24388,code_or_configuration
implementation/src/parking_occupancy/stage_m_data_gate.py,6726,code_or_configuration
implementation/src/parking_occupancy/stage_m_evaluation.py,23422,code_or_configuration
implementation/src/parking_occupancy/stage_m_tracking.py,25519,code_or_configuration
implementation/src/parking_occupancy/stage_n_lmot.py,35150,code_or_configuration
implementation/src/parking_occupancy/stage_n_lmot_v2.py,23885,code_or_configuration
implementation/src/parking_occupancy/stage_n_v3_correction.py,11107,code_or_configuration
implementation/src/parking_occupancy/stage_o_artifacts.py,5954,code_or_configuration
implementation/src/parking_occupancy/stage_o_enhancement.py,4740,code_or_configuration
implementation/src/parking_occupancy/stage_o_low_light.py,32672,code_or_configuration
implementation/src/parking_occupancy/stage_o_training.py,25844,code_or_configuration
implementation/src/parking_occupancy/stage_p_artifacts.py,3302,code_or_configuration
implementation/src/parking_occupancy/stage_p_retention.py,40028,code_or_configuration
implementation/src/parking_occupancy/stage_q_artifacts.py,2117,code_or_configuration
implementation/src/parking_occupancy/stage_q_external.py,14774,code_or_configuration
implementation/src/parking_occupancy/stage_q_v2_artifacts.py,4212,code_or_configuration
implementation/src/parking_occupancy/stage_q_v2_evaluation.py,47633,code_or_configuration
implementation/src/parking_occupancy/stage_q_v2_upm.py,25256,code_or_configuration
implementation/src/parking_occupancy/stage_r_component_attribution.py,45909,code_or_configuration
implementation/src/parking_occupancy/stage_s_demo.py,21947,code_or_configuration
implementation/src/parking_occupancy/stage_s_release.py,16202,code_or_configuration
implementation/src/parking_occupancy/temporal.py,3286,code_or_configuration
implementation/src/parking_occupancy/training_smoke.py,25502,code_or_configuration
implementation/src/parking_occupancy/visualization.py,2469,code_or_configuration
implementation/tests/test_coco_conversion.py,1033,code_or_configuration
implementation/tests/test_count_metrics.py,1815,code_or_configuration
implementation/tests/test_dataset_preparation.py,7224,code_or_configuration
implementation/tests/test_detector.py,1130,code_or_configuration
implementation/tests/test_detector_comparison.py,17834,code_or_configuration
implementation/tests/test_evaluate.py,4250,code_or_configuration
implementation/tests/test_formal_training.py,5095,code_or_configuration
implementation/tests/test_formal_training_freeze.py,1541,code_or_configuration
implementation/tests/test_freeze_ndispark_protocol.py,5225,code_or_configuration
implementation/tests/test_geometry.py,1965,code_or_configuration
implementation/tests/test_gpu_decision.py,3996,code_or_configuration
implementation/tests/test_gpu_decision_freeze.py,1676,code_or_configuration
implementation/tests/test_image_io.py,426,code_or_configuration
implementation/tests/test_integrated_runner.py,7346,code_or_configuration
implementation/tests/test_integrated_workflow.py,3164,code_or_configuration
implementation/tests/test_manifest_to_video.py,320,code_or_configuration
implementation/tests/test_method_registry.py,2083,code_or_configuration
implementation/tests/test_p1_temporal_case.py,2369,code_or_configuration
implementation/tests/test_pipeline_outputs.py,4230,code_or_configuration
implementation/tests/test_pklot_experiment.py,1337,code_or_configuration
implementation/tests/test_slots.py,1956,code_or_configuration
implementation/tests/test_stage_i_evaluation.py,16156,code_or_configuration
implementation/tests/test_stage_j_occupancy.py,4187,code_or_configuration
implementation/tests/test_stage_j_posthoc_analysis.py,5500,code_or_configuration
implementation/tests/test_stage_k_data_gate.py,5690,code_or_configuration
implementation/tests/test_stage_k_occupancy.py,3069,code_or_configuration
implementation/tests/test_stage_k_stratified_analysis.py,1735,code_or_configuration
implementation/tests/test_stage_l_analysis.py,2595,code_or_configuration
implementation/tests/test_stage_l_integrated.py,1682,code_or_configuration
implementation/tests/test_stage_m_data_gate.py,4500,code_or_configuration
implementation/tests/test_stage_m_evaluation.py,5153,code_or_configuration
implementation/tests/test_stage_m_tracking.py,6380,code_or_configuration
implementation/tests/test_stage_n_lmot.py,10472,code_or_configuration
implementation/tests/test_stage_n_lmot_v2.py,4872,code_or_configuration
implementation/tests/test_stage_n_v3_correction.py,2145,code_or_configuration
implementation/tests/test_stage_o_artifacts.py,3890,code_or_configuration
implementation/tests/test_stage_o_low_light.py,11481,code_or_configuration
implementation/tests/test_stage_o_training.py,4226,code_or_configuration
implementation/tests/test_stage_p_artifacts.py,2786,code_or_configuration
implementation/tests/test_stage_p_retention.py,8566,code_or_configuration
implementation/tests/test_stage_q_artifacts.py,1653,code_or_configuration
implementation/tests/test_stage_q_external.py,8484,code_or_configuration
implementation/tests/test_stage_q_v2_artifacts.py,4422,code_or_configuration
implementation/tests/test_stage_q_v2_evaluation.py,12418,code_or_configuration
implementation/tests/test_stage_q_v2_upm.py,8556,code_or_configuration
implementation/tests/test_stage_r_component_attribution.py,4976,code_or_configuration
implementation/tests/test_stage_s_demo.py,2558,code_or_configuration
implementation/tests/test_stage_s_release.py,3524,code_or_configuration
implementation/tests/test_temporal.py,1888,code_or_configuration
implementation/tests/test_training_smoke.py,9727,code_or_configuration
implementation/tests/test_training_smoke_freeze.py,791,code_or_configuration
literature_review/chinese_reading_notes/P01_YOLO-World_中文导读.md,2742,documentation_or_compact_evidence
literature_review/chinese_reading_notes/P02_Multi-Object_Tracking_in_the_Dark_中文导读.md,2477,documentation_or_compact_evidence
literature_review/chinese_reading_notes/P03_DiffMOT_中文导读.md,2264,documentation_or_compact_evidence
literature_review/chinese_reading_notes/P04_Generalizable_MOT_中文导读.md,2280,documentation_or_compact_evidence
literature_review/chinese_reading_notes/P05_TrackTrack_中文导读.md,2210,documentation_or_compact_evidence
literature_review/chinese_reading_notes/P06_MOTIP_中文导读.md,2094,documentation_or_compact_evidence
literature_review/chinese_reading_notes/P07_AODRaw_中文导读.md,2314,documentation_or_compact_evidence
literature_review/chinese_reading_notes/P08_MoME_中文导读.md,2004,documentation_or_compact_evidence
literature_review/chinese_reading_notes/P09_OW-OVD_中文导读.md,2165,documentation_or_compact_evidence
literature_review/chinese_reading_notes/P10_WeatherAware_Segmentation_中文导读.md,1834,documentation_or_compact_evidence
literature_review/chinese_reading_notes/P11_DeCLIP_中文导读.md,1908,documentation_or_compact_evidence
literature_review/chinese_reading_notes/P12_SearchDet_中文导读.md,1968,documentation_or_compact_evidence
literature_review/chinese_reading_notes/P13_OmniTrack_中文导读.md,1756,documentation_or_compact_evidence
literature_review/chinese_reading_notes/P14_MITracker_中文导读.md,1720,documentation_or_compact_evidence
literature_review/chinese_reading_notes/P15_EventCamera_Detection_中文导读.md,1760,documentation_or_compact_evidence
literature_review/chinese_reading_notes/P16_Cant_Slow_Me_Down_中文导读.md,1927,documentation_or_compact_evidence
literature_review/chinese_reading_notes/README_中文阅读指南.md,2190,documentation_or_compact_evidence
literature_review/condensed_literature_review_10refs.md,10648,documentation_or_compact_evidence
literature_review/coursework_aligned_literature_review.md,39125,documentation_or_compact_evidence
literature_review/coursework_requirements_extracted.txt,4674,documentation_or_compact_evidence
literature_review/final_comparison_table.md,2734,documentation_or_compact_evidence
literature_review/final_literature_review.md,25796,documentation_or_compact_evidence
literature_review/metadata/candidate_papers.md,6316,documentation_or_compact_evidence
literature_review/metadata/code_availability.md,3367,documentation_or_compact_evidence
literature_review/metadata/condensed_10refs_selection.md,3406,documentation_or_compact_evidence
literature_review/metadata/coursework_alignment_assessment.md,2216,documentation_or_compact_evidence
literature_review/metadata/dataset_availability.md,8014,documentation_or_compact_evidence
literature_review/metadata/evaluation_metrics_plan.md,3997,documentation_or_compact_evidence
literature_review/metadata/overall_plan.md,1349,documentation_or_compact_evidence
literature_review/metadata/paper_collection_plan.md,1433,documentation_or_compact_evidence
literature_review/metadata/parking_specific_solution_comparison.md,2383,documentation_or_compact_evidence
literature_review/metadata/references.bib,9165,other
literature_review/metadata/role2_prompt_alignment_notes.md,1747,documentation_or_compact_evidence
literature_review/notes/selected_paper_notes.md,6812,documentation_or_compact_evidence
literature_review/paper_comparison_table.md,2928,documentation_or_compact_evidence
literature_review/review_draft.md,13935,documentation_or_compact_evidence
literature_review/role2_method_based_literature_review.md,32597,documentation_or_compact_evidence
literature_review/role2_reference_list.md,1953,documentation_or_compact_evidence
pytest.ini,215,other
