image_id,frame_index,local_path,bytes,sha256
1,0,data/raw/grand_bassin/images/stream_gbassinexch1.stream_2023-02-16_13-30-33/a96d32bc_f0000000.jpg,525512,803375c22257215a37674bebf413511a76adea48703ff8d1d6679c0983eddb4d
2,15,data/raw/grand_bassin/images/stream_gbassinexch1.stream_2023-02-16_13-30-33/a96d32bc_f0000015.jpg,530479,750d40915d808c8e49d63af827853b59bf8d601c86e79ccd7f3f5909f1888aba
3,30,data/raw/grand_bassin/images/stream_gbassinexch1.stream_2023-02-16_13-30-33/a96d32bc_f0000030.jpg,409929,e4bde652a652012d3783880e739245dbd0ac0155391f6345a578cbc4516715eb
4,45,data/raw/grand_bassin/images/stream_gbassinexch1.stream_2023-02-16_13-30-33/a96d32bc_f0000045.jpg,534203,3aea85a14132de3a59ddfd4f8fb02d0cc5b92e32f1efa9d90109491e39c34c2e
5,60,data/raw/grand_bassin/images/stream_gbassinexch1.stream_2023-02-16_13-30-33/a96d32bc_f0000060.jpg,534702,9404711b20826795d987262abbfbaeaeb528a00a65b0e7dcacde57f9e4daaf8e
6,75,data/raw/grand_bassin/images/stream_gbassinexch1.stream_2023-02-16_13-30-33/a96d32bc_f0000075.jpg,535255,8897d2af5756bf1fc7c2a899fa738cac839ed9fd29c03d40e26e9e7ebc1f9bd1
7,90,data/raw/grand_bassin/images/stream_gbassinexch1.stream_2023-02-16_13-30-33/a96d32bc_f0000090.jpg,535831,ceaa1b350521c022967b5d8622ff8c87d77963e06a9de3546910e83e014ea455
8,105,data/raw/grand_bassin/images/stream_gbassinexch1.stream_2023-02-16_13-30-33/a96d32bc_f0000105.jpg,536931,69782abc116c03d0e32047da14d10cdd89e86482542623963bbb2f723992d688
9,120,data/raw/grand_bassin/images/stream_gbassinexch1.stream_2023-02-16_13-30-33/a96d32bc_f0000120.jpg,538260,4132b2203e4d4123e3f39cd748864c89041a01ffa04252ad57e4eb2a6ebbc3fb
10,135,data/raw/grand_bassin/images/stream_gbassinexch1.stream_2023-02-16_13-30-33/a96d32bc_f0000135.jpg,539203,8f262baa092fd24e20c51f62b96ec1d7d2c3dd7d2117fe3f29c57662e9d6db49
11,150,data/raw/grand_bassin/images/stream_gbassinexch1.stream_2023-02-16_13-30-33/a96d32bc_f0000150.jpg,540690,ce0d9053562917344c489959134f2801e2bb0bc6189bd30a017f64d7bd5d80d5
12,165,data/raw/grand_bassin/images/stream_gbassinexch1.stream_2023-02-16_13-30-33/a96d32bc_f0000165.jpg,541379,7dab0c2ee67c8875fab5f717a5b380ec931665d5398eb9b972d927b0869a9234
13,180,data/raw/grand_bassin/images/stream_gbassinexch1.stream_2023-02-16_13-30-33/a96d32bc_f0000180.jpg,526285,c42d0ce4827214fd82f5b5b4bbe8b07a4166314a115e32d329e4c3454ebe6e90
14,195,data/raw/grand_bassin/images/stream_gbassinexch1.stream_2023-02-16_13-30-33/a96d32bc_f0000195.jpg,531015,af025ce959b9b3225ada75532dd1785e4bc39d9834e1ac5f014331283a78add4
15,210,data/raw/grand_bassin/images/stream_gbassinexch1.stream_2023-02-16_13-30-33/a96d32bc_f0000210.jpg,533185,0f4f22eff365e5cc21456640c490821aa34e8de9deb8aebeb5837ae69e025fa9
16,225,data/raw/grand_bassin/images/stream_gbassinexch1.stream_2023-02-16_13-30-33/a96d32bc_f0000225.jpg,534775,df6a45b832e873f04c1d3d8a5769826efc2ce636c087dec67bf2e14900ca828d
17,240,data/raw/grand_bassin/images/stream_gbassinexch1.stream_2023-02-16_13-30-33/a96d32bc_f0000240.jpg,535632,ba332e08344f4d888478e20797d87e719a82bfd1fa090a8f87730574ec1a4e84
18,255,data/raw/grand_bassin/images/stream_gbassinexch1.stream_2023-02-16_13-30-33/a96d32bc_f0000255.jpg,536432,fef8b2402a522b13d0dde0c3b264259853ea27b796335b9cc2676f7713752733
19,270,data/raw/grand_bassin/images/stream_gbassinexch1.stream_2023-02-16_13-30-33/a96d32bc_f0000270.jpg,538101,0f2f7c318707f928cd322302950cc933a8d878cd3564749d6c62a4ab13d366f8
20,285,data/raw/grand_bassin/images/stream_gbassinexch1.stream_2023-02-16_13-30-33/a96d32bc_f0000285.jpg,539881,4a81f6a2de167e39399af88cec19711868c8ba5c1bf99b1217ced58311349f1a
21,300,data/raw/grand_bassin/images/stream_gbassinexch1.stream_2023-02-16_13-30-33/a96d32bc_f0000300.jpg,540922,efa1146c068d7438006b5061dc23dcc68780504d51e1105e622c1241653af550
22,315,data/raw/grand_bassin/images/stream_gbassinexch1.stream_2023-02-16_13-30-33/a96d32bc_f0000315.jpg,542534,bfbe769cfdd842ba515728c127f29a763fd38b0222ce39515b6e80cceb1b2d63
23,330,data/raw/grand_bassin/images/stream_gbassinexch1.stream_2023-02-16_13-30-33/a96d32bc_f0000330.jpg,542913,b14edf1b0a461d522d4ef3090cedb571af8cb4edac81d1e87fc36f1dc29ef71b
24,345,data/raw/grand_bassin/images/stream_gbassinexch1.stream_2023-02-16_13-30-33/a96d32bc_f0000345.jpg,542413,2938b2ad3efdb3dc31073ff66b236ff3aa1a6e57a0f7c9ce75a5e1e9c9758041
25,360,data/raw/grand_bassin/images/stream_gbassinexch1.stream_2023-02-16_13-30-33/a96d32bc_f0000360.jpg,527830,56f97814e2758494306a08b76fcd8873ca4cf7f915617cac84ad9d5afc73a19c
26,375,data/raw/grand_bassin/images/stream_gbassinexch1.stream_2023-02-16_13-30-33/a96d32bc_f0000375.jpg,531318,137addd932321e27ca60aaab102786c22c6ab9d926c085e7871a2b88b20400ce
27,390,data/raw/grand_bassin/images/stream_gbassinexch1.stream_2023-02-16_13-30-33/a96d32bc_f0000390.jpg,533880,eb2eeec3962c1249d0866495ed231066048b64fe674cc599e57737f044989e71
28,405,data/raw/grand_bassin/images/stream_gbassinexch1.stream_2023-02-16_13-30-33/a96d32bc_f0000405.jpg,536187,7e1a1e8222113ab0bfb3df3d8ac6627d7f0ee065a791a407df4e67347b02409a
29,420,data/raw/grand_bassin/images/stream_gbassinexch1.stream_2023-02-16_13-30-33/a96d32bc_f0000420.jpg,536435,b90ea2897ea2c7220367a25fb9a3da7f91febeb72f80dd50fa9ef6a160ff2d28
30,435,data/raw/grand_bassin/images/stream_gbassinexch1.stream_2023-02-16_13-30-33/a96d32bc_f0000435.jpg,536920,6d08f46aba8e74dbcb016b0d07fb58f8fd53982f771ab8fd7e87049fa7212add
31,450,data/raw/grand_bassin/images/stream_gbassinexch1.stream_2023-02-16_13-30-33/a96d32bc_f0000450.jpg,536959,96efbf912b29bc48af0d147b67362f780a8c386ad95d2aadd44178fb79692c1e
32,465,data/raw/grand_bassin/images/stream_gbassinexch1.stream_2023-02-16_13-30-33/a96d32bc_f0000465.jpg,538261,5090bfe5e99cd389817ba60e581ad11249baf7be8a44dffddda3219b5c202828
33,480,data/raw/grand_bassin/images/stream_gbassinexch1.stream_2023-02-16_13-30-33/a96d32bc_f0000480.jpg,538929,a5d1ebe5fa6ed7d66ee5636ef9b9b0f91269b69ac57a71ca26cd249a465d914c
34,495,data/raw/grand_bassin/images/stream_gbassinexch1.stream_2023-02-16_13-30-33/a96d32bc_f0000495.jpg,539692,a05e65fa761335a0d526aa03073975cec465f86fdc6095edb5b61108d7b41f08
35,510,data/raw/grand_bassin/images/stream_gbassinexch1.stream_2023-02-16_13-30-33/a96d32bc_f0000510.jpg,539121,46877fb0b19f195d49c1aabfb942385befca3b67a26ae76ead0a719912810026
36,525,data/raw/grand_bassin/images/stream_gbassinexch1.stream_2023-02-16_13-30-33/a96d32bc_f0000525.jpg,539218,b7ae1794ff12ddc94102225bdea3cc9acd5bd4764ace7c86e8fec144eb278c25
37,540,data/raw/grand_bassin/images/stream_gbassinexch1.stream_2023-02-16_13-30-33/a96d32bc_f0000540.jpg,526407,15c89de5ee710aeeb536d05a924702b3afdc7d87bb0f015e06b8da6a24f434c3
38,555,data/raw/grand_bassin/images/stream_gbassinexch1.stream_2023-02-16_13-30-33/a96d32bc_f0000555.jpg,529387,c324fd86d861070f617861abe5f70beca60d8e6227cb5edd348f632630fd192d
39,570,data/raw/grand_bassin/images/stream_gbassinexch1.stream_2023-02-16_13-30-33/a96d32bc_f0000570.jpg,531103,0f2731d3a65681b69d5e11c90fc1df9449527aae7cce9de63dcca6ab91cd4ac7
40,585,data/raw/grand_bassin/images/stream_gbassinexch1.stream_2023-02-16_13-30-33/a96d32bc_f0000585.jpg,532905,e8aee9cd6d35a0db2b0c04797286fdd4777621e4f3db02d8b15e3b5a2e5c0be2
41,600,data/raw/grand_bassin/images/stream_gbassinexch1.stream_2023-02-16_13-30-33/a96d32bc_f0000600.jpg,533366,26630dfcaa60545b1fdf6f9bb3f1fe79ab6495c3bb450dfa165e10eda487f2c8
42,615,data/raw/grand_bassin/images/stream_gbassinexch1.stream_2023-02-16_13-30-33/a96d32bc_f0000615.jpg,533260,b10d5cc09df0abb73f65be80627a79626bacaeea789706635180307e09b4c4bf
43,630,data/raw/grand_bassin/images/stream_gbassinexch1.stream_2023-02-16_13-30-33/a96d32bc_f0000630.jpg,534076,806426c65ba94ca1d709c61c24da88164df4b25130f33131d4d7d06da91ec391
44,645,data/raw/grand_bassin/images/stream_gbassinexch1.stream_2023-02-16_13-30-33/a96d32bc_f0000645.jpg,534865,19199d5c9ddec79802ace11f2dceead6d8919544f6978c862f391b00a9bdb3ae
45,660,data/raw/grand_bassin/images/stream_gbassinexch1.stream_2023-02-16_13-30-33/a96d32bc_f0000660.jpg,536107,148b93ae58b166a9a58eb24c231725fd508807da32ebb7ba1b968d404f06fe7f
46,675,data/raw/grand_bassin/images/stream_gbassinexch1.stream_2023-02-16_13-30-33/a96d32bc_f0000675.jpg,537044,d3e91221574a03b261c48c198deb4339a6c59574ba6476605790edf15a00d985
47,690,data/raw/grand_bassin/images/stream_gbassinexch1.stream_2023-02-16_13-30-33/a96d32bc_f0000690.jpg,537846,c11450686b2afb367c16384e84cc8dfcced8da00c2b2e59143226fb82ca5a9d7
48,705,data/raw/grand_bassin/images/stream_gbassinexch1.stream_2023-02-16_13-30-33/a96d32bc_f0000705.jpg,538953,af28958b615820dc4f44df329d9f7b3d6a41575020bf095e10e9f39ce14bcbeb
49,720,data/raw/grand_bassin/images/stream_gbassinexch1.stream_2023-02-16_13-30-33/a96d32bc_f0000720.jpg,526465,a47b74ea44aaf01641f481a7bc549e04b786d01e6acb1337db956e2854a50145
50,735,data/raw/grand_bassin/images/stream_gbassinexch1.stream_2023-02-16_13-30-33/a96d32bc_f0000735.jpg,529321,801b987d7681f6a92673e29c70d39b90b96722e14a838335254a24d006629916
51,750,data/raw/grand_bassin/images/stream_gbassinexch1.stream_2023-02-16_13-30-33/a96d32bc_f0000750.jpg,531065,0ac25e24b513ee6e5570e960bbe08d12730ac31d8a27eb0815323aedfe6b6a4f
52,765,data/raw/grand_bassin/images/stream_gbassinexch1.stream_2023-02-16_13-30-33/a96d32bc_f0000765.jpg,532798,ae084dab05165870160423d7665d2ca01cfeb2098112ca1aa9cac7e6a4108df2
53,780,data/raw/grand_bassin/images/stream_gbassinexch1.stream_2023-02-16_13-30-33/a96d32bc_f0000780.jpg,533749,877050008b66e65f031fa8a9759d6970a2d5489c02775d51d49840ed1b318de4
54,795,data/raw/grand_bassin/images/stream_gbassinexch1.stream_2023-02-16_13-30-33/a96d32bc_f0000795.jpg,535076,da3b3a36e8b10ae8d650abb3fa1af7ebd0f373f3900ec50faddb649f9111762c
55,810,data/raw/grand_bassin/images/stream_gbassinexch1.stream_2023-02-16_13-30-33/a96d32bc_f0000810.jpg,536488,453b53fdcaf6e2313d1873c40ad62e75fac24610341eee754343b68ef0436f2f
56,825,data/raw/grand_bassin/images/stream_gbassinexch1.stream_2023-02-16_13-30-33/a96d32bc_f0000825.jpg,537938,7fd19955dc2baadf411173ca60ff4072fbfd5b6d1b80c3493cb3727229f9293a
57,840,data/raw/grand_bassin/images/stream_gbassinexch1.stream_2023-02-16_13-30-33/a96d32bc_f0000840.jpg,538614,2179dea188c34b3dc53d1dc25d9da7a5d7f3953f1aadb946aab286de6823dfd5
58,855,data/raw/grand_bassin/images/stream_gbassinexch1.stream_2023-02-16_13-30-33/a96d32bc_f0000855.jpg,539465,4c287e2d0c3f93c19bb50240c08c93a88a0e70081b932369236181b3d5442518
59,870,data/raw/grand_bassin/images/stream_gbassinexch1.stream_2023-02-16_13-30-33/a96d32bc_f0000870.jpg,540471,9fd0120c6134fead1d763eb55e29a7fb66ba0b0b81ddc69501cf7936abb09a5c
60,885,data/raw/grand_bassin/images/stream_gbassinexch1.stream_2023-02-16_13-30-33/a96d32bc_f0000885.jpg,541186,a0bea47c0efed26e6e5919db255650ae576085eb3ecc3ec23095156c364edd3d
61,900,data/raw/grand_bassin/images/stream_gbassinexch1.stream_2023-02-16_13-30-33/a96d32bc_f0000900.jpg,529140,6e927be2ee4d78fde2aed875cc029f84747e91e15f4983e0225684d5750e194d
62,915,data/raw/grand_bassin/images/stream_gbassinexch1.stream_2023-02-16_13-30-33/a96d32bc_f0000915.jpg,531624,873d6dbe6443d0f0e3ecd66ed5d26cc1167bc147936f4faf8592395be1358271
63,930,data/raw/grand_bassin/images/stream_gbassinexch1.stream_2023-02-16_13-30-33/a96d32bc_f0000930.jpg,532735,ac675dceb9bb9235bbcc323c4f3007896b438780ed13ed74d5e77146cd9adcad
64,945,data/raw/grand_bassin/images/stream_gbassinexch1.stream_2023-02-16_13-30-33/a96d32bc_f0000945.jpg,533805,98d0a562fd261099bfecaf318a77dcca396e613e46b4584bb33b319491e8effa
65,960,data/raw/grand_bassin/images/stream_gbassinexch1.stream_2023-02-16_13-30-33/a96d32bc_f0000960.jpg,535094,99ec99028d10a94c1fb02c666888bf8ba29e0f159ea96804a79e04df4829f7bb
66,975,data/raw/grand_bassin/images/stream_gbassinexch1.stream_2023-02-16_13-30-33/a96d32bc_f0000975.jpg,535898,e19f2013414d382cb2e7b44789cd05d84adcf8b229cf03d74e86ce83864c6d07
67,990,data/raw/grand_bassin/images/stream_gbassinexch1.stream_2023-02-16_13-30-33/a96d32bc_f0000990.jpg,536806,62fe36719427cc618ed5968096eac69e6401e1a6e67afed788f2f658df6c5f79
68,1005,data/raw/grand_bassin/images/stream_gbassinexch1.stream_2023-02-16_13-30-33/a96d32bc_f0001005.jpg,537507,93e4ce1644c315de16f384b27396dfc078c6b077d95d3c1b15c19334855de587
69,1020,data/raw/grand_bassin/images/stream_gbassinexch1.stream_2023-02-16_13-30-33/a96d32bc_f0001020.jpg,538740,e26c91da1a85bd7eb69b76148e0b5798547edd66f87d687e2283da8b4a6e5026
70,1035,data/raw/grand_bassin/images/stream_gbassinexch1.stream_2023-02-16_13-30-33/a96d32bc_f0001035.jpg,539710,525664e18db5926fb7ecc0547703a21ad5037815d9bb192f08453b98e72fa612
71,1050,data/raw/grand_bassin/images/stream_gbassinexch1.stream_2023-02-16_13-30-33/a96d32bc_f0001050.jpg,540624,dea4b5ebd52ac795b847ac9f190686c617ae6430d6580d016ecf0d6f9436e12d
72,1065,data/raw/grand_bassin/images/stream_gbassinexch1.stream_2023-02-16_13-30-33/a96d32bc_f0001065.jpg,541642,dd2121512cbd49183ab1329126f8ef8947324d2d6a618e63d9ccd8c6affd60ea
73,1080,data/raw/grand_bassin/images/stream_gbassinexch1.stream_2023-02-16_13-30-33/a96d32bc_f0001080.jpg,529991,82624fd8bd973006495bbda7573a98f2626eb5af1419fd1c5d494e4b76b11f01
74,1095,data/raw/grand_bassin/images/stream_gbassinexch1.stream_2023-02-16_13-30-33/a96d32bc_f0001095.jpg,532151,8bf59b3375fe22862623ad8082970fb47c442644b0f4cfb9815e7745729366a7
75,1110,data/raw/grand_bassin/images/stream_gbassinexch1.stream_2023-02-16_13-30-33/a96d32bc_f0001110.jpg,533756,8c263380e7c2056dece152da19b8ae65e1818316f847c0fbf2e1c6ec60025531
76,1125,data/raw/grand_bassin/images/stream_gbassinexch1.stream_2023-02-16_13-30-33/a96d32bc_f0001125.jpg,535022,8b5b2cf2eac10c1cda6cec8c8888396ea295dc97bb89806335840d716301f7a3
77,1140,data/raw/grand_bassin/images/stream_gbassinexch1.stream_2023-02-16_13-30-33/a96d32bc_f0001140.jpg,535778,d6e13e94d4a920b314864c25f3a33caf190c3a478e3ce4801ecb28c8a8d3c6e5
78,1155,data/raw/grand_bassin/images/stream_gbassinexch1.stream_2023-02-16_13-30-33/a96d32bc_f0001155.jpg,536840,6027f94823a6ba8602fdd46a6103388e3e074cbfaebe66785b470e82978f9bf5
79,1170,data/raw/grand_bassin/images/stream_gbassinexch1.stream_2023-02-16_13-30-33/a96d32bc_f0001170.jpg,536984,aeab1eedf80d22fb292f75804a923f6f38612b562051883e53b6cd4b8978cfa2
80,1185,data/raw/grand_bassin/images/stream_gbassinexch1.stream_2023-02-16_13-30-33/a96d32bc_f0001185.jpg,537392,c2fff240c4900f228648f2de7771ea46a1957050c51caa29c808eeb9b2c90254
81,1200,data/raw/grand_bassin/images/stream_gbassinexch1.stream_2023-02-16_13-30-33/a96d32bc_f0001200.jpg,537802,9e584bcc2e6aa510144a6485e98107b89fac23b26f3763858c467f7fc811dff8
82,1215,data/raw/grand_bassin/images/stream_gbassinexch1.stream_2023-02-16_13-30-33/a96d32bc_f0001215.jpg,538825,cb4aec0bc2125280b8b0db9567434f43ddfd2c5912456438040bf33b7bbcc690
83,1230,data/raw/grand_bassin/images/stream_gbassinexch1.stream_2023-02-16_13-30-33/a96d32bc_f0001230.jpg,539850,9cf63f5c4e8aa60d8fbc6b365e4cdd4d0e80138f38aa70f1b86dd0e5ea659e76
84,1245,data/raw/grand_bassin/images/stream_gbassinexch1.stream_2023-02-16_13-30-33/a96d32bc_f0001245.jpg,540797,ec074162e97e11c5ae1587103bad71673f462557fb76e1c0483d22b04cd9ba9b
85,1260,data/raw/grand_bassin/images/stream_gbassinexch1.stream_2023-02-16_13-30-33/a96d32bc_f0001260.jpg,529995,6e00440e83aeb3089d87220bd5e223b0074e29a2d0bd5131a4952417796a3190
86,1275,data/raw/grand_bassin/images/stream_gbassinexch1.stream_2023-02-16_13-30-33/a96d32bc_f0001275.jpg,531351,81a7f9236eff71cc1d83c9153dfd2be71b506c7435123ef53722eb0a39e09f72
87,1290,data/raw/grand_bassin/images/stream_gbassinexch1.stream_2023-02-16_13-30-33/a96d32bc_f0001290.jpg,532982,5d9a12c21a028b744444bf2e3496b352e2f8ba9c0013061a6d0fbaa34b2aff35
88,1305,data/raw/grand_bassin/images/stream_gbassinexch1.stream_2023-02-16_13-30-33/a96d32bc_f0001305.jpg,534657,378373f9cd3ccc238d1d81a462c99636bfa7f8f76283cdbf03b8d76f781136b7
89,1320,data/raw/grand_bassin/images/stream_gbassinexch1.stream_2023-02-16_13-30-33/a96d32bc_f0001320.jpg,535707,724f28868e4216acfa173806ebc38dbe42407c07f074883f18dfac23d559f976
90,1335,data/raw/grand_bassin/images/stream_gbassinexch1.stream_2023-02-16_13-30-33/a96d32bc_f0001335.jpg,536603,a5b7ffa8b61515b169962d4907d9aa99dde840cf0664c846822e2cc2aecc6f4d
91,1350,data/raw/grand_bassin/images/stream_gbassinexch1.stream_2023-02-16_13-30-33/a96d32bc_f0001350.jpg,413053,e41554e752f821528e9e12b8fc1a3470d791d4842d62429306d811f97b89cf7e
92,1365,data/raw/grand_bassin/images/stream_gbassinexch1.stream_2023-02-16_13-30-33/a96d32bc_f0001365.jpg,413674,fec718bb8e7a041bcd39dc547f1c6fba92904560aa87c14103aeaf073aae9849
93,1380,data/raw/grand_bassin/images/stream_gbassinexch1.stream_2023-02-16_13-30-33/a96d32bc_f0001380.jpg,414677,4680361ab2bdcd6ed3143f041899624b48b2751ce36bfda34df7a92e0dd38729
94,1395,data/raw/grand_bassin/images/stream_gbassinexch1.stream_2023-02-16_13-30-33/a96d32bc_f0001395.jpg,540119,131ca6ae8edad0422acf332fcac3142fef58582b549a24c9c4a6b7e88aa08649
95,1410,data/raw/grand_bassin/images/stream_gbassinexch1.stream_2023-02-16_13-30-33/a96d32bc_f0001410.jpg,540859,a52954115b01f52e524ff8ff2aac5d9c5a386e72c02846000c578cb3f09a46c9
96,1425,data/raw/grand_bassin/images/stream_gbassinexch1.stream_2023-02-16_13-30-33/a96d32bc_f0001425.jpg,526341,2e5792018ead619acf7787c3cbe99c0c53eb7df8f126d8d61392113928a0c2c6
97,1440,data/raw/grand_bassin/images/stream_gbassinexch1.stream_2023-02-16_13-30-33/a96d32bc_f0001440.jpg,530057,af5b437dff33b61bcbe68c8cdac5b9156c97c35b99a9b365b1f18d69f4f7361f
98,1455,data/raw/grand_bassin/images/stream_gbassinexch1.stream_2023-02-16_13-30-33/a96d32bc_f0001455.jpg,531890,ebafd5f46d217cef3dd18c6c45844140e4eb32af5b8f43882b99146cae0a169f
99,1470,data/raw/grand_bassin/images/stream_gbassinexch1.stream_2023-02-16_13-30-33/a96d32bc_f0001470.jpg,533428,0102e81a50d7dd63d9c8d4b0ce81e2cdfb19013860063169db2e2e7b40f1deb3
100,1485,data/raw/grand_bassin/images/stream_gbassinexch1.stream_2023-02-16_13-30-33/a96d32bc_f0001485.jpg,534743,1218d94200225028f68785f701faec121c9436be7667698b394730964c8d5834
101,1500,data/raw/grand_bassin/images/stream_gbassinexch1.stream_2023-02-16_13-30-33/a96d32bc_f0001500.jpg,536006,91f8211e5891d9bf38e3f209eb5a05c9646147200cf8755d4cbaa93e084fb16a
102,1515,data/raw/grand_bassin/images/stream_gbassinexch1.stream_2023-02-16_13-30-33/a96d32bc_f0001515.jpg,536897,0acb94a3ff56e71d23daece4b642b164b2e7a3b3207765d18ecb34d3866af810
103,1530,data/raw/grand_bassin/images/stream_gbassinexch1.stream_2023-02-16_13-30-33/a96d32bc_f0001530.jpg,537895,aacd0105bb98ffe45f9dfa61ee8bb56e071e5f0541c20f75d2121949817c8926
104,1545,data/raw/grand_bassin/images/stream_gbassinexch1.stream_2023-02-16_13-30-33/a96d32bc_f0001545.jpg,539071,287464ceb3385a95c462a361d90d8061d6b5ce0811322ddacdd17e97249422b4
105,1560,data/raw/grand_bassin/images/stream_gbassinexch1.stream_2023-02-16_13-30-33/a96d32bc_f0001560.jpg,539478,2d9c3ef414d5f31443bf55a1e6d2f88d5193fd8e7ef4bd975a94411af9eb2bd9
106,1575,data/raw/grand_bassin/images/stream_gbassinexch1.stream_2023-02-16_13-30-33/a96d32bc_f0001575.jpg,539834,e5d634db5dcf8aae8c1cdda1633759193e76ec163c8f6b1bd4e3047e69052ed3
107,1590,data/raw/grand_bassin/images/stream_gbassinexch1.stream_2023-02-16_13-30-33/a96d32bc_f0001590.jpg,540660,bda4361c35b8da123cc34782f1d61a7991a82a480727247e6e4e76c53cb820ce
108,1605,data/raw/grand_bassin/images/stream_gbassinexch1.stream_2023-02-16_13-30-33/a96d32bc_f0001605.jpg,526545,17b625d87b05bc8aa7837a33d94784bba8e0ffbdc154f4783c15bda14ed7d7bd
109,1620,data/raw/grand_bassin/images/stream_gbassinexch1.stream_2023-02-16_13-30-33/a96d32bc_f0001620.jpg,530643,a594d7fe5cad125010918097e9fdf8289e1a16e10049f234d015f26f9689f244
110,1635,data/raw/grand_bassin/images/stream_gbassinexch1.stream_2023-02-16_13-30-33/a96d32bc_f0001635.jpg,532647,294ca83c52d5965b3dc20227d31dd25b0953916afc661edcaad9ca5a9376a6a1
111,1650,data/raw/grand_bassin/images/stream_gbassinexch1.stream_2023-02-16_13-30-33/a96d32bc_f0001650.jpg,534342,504b1c16f6e0b481c081f768fb8fffa11ab9a76ac7bfa30fd55520d2f1daf454
112,1665,data/raw/grand_bassin/images/stream_gbassinexch1.stream_2023-02-16_13-30-33/a96d32bc_f0001665.jpg,535584,ef27066914347ff642a1483f216f5254d9b8a8dcd190c6093728fe6d08252fa9
113,1680,data/raw/grand_bassin/images/stream_gbassinexch1.stream_2023-02-16_13-30-33/a96d32bc_f0001680.jpg,536675,1494feefc78aeeeaa69108b8b88cad64488145d5d44ed8692761c7895c6631c7
114,1695,data/raw/grand_bassin/images/stream_gbassinexch1.stream_2023-02-16_13-30-33/a96d32bc_f0001695.jpg,537635,4d655163651cc8787b00fc09839823dc370bf30b25f4766c9bab5bf850fb1509
115,1710,data/raw/grand_bassin/images/stream_gbassinexch1.stream_2023-02-16_13-30-33/a96d32bc_f0001710.jpg,538796,0a39400aaf52e3ec415d421fbb22d31c0d894beb428209b4d6be0eb6c932bf9c
116,1725,data/raw/grand_bassin/images/stream_gbassinexch1.stream_2023-02-16_13-30-33/a96d32bc_f0001725.jpg,539793,fad46b5be3aa37ee3e636347483c9610b7b06493a3944b0fc3becaa793a68ee7
117,1740,data/raw/grand_bassin/images/stream_gbassinexch1.stream_2023-02-16_13-30-33/a96d32bc_f0001740.jpg,540787,4c598e90941815aeebb86d6546ee7729420aa113fbef80a53f18c0da1b034808
118,1755,data/raw/grand_bassin/images/stream_gbassinexch1.stream_2023-02-16_13-30-33/a96d32bc_f0001755.jpg,541367,c01453f63be15ae57ed34ff7d1b3e8033f364ee649ec03844152ca827879e509
119,1770,data/raw/grand_bassin/images/stream_gbassinexch1.stream_2023-02-16_13-30-33/a96d32bc_f0001770.jpg,541515,6168554e7d390983ac8f766d4bd30859d1c4f11df1a2506d957bf540b56d583e
120,1785,data/raw/grand_bassin/images/stream_gbassinexch1.stream_2023-02-16_13-30-33/a96d32bc_f0001785.jpg,524470,04c611a0545fb87015ba0970e8e7e516e0ecf1cd777453b57f1870f9dbf36d39
121,1800,data/raw/grand_bassin/images/stream_gbassinexch1.stream_2023-02-16_13-30-33/a96d32bc_f0001800.jpg,527592,6dab1aaf7a971682c6c4be98cd5755c19261c89aea8e5e1d7b72a790d9440ad4
122,1815,data/raw/grand_bassin/images/stream_gbassinexch1.stream_2023-02-16_13-30-33/a96d32bc_f0001815.jpg,529584,a62643b8b9f75aeab932b942eb0dbe9d70512c5aec186eb00fc4a94f996c038f
123,1830,data/raw/grand_bassin/images/stream_gbassinexch1.stream_2023-02-16_13-30-33/a96d32bc_f0001830.jpg,531186,f01415a088f465222869fd95f1b46c2e52a4368718fc66393922abb62a2b7a4a
124,1845,data/raw/grand_bassin/images/stream_gbassinexch1.stream_2023-02-16_13-30-33/a96d32bc_f0001845.jpg,533097,f788d6c0f4d82e112f924e469cf6b78f8c156395335eb17c175bc3d6a64e9b43
125,1860,data/raw/grand_bassin/images/stream_gbassinexch1.stream_2023-02-16_13-30-33/a96d32bc_f0001860.jpg,533985,fa7e9e89b82532ade6235249ea3188acd87fe6d044df169ef74302663c9d4e18
126,1875,data/raw/grand_bassin/images/stream_gbassinexch1.stream_2023-02-16_13-30-33/a96d32bc_f0001875.jpg,535688,f5e2eb0719d9ba0f97007fb52cb1fc5153b3f477790bb0897057293edbcedb92
127,1890,data/raw/grand_bassin/images/stream_gbassinexch1.stream_2023-02-16_13-30-33/a96d32bc_f0001890.jpg,536729,c490bcc533628f351501c1c54aedbaf082577d5a3acce2d559347d898a2532ba
128,1905,data/raw/grand_bassin/images/stream_gbassinexch1.stream_2023-02-16_13-30-33/a96d32bc_f0001905.jpg,537339,faeaedc5adadce534ff0aef04d7e6d507a08221e939cf2098eb48d140533f197
129,1920,data/raw/grand_bassin/images/stream_gbassinexch1.stream_2023-02-16_13-30-33/a96d32bc_f0001920.jpg,538346,9f05bfcb081bf721e7099089d84ea9622a96e2f34b0467d420c41280382450ca
130,1935,data/raw/grand_bassin/images/stream_gbassinexch1.stream_2023-02-16_13-30-33/a96d32bc_f0001935.jpg,539144,7b4f8d2b796859a4c6c1a0e489a9737fedab2627fae13f40cb8f2cc61e01e20a
131,1950,data/raw/grand_bassin/images/stream_gbassinexch1.stream_2023-02-16_13-30-33/a96d32bc_f0001950.jpg,540022,84ff0ed096227f9cb089fe247f747d77bfa259014da51f82e0d7ee8f72752b74
132,1965,data/raw/grand_bassin/images/stream_gbassinexch1.stream_2023-02-16_13-30-33/a96d32bc_f0001965.jpg,525808,84dfd15c2d960bdd8da1774b626f9fe4f4b499d9d4c0f28aae79301d12e50879
133,1980,data/raw/grand_bassin/images/stream_gbassinexch1.stream_2023-02-16_13-30-33/a96d32bc_f0001980.jpg,528676,5338b4149449c69625ddde91e8cb189c77f9eaac44975ec16945ef9ddb2729b6
134,1995,data/raw/grand_bassin/images/stream_gbassinexch1.stream_2023-02-16_13-30-33/a96d32bc_f0001995.jpg,531062,1334c9320a50de1afa475f500b845cfc6ef3909d23a7a835731801fc42fdd645
135,2010,data/raw/grand_bassin/images/stream_gbassinexch1.stream_2023-02-16_13-30-33/a96d32bc_f0002010.jpg,532768,9f631bdaa4096cd6029cf9d4acade3f07ae294760fb289262659471708a39956
136,2025,data/raw/grand_bassin/images/stream_gbassinexch1.stream_2023-02-16_13-30-33/a96d32bc_f0002025.jpg,534420,a65b25b029ab29d366ed4d20ab1945bf2f25a4098ef1893f0d75d8e0e1a6cac7
137,2040,data/raw/grand_bassin/images/stream_gbassinexch1.stream_2023-02-16_13-30-33/a96d32bc_f0002040.jpg,535740,a81901a6745c0b939a5de5b98edf9a6f34107924cf1aeb6e51377cbb3ec87c0b
138,2055,data/raw/grand_bassin/images/stream_gbassinexch1.stream_2023-02-16_13-30-33/a96d32bc_f0002055.jpg,536774,52907fc89a2c15a3afdfb16f2e11654d0cf470743f407725113201734f57c1f0
139,2070,data/raw/grand_bassin/images/stream_gbassinexch1.stream_2023-02-16_13-30-33/a96d32bc_f0002070.jpg,537428,80edcf0ad69e5b262e25c0ef3b9cc90346734c525cb9f5693e2b8dfb6c686ffd
140,2085,data/raw/grand_bassin/images/stream_gbassinexch1.stream_2023-02-16_13-30-33/a96d32bc_f0002085.jpg,537896,15c8f4653964c908b6edb70cb39ab6c797d641165a0240502c5dae965dad3fa4
141,2100,data/raw/grand_bassin/images/stream_gbassinexch1.stream_2023-02-16_13-30-33/a96d32bc_f0002100.jpg,538665,89c6b211084f72d5bee3de091c60c418c039969d238b65de8677eda859e01bf0
142,2115,data/raw/grand_bassin/images/stream_gbassinexch1.stream_2023-02-16_13-30-33/a96d32bc_f0002115.jpg,539922,d57bf09e4cba1c3bebfa09a842d8a216d9baa73e8b028d2aba3b30bc162a30a4
143,2130,data/raw/grand_bassin/images/stream_gbassinexch1.stream_2023-02-16_13-30-33/a96d32bc_f0002130.jpg,540874,03f0e6b32ce00667231c2bda0b8c513b8a60c76ecbc44b47bb40f3f7984f513c
144,2145,data/raw/grand_bassin/images/stream_gbassinexch1.stream_2023-02-16_13-30-33/a96d32bc_f0002145.jpg,528974,8d3b18a71d29151c6f889285fc432110416fe1a468cfcff5e51b7036a3d092d4
145,2160,data/raw/grand_bassin/images/stream_gbassinexch1.stream_2023-02-16_13-30-33/a96d32bc_f0002160.jpg,532758,baf31431df71f24f233c976e8c4853c06fb35fb16d723631d46e5a434e640be6
146,2175,data/raw/grand_bassin/images/stream_gbassinexch1.stream_2023-02-16_13-30-33/a96d32bc_f0002175.jpg,535227,cf9644382e69b6ba97d17e1234eb29aea392663cd6f0581683a9353b9fc744c2
147,2190,data/raw/grand_bassin/images/stream_gbassinexch1.stream_2023-02-16_13-30-33/a96d32bc_f0002190.jpg,537239,1be49643995bf422d95d7c06d4d9cf08d1f02aef5091866fe537d31535e15e53
148,2205,data/raw/grand_bassin/images/stream_gbassinexch1.stream_2023-02-16_13-30-33/a96d32bc_f0002205.jpg,538354,d4117ca918ef8c3d997945e297c2fd55dfd019897f3146246320a3addda68bc1
149,2220,data/raw/grand_bassin/images/stream_gbassinexch1.stream_2023-02-16_13-30-33/a96d32bc_f0002220.jpg,539143,d06ce215f5a9174eeda3a00db38249605600ca4215a9e5f524b85ad9fe9c1107
150,2235,data/raw/grand_bassin/images/stream_gbassinexch1.stream_2023-02-16_13-30-33/a96d32bc_f0002235.jpg,539815,10175aff0f21bdfed26b1541a8976ba4ed89d6d758e6a516e429b44f20835ffc
151,2250,data/raw/grand_bassin/images/stream_gbassinexch1.stream_2023-02-16_13-30-33/a96d32bc_f0002250.jpg,540901,7436ade0496726ef0b238baa69470ba69b56e15641b6ea1683cdc10101cfd670
152,2265,data/raw/grand_bassin/images/stream_gbassinexch1.stream_2023-02-16_13-30-33/a96d32bc_f0002265.jpg,542329,7bdc3be21a21cffaebdfc1bb6332189e2f962eb24fe168a5f346d8304258d697
153,2280,data/raw/grand_bassin/images/stream_gbassinexch1.stream_2023-02-16_13-30-33/a96d32bc_f0002280.jpg,543660,0686fb18688c5a6f9a7dbb6ea92333ac6ff82323d76f027966536be6efca82e7
154,2295,data/raw/grand_bassin/images/stream_gbassinexch1.stream_2023-02-16_13-30-33/a96d32bc_f0002295.jpg,544034,b05160dc3dc67a6020ac8ca4c4fffd8bc680a378255db7c8c0c1b2337434f2af
155,2310,data/raw/grand_bassin/images/stream_gbassinexch1.stream_2023-02-16_13-30-33/a96d32bc_f0002310.jpg,544660,0bb5e4355d9f0533ba3422cd73c05db6e1a8cd012c586947e366fdcf5dff344c
156,2325,data/raw/grand_bassin/images/stream_gbassinexch1.stream_2023-02-16_13-30-33/a96d32bc_f0002325.jpg,531555,f7444af4043893fa1fca51a37dfb7c6ec5f27386c12feb66283d045eb014a592
157,2340,data/raw/grand_bassin/images/stream_gbassinexch1.stream_2023-02-16_13-30-33/a96d32bc_f0002340.jpg,534055,730016a6a7ce6e684264eb35122a046694bbda07d47ae6c09f0d08ddab096dcc
158,2355,data/raw/grand_bassin/images/stream_gbassinexch1.stream_2023-02-16_13-30-33/a96d32bc_f0002355.jpg,535933,12b66e6081bd6e8060ca071a64df0e84753c89896841c635a0a457b3263a4f49
159,2370,data/raw/grand_bassin/images/stream_gbassinexch1.stream_2023-02-16_13-30-33/a96d32bc_f0002370.jpg,537742,8bb2af00045477e8be174101982625fb177ae08278d151d2d977f3b6046abd02
160,2385,data/raw/grand_bassin/images/stream_gbassinexch1.stream_2023-02-16_13-30-33/a96d32bc_f0002385.jpg,538274,9f2ba59a5aa5f96a454e26f6bd0915fe4d84ab3ef75db8f0be067499d87380fc
161,2400,data/raw/grand_bassin/images/stream_gbassinexch1.stream_2023-02-16_13-30-33/a96d32bc_f0002400.jpg,539037,132ca0041fc041f3231daff5680b6f315db0e2a7469c4c9819f319e4ab1bc745
162,2415,data/raw/grand_bassin/images/stream_gbassinexch1.stream_2023-02-16_13-30-33/a96d32bc_f0002415.jpg,540041,28845591cedff91130d55c591be6dab080bc43e3c7babaaa10f7ccdfbc78ee13
163,2430,data/raw/grand_bassin/images/stream_gbassinexch1.stream_2023-02-16_13-30-33/a96d32bc_f0002430.jpg,541271,e0953bb327ead8494dc9f25604dfff154f505dfec0f0d2733965c90e6d325376
164,2445,data/raw/grand_bassin/images/stream_gbassinexch1.stream_2023-02-16_13-30-33/a96d32bc_f0002445.jpg,542488,e2bf43c990cc026095284c2cb1a7b92e3c1721ea053c90dc81249e952835adb0
165,2460,data/raw/grand_bassin/images/stream_gbassinexch1.stream_2023-02-16_13-30-33/a96d32bc_f0002460.jpg,543805,32050b34441799caf2ed930dfff4f5e7538820369e644ca7f69ea77271ca0057
166,2475,data/raw/grand_bassin/images/stream_gbassinexch1.stream_2023-02-16_13-30-33/a96d32bc_f0002475.jpg,544348,5ec6e6da8c9cb0cb8910543ebb98b521b702ecee839d3cf16e1e582d474ca715
167,2490,data/raw/grand_bassin/images/stream_gbassinexch1.stream_2023-02-16_13-30-33/a96d32bc_f0002490.jpg,544795,74c6ae601fe931b535aeb75f103e75eb8097717fff530f5ebad1ce670d45bc08
168,2505,data/raw/grand_bassin/images/stream_gbassinexch1.stream_2023-02-16_13-30-33/a96d32bc_f0002505.jpg,531859,d270a10f12a028362c11b8f84dd72f4a77a2bc5058d3ef7c084b7165784635fa
169,2520,data/raw/grand_bassin/images/stream_gbassinexch1.stream_2023-02-16_13-30-33/a96d32bc_f0002520.jpg,534691,faa367ff1b4430641b78f1b6d9b6d3a8f0fb38c1269226149281c963dcf6baa9
170,2535,data/raw/grand_bassin/images/stream_gbassinexch1.stream_2023-02-16_13-30-33/a96d32bc_f0002535.jpg,536457,c378bd07027100e7b361028f608210360ac7a30dae4c4c9e8351a63d1bd17828
171,2550,data/raw/grand_bassin/images/stream_gbassinexch1.stream_2023-02-16_13-30-33/a96d32bc_f0002550.jpg,538067,a060f898b9e9680f0f8c151bc47b4a65a807980229e6f252ab621c5daf2fe3dc
172,2565,data/raw/grand_bassin/images/stream_gbassinexch1.stream_2023-02-16_13-30-33/a96d32bc_f0002565.jpg,538847,0b0861858648c160ba4fe5ef214ce0723124b3de10a8f288fafdeb7640cabcb9
173,2580,data/raw/grand_bassin/images/stream_gbassinexch1.stream_2023-02-16_13-30-33/a96d32bc_f0002580.jpg,540082,7f23bb1a30e8aa64e48939168f51d96f82711b56898529e557f7277cb64c7e7a
174,2595,data/raw/grand_bassin/images/stream_gbassinexch1.stream_2023-02-16_13-30-33/a96d32bc_f0002595.jpg,540716,8c204243dd20ca8be033889b32ef498d338b49b59f7a821f8761c23d57fe9f4f
175,2610,data/raw/grand_bassin/images/stream_gbassinexch1.stream_2023-02-16_13-30-33/a96d32bc_f0002610.jpg,541351,99e203542d0d682172bb7b6d73bd75ced85e136d10c59c7e081e086769ff1b1b
176,2625,data/raw/grand_bassin/images/stream_gbassinexch1.stream_2023-02-16_13-30-33/a96d32bc_f0002625.jpg,542080,943c6ca7f2cbe755beae743f2de6aba959db55740386ba130fa7c38521dd360c
177,2640,data/raw/grand_bassin/images/stream_gbassinexch1.stream_2023-02-16_13-30-33/a96d32bc_f0002640.jpg,542066,0667a83158e34f085c63a8b12245a49d10d0f5552313a325ed70bd5048f8b820
178,2655,data/raw/grand_bassin/images/stream_gbassinexch1.stream_2023-02-16_13-30-33/a96d32bc_f0002655.jpg,542226,14c41d0d030cb0b81e0321ef3ca934f69bfb0529ba2882d1b613f9262b0b625b
179,2670,data/raw/grand_bassin/images/stream_gbassinexch1.stream_2023-02-16_13-30-33/a96d32bc_f0002670.jpg,523022,263b8f6011a2b293577f095160b344efc4eb4a38696ea3efce3fabb48e312205
180,2685,data/raw/grand_bassin/images/stream_gbassinexch1.stream_2023-02-16_13-30-33/a96d32bc_f0002685.jpg,528781,41c9aec37e1e95abeb97d38d4daaedc796fbb01b3612cd4a8c594ac368be9368
181,2700,data/raw/grand_bassin/images/stream_gbassinexch1.stream_2023-02-16_13-30-33/a96d32bc_f0002700.jpg,531711,5d183400bb1d1d590518c1952b0dabe494e74a488df3b2381d5329103d54890c
182,2715,data/raw/grand_bassin/images/stream_gbassinexch1.stream_2023-02-16_13-30-33/a96d32bc_f0002715.jpg,533528,44131b594e0e641bdfc4858b3e654dae89d8d245b6cd11b72cfeb355c92c0d36
183,2730,data/raw/grand_bassin/images/stream_gbassinexch1.stream_2023-02-16_13-30-33/a96d32bc_f0002730.jpg,534997,7a1626ba45f447804db960c028a15eec703ce73862325654421787f04b724c74
184,2745,data/raw/grand_bassin/images/stream_gbassinexch1.stream_2023-02-16_13-30-33/a96d32bc_f0002745.jpg,535999,04768252b962056e5c51b32cabe716469c9bf1f1ce3b53d29a03a2b61432aa78
185,2760,data/raw/grand_bassin/images/stream_gbassinexch1.stream_2023-02-16_13-30-33/a96d32bc_f0002760.jpg,536821,ac74957b57a63978c3221f3fe35ca122b3f5cf9cef8de9fcb41d9b3c5d722c94
186,2775,data/raw/grand_bassin/images/stream_gbassinexch1.stream_2023-02-16_13-30-33/a96d32bc_f0002775.jpg,537742,472da14e1f5275a6a6c6cf089bab8eeaa0c7b83aa9732036e85adadd82ec7e08
187,2790,data/raw/grand_bassin/images/stream_gbassinexch1.stream_2023-02-16_13-30-33/a96d32bc_f0002790.jpg,538296,1a88cf1f71b7f9e3e8cd4e3a516f96a1741c332772f0c0ed943241a0077ee038
188,2805,data/raw/grand_bassin/images/stream_gbassinexch1.stream_2023-02-16_13-30-33/a96d32bc_f0002805.jpg,538970,e81c7409e97c40094adb613e8273d515a868a40ccfaae3c443c885bb98ea3353
189,2820,data/raw/grand_bassin/images/stream_gbassinexch1.stream_2023-02-16_13-30-33/a96d32bc_f0002820.jpg,539642,1a60d8e35f96118d863bfdfffa1246b34dc0b97098c2aaae56d80df4da675439
190,2835,data/raw/grand_bassin/images/stream_gbassinexch1.stream_2023-02-16_13-30-33/a96d32bc_f0002835.jpg,540087,99e8faa46d2992e329a151ec5a071088ad9c5a37a44571b740957fd088f54ae4
191,2850,data/raw/grand_bassin/images/stream_gbassinexch1.stream_2023-02-16_13-30-33/a96d32bc_f0002850.jpg,520562,1f0bb14074fb7048298ffa961ef90b12be02a52fef2c3e25947c401a2b0e7b78
192,2865,data/raw/grand_bassin/images/stream_gbassinexch1.stream_2023-02-16_13-30-33/a96d32bc_f0002865.jpg,525862,6c88a706f20db8f5a08fd76d85822d5159239feb1afd437b2731fb1d1d82b25c
193,2880,data/raw/grand_bassin/images/stream_gbassinexch1.stream_2023-02-16_13-30-33/a96d32bc_f0002880.jpg,528367,b7090998e25645ca1e013649022ec743bab458cb0b65df74040e51055be93c47
194,2895,data/raw/grand_bassin/images/stream_gbassinexch1.stream_2023-02-16_13-30-33/a96d32bc_f0002895.jpg,529516,4dd4023c1d9dca9e8b9a9197cc1aa40104994956cd8a4b5560909621b703b00a
195,2910,data/raw/grand_bassin/images/stream_gbassinexch1.stream_2023-02-16_13-30-33/a96d32bc_f0002910.jpg,531797,a343bd16c587aaab8ea8429ac98c023584acfe681c19cb830a72c7226c69d1e3
196,2925,data/raw/grand_bassin/images/stream_gbassinexch1.stream_2023-02-16_13-30-33/a96d32bc_f0002925.jpg,533511,b57b6c5c5a9483d2fbc98e4d9973ce8715b2f8ba25bda429a38a318d3d448c63
197,2940,data/raw/grand_bassin/images/stream_gbassinexch1.stream_2023-02-16_13-30-33/a96d32bc_f0002940.jpg,534924,9ef6e23827eccafe382e41768f1ef76e996cbd2890b653fa2bfb4a30e2c31f9a
198,2955,data/raw/grand_bassin/images/stream_gbassinexch1.stream_2023-02-16_13-30-33/a96d32bc_f0002955.jpg,536063,15e21ccb422482221efd9d7391efe4f4c9bfc03c3b2a8cda03e46bb8526dd5d9
199,2970,data/raw/grand_bassin/images/stream_gbassinexch1.stream_2023-02-16_13-30-33/a96d32bc_f0002970.jpg,536215,547526b1201c5d855967be33b057ebbf9663cd41c660dd9ecc790757e8ac90f6
200,2985,data/raw/grand_bassin/images/stream_gbassinexch1.stream_2023-02-16_13-30-33/a96d32bc_f0002985.jpg,537133,8b6b08fbe5c76759b9e1608a4fb8d3ba811d4d44138e7b5cb9a5a747c24a1386
201,3000,data/raw/grand_bassin/images/stream_gbassinexch1.stream_2023-02-16_13-30-33/a96d32bc_f0003000.jpg,537634,2cdbb6112bf187557d184b9815d443bea46b0f36c0fa0af003ccea2a6aaad5b5
202,3015,data/raw/grand_bassin/images/stream_gbassinexch1.stream_2023-02-16_13-30-33/a96d32bc_f0003015.jpg,538838,2c26682990db57df5fa29cd9b2a96b94aa03d49b1f63b364be108bb270b77825
203,3030,data/raw/grand_bassin/images/stream_gbassinexch1.stream_2023-02-16_13-30-33/a96d32bc_f0003030.jpg,521162,ed54351b7aa607bce9ec0dde05fa156b61ee99be0d0baae2ab018339ed611415
204,3045,data/raw/grand_bassin/images/stream_gbassinexch1.stream_2023-02-16_13-30-33/a96d32bc_f0003045.jpg,524739,916d766fed9abe1c50c37ec9676b4d2e043fc6bd9a38c78ef6a1e4da74e9c782
205,3060,data/raw/grand_bassin/images/stream_gbassinexch1.stream_2023-02-16_13-30-33/a96d32bc_f0003060.jpg,525938,a58039fc35364040f23a6d2a191d2baabcccfe9c36412cb8d507442796089ae4
206,3075,data/raw/grand_bassin/images/stream_gbassinexch1.stream_2023-02-16_13-30-33/a96d32bc_f0003075.jpg,527660,a64ba9cefae5d50af0bc53404ae930e264ae8da3ba07c1e32ed831eb34c3ff85
207,3090,data/raw/grand_bassin/images/stream_gbassinexch1.stream_2023-02-16_13-30-33/a96d32bc_f0003090.jpg,528538,d52f6b271f40128e472f69f9c42c020287daa4b04cf3dedddfa6acde1548a957
208,3105,data/raw/grand_bassin/images/stream_gbassinexch1.stream_2023-02-16_13-30-33/a96d32bc_f0003105.jpg,530037,e06b90899b7ca25ed405ca70888902e28e7cd62ed641b58920383e821ca3358e
209,3120,data/raw/grand_bassin/images/stream_gbassinexch1.stream_2023-02-16_13-30-33/a96d32bc_f0003120.jpg,531529,7ad878f6b634bd4d73bdc1cf59203e4854700df904d3f520995f40ad0308f33d
210,3135,data/raw/grand_bassin/images/stream_gbassinexch1.stream_2023-02-16_13-30-33/a96d32bc_f0003135.jpg,532743,b535975e9bdfe16616b66211af8b0a450386f8beee1e19848039cd4d736fa81b
211,3150,data/raw/grand_bassin/images/stream_gbassinexch1.stream_2023-02-16_13-30-33/a96d32bc_f0003150.jpg,534235,460d101d316084e9e3ecf5586a5b43fe6b3f2983f58ebf1095b9dfd98b0f8a5f
212,3165,data/raw/grand_bassin/images/stream_gbassinexch1.stream_2023-02-16_13-30-33/a96d32bc_f0003165.jpg,535531,91e365cfb322fdf3be3848b42f36ec72103a56cfddb92959dbb01831e1230927
213,3180,data/raw/grand_bassin/images/stream_gbassinexch1.stream_2023-02-16_13-30-33/a96d32bc_f0003180.jpg,536206,ebeab6dfadd6d73c389e3e1afc38f32a83e3ccd196913b55b40d36375406cfc8
214,3195,data/raw/grand_bassin/images/stream_gbassinexch1.stream_2023-02-16_13-30-33/a96d32bc_f0003195.jpg,536421,acffd9c3d9f07778a8eb55ed9a36a40cceb597ab270bd1b409572a421628c2ad
215,3210,data/raw/grand_bassin/images/stream_gbassinexch1.stream_2023-02-16_13-30-33/a96d32bc_f0003210.jpg,520826,da03c3d5c21170fe532c99c225312966823f7b090a85c3eb48fabdbe2c1c75e6
216,3225,data/raw/grand_bassin/images/stream_gbassinexch1.stream_2023-02-16_13-30-33/a96d32bc_f0003225.jpg,523858,1f994bbd28a6014ec82a7153d9c3e417bef6cd50c56e6f8765b9af562db75d3b
217,3240,data/raw/grand_bassin/images/stream_gbassinexch1.stream_2023-02-16_13-30-33/a96d32bc_f0003240.jpg,525810,5db6a5dec76a2c0468af99f47680c190972ec19d3637bbab57e48da2c3da122c
218,3255,data/raw/grand_bassin/images/stream_gbassinexch1.stream_2023-02-16_13-30-33/a96d32bc_f0003255.jpg,527328,23bcfe0f3d440a5caf5689ae3160b2c262d8089d7264a019a8adca2d7a2040fc
219,3270,data/raw/grand_bassin/images/stream_gbassinexch1.stream_2023-02-16_13-30-33/a96d32bc_f0003270.jpg,528439,cfce3819d10a91eee5703ef6c81d5cbb07583d80920025a21ec8165620729740
220,3285,data/raw/grand_bassin/images/stream_gbassinexch1.stream_2023-02-16_13-30-33/a96d32bc_f0003285.jpg,529973,d87890ca829041b062605d2e9ce54a84e4e2c874854973fa651332d98baef6ce
221,3300,data/raw/grand_bassin/images/stream_gbassinexch1.stream_2023-02-16_13-30-33/a96d32bc_f0003300.jpg,530787,f34ecac13bddc0e8d2d5b662edc25e8fa0c006bf3d0aacdc769b5d47a1636294
222,3315,data/raw/grand_bassin/images/stream_gbassinexch1.stream_2023-02-16_13-30-33/a96d32bc_f0003315.jpg,531508,15dca002f3e9fa76404869b6dc983287fec1e049c541f4eaa999c5292fb92f3f
223,3330,data/raw/grand_bassin/images/stream_gbassinexch1.stream_2023-02-16_13-30-33/a96d32bc_f0003330.jpg,531427,832a94e43f3ff18f45d7b827bfbcae9c6e53e97ee9aecb32575ab164058021e6
224,3345,data/raw/grand_bassin/images/stream_gbassinexch1.stream_2023-02-16_13-30-33/a96d32bc_f0003345.jpg,531605,37129f0f52748d027cbab1d790af022edc6dd93e67f10a797eb54e9eaffede4e
225,3360,data/raw/grand_bassin/images/stream_gbassinexch1.stream_2023-02-16_13-30-33/a96d32bc_f0003360.jpg,531898,e74b21ed1248a8eb7a89097dac8e26b5cecc9b452f7e6966b2af6875c477bde4
226,3375,data/raw/grand_bassin/images/stream_gbassinexch1.stream_2023-02-16_13-30-33/a96d32bc_f0003375.jpg,532312,81f225c5518556fbade297957db2679384750dcf09aba61216b58634d5866097
227,3390,data/raw/grand_bassin/images/stream_gbassinexch1.stream_2023-02-16_13-30-33/a96d32bc_f0003390.jpg,517346,46b228076df86b2ebdc629ce846c21cdbb42d1757f0fc36a53c4a581f4d144f1
228,3405,data/raw/grand_bassin/images/stream_gbassinexch1.stream_2023-02-16_13-30-33/a96d32bc_f0003405.jpg,520486,c741006272475443f1617fbba257fdef4d8321bbff6c00bd0938fc547c26f9e2
229,3420,data/raw/grand_bassin/images/stream_gbassinexch1.stream_2023-02-16_13-30-33/a96d32bc_f0003420.jpg,522481,27f8c9eb422219c5ce3b8eaf1a95aa52ee18b0e044f2164313aaa183af630744
230,3435,data/raw/grand_bassin/images/stream_gbassinexch1.stream_2023-02-16_13-30-33/a96d32bc_f0003435.jpg,523469,04eaa78e76b35dcaec1c9eda0fdc032dd61b98b2f5cc8f8949a6f59486f52e77
231,3450,data/raw/grand_bassin/images/stream_gbassinexch1.stream_2023-02-16_13-30-33/a96d32bc_f0003450.jpg,524717,a72f8e0c38553f5d63c8d5f373ce0efaf43b37d0d3f300e062441b6c7051c69b
232,3465,data/raw/grand_bassin/images/stream_gbassinexch1.stream_2023-02-16_13-30-33/a96d32bc_f0003465.jpg,525767,c96fe8942e99421d72d565e2e0bd0200e0011909c70ecc836449f37a14766663
233,3480,data/raw/grand_bassin/images/stream_gbassinexch1.stream_2023-02-16_13-30-33/a96d32bc_f0003480.jpg,526646,b40eb5c41c941e24cc7f6b3b1cfed57cf1939c5ab1049c467b9d19ef0ac6c091
234,3495,data/raw/grand_bassin/images/stream_gbassinexch1.stream_2023-02-16_13-30-33/a96d32bc_f0003495.jpg,528163,b4c3bd08d7d5f8ed09c864b221e9b5cb30ca8d8d777770cbeb14f80cf6ad5563
235,3510,data/raw/grand_bassin/images/stream_gbassinexch1.stream_2023-02-16_13-30-33/a96d32bc_f0003510.jpg,529651,4013fc5b7c476c80b9e573019459000e73dd53245c1aa992cbbcf30f586b42c4
236,3525,data/raw/grand_bassin/images/stream_gbassinexch1.stream_2023-02-16_13-30-33/a96d32bc_f0003525.jpg,530746,1e316099673ab6a936aaf397587437b00f6e6949b23442d0a32492824f13ab76
237,3540,data/raw/grand_bassin/images/stream_gbassinexch1.stream_2023-02-16_13-30-33/a96d32bc_f0003540.jpg,531575,c40afe419537cb4815c60fdbacda73bbca6fa7add68d2dadbde04dcdbf981dba
238,3555,data/raw/grand_bassin/images/stream_gbassinexch1.stream_2023-02-16_13-30-33/a96d32bc_f0003555.jpg,532229,f021373f54b9d2c1c29c45281a28263c2bee893d1425e781630773b0a44d6be8
239,3570,data/raw/grand_bassin/images/stream_gbassinexch1.stream_2023-02-16_13-30-33/a96d32bc_f0003570.jpg,520569,781c7af81bf7f9268de6345fea49844a3a8481cdfb988afb05cedfa1750f31e5
240,3585,data/raw/grand_bassin/images/stream_gbassinexch1.stream_2023-02-16_13-30-33/a96d32bc_f0003585.jpg,523590,b4c87733e1f5c38413128d78841b4d99ebb04cc6169e1edc4a475f9056e3b98f
241,3600,data/raw/grand_bassin/images/stream_gbassinexch1.stream_2023-02-16_13-30-33/a96d32bc_f0003600.jpg,525487,665f11c14913bd76132770f3a8a086422065285d98fdf6e568a6b6cab9ae6d2e
242,3615,data/raw/grand_bassin/images/stream_gbassinexch1.stream_2023-02-16_13-30-33/a96d32bc_f0003615.jpg,405231,798e789454cd6f26a7407517be28aea7c199eb3afa45d0d188851ffc5a0b194c
243,3630,data/raw/grand_bassin/images/stream_gbassinexch1.stream_2023-02-16_13-30-33/a96d32bc_f0003630.jpg,528898,da237bbd4d6e7d4c23903ef9c6e2e6335b77f59b81f3a88812db62b30f9074f6
244,3645,data/raw/grand_bassin/images/stream_gbassinexch1.stream_2023-02-16_13-30-33/a96d32bc_f0003645.jpg,530065,ed17a49cd66c9ab22e57de36f7a17140584585fe4919f2c939c3c501256b9f7d
245,3660,data/raw/grand_bassin/images/stream_gbassinexch1.stream_2023-02-16_13-30-33/a96d32bc_f0003660.jpg,530392,f9fa8a03b4f022feca5ca46b5f48b11cc6dc7d082d74c3a84dc15ed52ee7fe51
246,3675,data/raw/grand_bassin/images/stream_gbassinexch1.stream_2023-02-16_13-30-33/a96d32bc_f0003675.jpg,531025,8289d3b895275b4dac8bd9dafcbb21caaa8a2a5cedbc1d36eff8d28b89a13bba
247,3690,data/raw/grand_bassin/images/stream_gbassinexch1.stream_2023-02-16_13-30-33/a96d32bc_f0003690.jpg,532136,15c22a2b7e40de0706572e742675a27706f0c5abc68f046d1e49a1c9dc77f3d5
248,3705,data/raw/grand_bassin/images/stream_gbassinexch1.stream_2023-02-16_13-30-33/a96d32bc_f0003705.jpg,532727,1766b5a52bfdbef38014d65061d3e4b9c0cf210eeacb69bd69b3e2daaa5c6e54
249,3720,data/raw/grand_bassin/images/stream_gbassinexch1.stream_2023-02-16_13-30-33/a96d32bc_f0003720.jpg,533177,c6bc5aaf39714c4a40783bb3efaf43d7e977cca1b095255fcba86c9feb4a245e
250,3735,data/raw/grand_bassin/images/stream_gbassinexch1.stream_2023-02-16_13-30-33/a96d32bc_f0003735.jpg,533732,907ab21e0a48f686b5f7527f928c73672cba25859b4a4cecee1aa8d381ff1c2e
251,3750,data/raw/grand_bassin/images/stream_gbassinexch1.stream_2023-02-16_13-30-33/a96d32bc_f0003750.jpg,520262,930b0321a980f9045bbceb7b46f4c531c08f3df670f6f72d383f37ebdc9d32c0
252,3765,data/raw/grand_bassin/images/stream_gbassinexch1.stream_2023-02-16_13-30-33/a96d32bc_f0003765.jpg,523051,4a82d409688fc875e69279547cd0c8c1d31df34af171110ffb0a2db35010dd7d
253,3780,data/raw/grand_bassin/images/stream_gbassinexch1.stream_2023-02-16_13-30-33/a96d32bc_f0003780.jpg,524971,bdcac3bc6d47774ee8833437fe3dea8bc31eda56b8b510c296cba48f33dfaede
254,3795,data/raw/grand_bassin/images/stream_gbassinexch1.stream_2023-02-16_13-30-33/a96d32bc_f0003795.jpg,527048,49c83f15ac4e97549f4d4827553073fd6e31ebb9c429b6f888ab0121cfa81ea0
255,3810,data/raw/grand_bassin/images/stream_gbassinexch1.stream_2023-02-16_13-30-33/a96d32bc_f0003810.jpg,527491,067d3c7d7bd8041da411297b0d2ce30aacae65750543806b0f01bad48cd8b0cc
256,3825,data/raw/grand_bassin/images/stream_gbassinexch1.stream_2023-02-16_13-30-33/a96d32bc_f0003825.jpg,528500,54c419c8dc079cb9dd0a0e65055c47af1caaf6b6488430d9f18f76abf3d583b8
257,3840,data/raw/grand_bassin/images/stream_gbassinexch1.stream_2023-02-16_13-30-33/a96d32bc_f0003840.jpg,529952,05cf7b4c51694ede6045ad99e4ff12c197fc3d61fdef3540dd193d11801732f9
258,3855,data/raw/grand_bassin/images/stream_gbassinexch1.stream_2023-02-16_13-30-33/a96d32bc_f0003855.jpg,531204,a7db5d0fa4a221a1280f900f9b8f3c9efd1758e04b44cf76616e4cc07c3745f6
259,3870,data/raw/grand_bassin/images/stream_gbassinexch1.stream_2023-02-16_13-30-33/a96d32bc_f0003870.jpg,532389,58a50ee3966c4f97f6fb1b4975323f7b38ea186a5ffe77bea78e309aee30e066
260,3885,data/raw/grand_bassin/images/stream_gbassinexch1.stream_2023-02-16_13-30-33/a96d32bc_f0003885.jpg,532747,cb7817a44c450d8b713454a4432f1e1f543913d1b2f0b0b39edc4b81891b7ef2
261,3900,data/raw/grand_bassin/images/stream_gbassinexch1.stream_2023-02-16_13-30-33/a96d32bc_f0003900.jpg,533790,c0f49ef6a03bccf9bf9f822725711f255d710883f323262685f372cfbfef2a6d
262,3915,data/raw/grand_bassin/images/stream_gbassinexch1.stream_2023-02-16_13-30-33/a96d32bc_f0003915.jpg,534408,4dddfe086d199fb996f37fe50398ab4e38499282c72f449c7669530a07761087
263,3930,data/raw/grand_bassin/images/stream_gbassinexch1.stream_2023-02-16_13-30-33/a96d32bc_f0003930.jpg,522897,d68ba7d5c63bc7a925c1eb938976735b2460756f0dc0118f4ebc2c8fe3bb275e
264,3945,data/raw/grand_bassin/images/stream_gbassinexch1.stream_2023-02-16_13-30-33/a96d32bc_f0003945.jpg,525219,58beae4646c572ad5ee4d2373eaeaf439b1b4367e0da3ca4f847a0b25fcab1dc
265,3960,data/raw/grand_bassin/images/stream_gbassinexch1.stream_2023-02-16_13-30-33/a96d32bc_f0003960.jpg,527688,1af0f030f66ad49b4381d09c02f2ecd52a01f387693cf1a27a89258852a0aca5
266,3975,data/raw/grand_bassin/images/stream_gbassinexch1.stream_2023-02-16_13-30-33/a96d32bc_f0003975.jpg,528974,ad982a84d4712bc40cd1eaa266d427205451d8eb94dc799afd2eb442ee7f12be
267,3990,data/raw/grand_bassin/images/stream_gbassinexch1.stream_2023-02-16_13-30-33/a96d32bc_f0003990.jpg,530249,860b603ab7343a2e86ee2ed1164d1847c024fc1ad8bbb44732dd72b90e61c866
268,4005,data/raw/grand_bassin/images/stream_gbassinexch1.stream_2023-02-16_13-30-33/a96d32bc_f0004005.jpg,531412,cba9021cf7b37ff820ed5eb5a8fbd65a61224afac33ebbd86368b2894f7ab73c
269,4020,data/raw/grand_bassin/images/stream_gbassinexch1.stream_2023-02-16_13-30-33/a96d32bc_f0004020.jpg,532807,84783eaa690fc1d677770bcdb9e720600c715e2e64194c7d8c92f8d42435c614
270,4035,data/raw/grand_bassin/images/stream_gbassinexch1.stream_2023-02-16_13-30-33/a96d32bc_f0004035.jpg,534316,cfc88d97a5b7578053c999e5cc15ec2629709faadf9a15e95754d014a6d9e100
271,4050,data/raw/grand_bassin/images/stream_gbassinexch1.stream_2023-02-16_13-30-33/a96d32bc_f0004050.jpg,535517,addc035ce9255ce28d6409b8bff9a3959e4fe35b1d27aeaae43860f8e916c7aa
272,4065,data/raw/grand_bassin/images/stream_gbassinexch1.stream_2023-02-16_13-30-33/a96d32bc_f0004065.jpg,536770,d6b458e8fa62eb083ca7f3e149b225764287e51294d4e12e1d336f71e66f2bd0
273,4080,data/raw/grand_bassin/images/stream_gbassinexch1.stream_2023-02-16_13-30-33/a96d32bc_f0004080.jpg,537782,67cd43934bb616d8753d32f1b6e9bba2c8c4545889fce7bdf9f27709ae9810c0
274,4095,data/raw/grand_bassin/images/stream_gbassinexch1.stream_2023-02-16_13-30-33/a96d32bc_f0004095.jpg,523933,10ad107dfecf85f1748b435a6bc25a8fda3595f71f59fd11a06f0945430fdb43
275,4110,data/raw/grand_bassin/images/stream_gbassinexch1.stream_2023-02-16_13-30-33/a96d32bc_f0004110.jpg,529138,7e1b229633afbe24d03afa06c907f1aa91ba239a2ce69ef91eb354ca4d1aa113
276,4125,data/raw/grand_bassin/images/stream_gbassinexch1.stream_2023-02-16_13-30-33/a96d32bc_f0004125.jpg,530916,23c98bea7c44ba6d23ecd3366a8ddec77a9504eef884687bea7a031d23ec8fae
277,4140,data/raw/grand_bassin/images/stream_gbassinexch1.stream_2023-02-16_13-30-33/a96d32bc_f0004140.jpg,532171,3f9f4c10561901b5fb14c29508d9a8df16f1cf52d91c6fa0d912688056679f01
278,4155,data/raw/grand_bassin/images/stream_gbassinexch1.stream_2023-02-16_13-30-33/a96d32bc_f0004155.jpg,533459,e79175aef843342f96231de44131f48036c92766a4c88f8264d69b382a4dba72
279,4170,data/raw/grand_bassin/images/stream_gbassinexch1.stream_2023-02-16_13-30-33/a96d32bc_f0004170.jpg,535171,7fa7b4b877c238590ede0a2fcb53949777a7203e4c9299559b6b3b6e0910b362
280,4185,data/raw/grand_bassin/images/stream_gbassinexch1.stream_2023-02-16_13-30-33/a96d32bc_f0004185.jpg,535844,f7d4d5622cee536a3c95f7813dc96972c3586d29dc10cb6d7fe7f41fb1246f14
281,4200,data/raw/grand_bassin/images/stream_gbassinexch1.stream_2023-02-16_13-30-33/a96d32bc_f0004200.jpg,537591,260f389f2e915b0b79257d04d0556182f258629fe35d2f7d9eb3cf1bee8e75b8
282,4215,data/raw/grand_bassin/images/stream_gbassinexch1.stream_2023-02-16_13-30-33/a96d32bc_f0004215.jpg,539295,db3706c80dc071cd812baee046f767fe70821fe460b742bfaf9db986ced65125
283,4230,data/raw/grand_bassin/images/stream_gbassinexch1.stream_2023-02-16_13-30-33/a96d32bc_f0004230.jpg,540125,fe27aa36ee8c1290ade46eddd17b39f8927a13d58f945f6000792b5a258189d6
284,4245,data/raw/grand_bassin/images/stream_gbassinexch1.stream_2023-02-16_13-30-33/a96d32bc_f0004245.jpg,541323,194ab7af79c287bee303114c5481c491cd3b94dea54d75bf25e3387354edfb4a
285,4260,data/raw/grand_bassin/images/stream_gbassinexch1.stream_2023-02-16_13-30-33/a96d32bc_f0004260.jpg,542243,f698854c89cf1f65ab5ad240909a8af062dd40af7ad6ed35cd549ca5838adb49
286,4275,data/raw/grand_bassin/images/stream_gbassinexch1.stream_2023-02-16_13-30-33/a96d32bc_f0004275.jpg,528196,47fc639acdb35e093d7e6ea6bda83ce32ef68037f851303a6e2267a560331e4a
287,4290,data/raw/grand_bassin/images/stream_gbassinexch1.stream_2023-02-16_13-30-33/a96d32bc_f0004290.jpg,532457,dcd0f3c00e1001fbd3f8c4d8255b3ee68da04c72dc10fe30ceab7e0002775dc2
288,4305,data/raw/grand_bassin/images/stream_gbassinexch1.stream_2023-02-16_13-30-33/a96d32bc_f0004305.jpg,534657,a9aaa199523ef059a1cc47d446d165d1bb89bc55babf80828f70a9fcc57f12b4
289,4320,data/raw/grand_bassin/images/stream_gbassinexch1.stream_2023-02-16_13-30-33/a96d32bc_f0004320.jpg,536338,4c3a4643c16091d74a42b3b7bf69e3a1c0c7cd3bd388f3c2e6e750f3e9baebac
290,4335,data/raw/grand_bassin/images/stream_gbassinexch1.stream_2023-02-16_13-30-33/a96d32bc_f0004335.jpg,536654,2b058dc285bd648b7b6e4dcc8d0d522a7e4a6229feaaf8c5bb46701409ca3d94
291,4350,data/raw/grand_bassin/images/stream_gbassinexch1.stream_2023-02-16_13-30-33/a96d32bc_f0004350.jpg,536962,86b86e035cd6c2fd51cb8a8ea178c33f0f5686373603e1362de1da8cc3e6e34e
292,4365,data/raw/grand_bassin/images/stream_gbassinexch1.stream_2023-02-16_13-30-33/a96d32bc_f0004365.jpg,537600,c4aa25072af3ddc98b7b70563fb24cdd013a66118e332b1ded23d396f65efab3
293,4380,data/raw/grand_bassin/images/stream_gbassinexch1.stream_2023-02-16_13-30-33/a96d32bc_f0004380.jpg,538918,051b85c5cde488e84d409469530216d2a6df1fd7e0bfffde91ce7621b075886f
294,4395,data/raw/grand_bassin/images/stream_gbassinexch1.stream_2023-02-16_13-30-33/a96d32bc_f0004395.jpg,539955,920bdff47949ddf7ecf6268963fb8d1a5ded3de4aa0bb28ce7d8ebd1e5951732
295,4410,data/raw/grand_bassin/images/stream_gbassinexch1.stream_2023-02-16_13-30-33/a96d32bc_f0004410.jpg,540430,2196818be845c741781e14fa28d44f38945c23d479ebcb5c41a827d58c9429b2
296,4425,data/raw/grand_bassin/images/stream_gbassinexch1.stream_2023-02-16_13-30-33/a96d32bc_f0004425.jpg,541030,60c2f84f5182f43c110ccabc0124c6bf66b285518ac3a22b5211a450b4175b79
297,4440,data/raw/grand_bassin/images/stream_gbassinexch1.stream_2023-02-16_13-30-33/a96d32bc_f0004440.jpg,541439,9090e47cf27b81d6dc0d971c4064b10ef05e3432ab504f81946de2549c0f4559
298,4455,data/raw/grand_bassin/images/stream_gbassinexch1.stream_2023-02-16_13-30-33/a96d32bc_f0004455.jpg,524051,bdac35bd15a31a41716c65208eaf266138aa11b4c3608079d7348bc3742c016e
299,4470,data/raw/grand_bassin/images/stream_gbassinexch1.stream_2023-02-16_13-30-33/a96d32bc_f0004470.jpg,527620,9cfa7ded2423febcddf7c0b38513cafc0bf18c15f89ebad20c48096e8e097584
300,4485,data/raw/grand_bassin/images/stream_gbassinexch1.stream_2023-02-16_13-30-33/a96d32bc_f0004485.jpg,529079,1f0087778d6c2229166f87b9db8f74241caeef396bfa69e948857d96b6946bb0
301,4500,data/raw/grand_bassin/images/stream_gbassinexch1.stream_2023-02-16_13-30-33/a96d32bc_f0004500.jpg,530467,ec77fbf00e5f0c77f1ed2e085f4f2efda6e5143390358f350a7920fb4ae193ea
302,4515,data/raw/grand_bassin/images/stream_gbassinexch1.stream_2023-02-16_13-30-33/a96d32bc_f0004515.jpg,531313,61b91b617720da315a1118539038fea296a3520a0a5f4fbd5ac759fe968b8be5
303,4530,data/raw/grand_bassin/images/stream_gbassinexch1.stream_2023-02-16_13-30-33/a96d32bc_f0004530.jpg,409519,972f7e2f6b776851e312e80b71a8e23723e674fa1b1bcd21bf1b000738e90933
304,4545,data/raw/grand_bassin/images/stream_gbassinexch1.stream_2023-02-16_13-30-33/a96d32bc_f0004545.jpg,533533,16532aec635ef0e554aed4037c370af0946783089a40c797a3d33cf01d5a95ac
305,4560,data/raw/grand_bassin/images/stream_gbassinexch1.stream_2023-02-16_13-30-33/a96d32bc_f0004560.jpg,534496,37d7c3bca9f69deb405ef316a55a1f53275667e22d66544d0cd411e61850284a
306,4575,data/raw/grand_bassin/images/stream_gbassinexch1.stream_2023-02-16_13-30-33/a96d32bc_f0004575.jpg,411716,edacae5d72a4c1029d2e9d30e16045a1355258d8db45e31ac94d6a75496b2ff9
307,4590,data/raw/grand_bassin/images/stream_gbassinexch1.stream_2023-02-16_13-30-33/a96d32bc_f0004590.jpg,536053,bf181e53a43ca76d0603f148f53dbfee9e28c49f0200d1dd270a6abf4d0fb830
308,4605,data/raw/grand_bassin/images/stream_gbassinexch1.stream_2023-02-16_13-30-33/a96d32bc_f0004605.jpg,536624,2c30bb2df043fd5bc2eb54f877c13fe612badaf9834db57545bec6ba2b21cb8f
309,4620,data/raw/grand_bassin/images/stream_gbassinexch1.stream_2023-02-16_13-30-33/a96d32bc_f0004620.jpg,537294,7abb75b8129b8258f53261bbf5bb56285b8cb61b928b7a3511395b65c75bb995
310,4635,data/raw/grand_bassin/images/stream_gbassinexch1.stream_2023-02-16_13-30-33/a96d32bc_f0004635.jpg,524536,a51894078cb894471e1f750c6be5df702202063e7debc8594c7322bdd48ffad3
311,4650,data/raw/grand_bassin/images/stream_gbassinexch1.stream_2023-02-16_13-30-33/a96d32bc_f0004650.jpg,527178,2939da526817fef364b6d1597d2b232d7ff3e526629020d521089d2c4b836e29
312,4665,data/raw/grand_bassin/images/stream_gbassinexch1.stream_2023-02-16_13-30-33/a96d32bc_f0004665.jpg,529194,dd1200ec02fb51bdb06d4e07381559f25886fc88750ce8f19802143bb3470886
313,4680,data/raw/grand_bassin/images/stream_gbassinexch1.stream_2023-02-16_13-30-33/a96d32bc_f0004680.jpg,530915,55e8df275a90faf1365b6d3ecd4b9d439a98c127e66be1c2ee5b616055a98c04
314,4695,data/raw/grand_bassin/images/stream_gbassinexch1.stream_2023-02-16_13-30-33/a96d32bc_f0004695.jpg,531990,ca6e6e020b94fd1855c59156c5e3f53774f4846178228895d3fa0dd366019cdc
315,4710,data/raw/grand_bassin/images/stream_gbassinexch1.stream_2023-02-16_13-30-33/a96d32bc_f0004710.jpg,533146,3c0513deb2e63f9f8b55eacbed1654cf8527c2da6931d64b429b1c136a52dc01
316,4725,data/raw/grand_bassin/images/stream_gbassinexch1.stream_2023-02-16_13-30-33/a96d32bc_f0004725.jpg,533854,7285ce986679b76b576a20e39b777fe1bc859effb804a342629122a932ce3751
317,4740,data/raw/grand_bassin/images/stream_gbassinexch1.stream_2023-02-16_13-30-33/a96d32bc_f0004740.jpg,534598,925098f834828d62952fa0ec82f4ef2d09cf1767526faab933b4836b386c921f
318,4755,data/raw/grand_bassin/images/stream_gbassinexch1.stream_2023-02-16_13-30-33/a96d32bc_f0004755.jpg,535379,f02efeb1ed915ee6faadf987a2a6e6bef2ee925b6cb792c3291b1ca021db22b6
319,4770,data/raw/grand_bassin/images/stream_gbassinexch1.stream_2023-02-16_13-30-33/a96d32bc_f0004770.jpg,536479,4fc1a80b0abf1c1842d0ffde68ed731f413f2fa6ecb2f522ec2dc5a3a631b510
320,4785,data/raw/grand_bassin/images/stream_gbassinexch1.stream_2023-02-16_13-30-33/a96d32bc_f0004785.jpg,536961,8539bbf8142e091445eb0d271c42853f69da8428baea09fed3c68a4f7d19593b
321,4800,data/raw/grand_bassin/images/stream_gbassinexch1.stream_2023-02-16_13-30-33/a96d32bc_f0004800.jpg,537547,f93ee843e51c710be579fd5748a6b19ec40a38fdf60aeaaa3686cc1eb4fecad9
322,4815,data/raw/grand_bassin/images/stream_gbassinexch1.stream_2023-02-16_13-30-33/a96d32bc_f0004815.jpg,524007,441575a8e53635a186b6a29941de358739dc5bf3ff5d47f8a8e286e01efa2f3e
323,4830,data/raw/grand_bassin/images/stream_gbassinexch1.stream_2023-02-16_13-30-33/a96d32bc_f0004830.jpg,527115,126f141ef07ebd6deb29b892f1ec724dee7391b5e05d992d292abe8a208ddc5c
324,4845,data/raw/grand_bassin/images/stream_gbassinexch1.stream_2023-02-16_13-30-33/a96d32bc_f0004845.jpg,529567,2cdfd5290e507b827c2d18bab4ad14a2dfa5eb23afd083d4d23bea12d8958ef3
325,4860,data/raw/grand_bassin/images/stream_gbassinexch1.stream_2023-02-16_13-30-33/a96d32bc_f0004860.jpg,531366,33895cd6b41d3a674a7b3d32c7c4cf9dfc30c2dc8213b0cc726eb2b9f9ea8868
326,4875,data/raw/grand_bassin/images/stream_gbassinexch1.stream_2023-02-16_13-30-33/a96d32bc_f0004875.jpg,533194,eb775be35a979b4b462dd1ceb5ff53775d8c794a2d6e7851088f732be4fe9952
327,4890,data/raw/grand_bassin/images/stream_gbassinexch1.stream_2023-02-16_13-30-33/a96d32bc_f0004890.jpg,534847,f3cabc1ddf86f4dbb9d028e7af4585d106ad1c82b863e3208558e8b934630055
328,4905,data/raw/grand_bassin/images/stream_gbassinexch1.stream_2023-02-16_13-30-33/a96d32bc_f0004905.jpg,536250,7fa38428878108b3c2bba7bde3ec4212bae2b4bd35d96dfd812bf60f16ba872f
329,4920,data/raw/grand_bassin/images/stream_gbassinexch1.stream_2023-02-16_13-30-33/a96d32bc_f0004920.jpg,537495,66eebdaaeb5229f1f7ee0ff31c933b0a7963f015ce75ee492d873d6ccceeb66c
330,4935,data/raw/grand_bassin/images/stream_gbassinexch1.stream_2023-02-16_13-30-33/a96d32bc_f0004935.jpg,538617,66bf63c59e2e163ca262255fe5865ca69bf978f5601e85fbbc86f66780f11da4
331,4950,data/raw/grand_bassin/images/stream_gbassinexch1.stream_2023-02-16_13-30-33/a96d32bc_f0004950.jpg,539137,c188f748c87f20ced3cd6f10a1f09971ae062a262825ae0bd8a850c700687ee8
332,4965,data/raw/grand_bassin/images/stream_gbassinexch1.stream_2023-02-16_13-30-33/a96d32bc_f0004965.jpg,539969,0d1ded86b22e837de8227eb8255898f4b2ee834c436a0d9c9098e8d6165b35f3
333,4980,data/raw/grand_bassin/images/stream_gbassinexch1.stream_2023-02-16_13-30-33/a96d32bc_f0004980.jpg,540942,ef4ee1bec1bbb20ae5c471923420cbc4180d08390b09c916cb4cfde2a77b1521
334,4995,data/raw/grand_bassin/images/stream_gbassinexch1.stream_2023-02-16_13-30-33/a96d32bc_f0004995.jpg,527210,128865d6dc71df24a325a6a5cc1380e16e572107ada1ecc8b47bb288d69dd439
335,5010,data/raw/grand_bassin/images/stream_gbassinexch1.stream_2023-02-16_13-30-33/a96d32bc_f0005010.jpg,529979,156f7105912a1be4ed1e8c734fefb249a00dc95970a6995a5f96a9c3d30bd842
336,5025,data/raw/grand_bassin/images/stream_gbassinexch1.stream_2023-02-16_13-30-33/a96d32bc_f0005025.jpg,531884,0b7a9c06b6d677ea624bdb0f00482b1ed227e65b2094e90bf5dfc55574acfd63
337,5040,data/raw/grand_bassin/images/stream_gbassinexch1.stream_2023-02-16_13-30-33/a96d32bc_f0005040.jpg,533581,c18b0e62483ac7c801fa0d49c67ee4696568c0a387625f4764ac130f6953d4f2
338,5055,data/raw/grand_bassin/images/stream_gbassinexch1.stream_2023-02-16_13-30-33/a96d32bc_f0005055.jpg,535001,8ff022b6ed3ff49bf1017c718dd1facc195b3a2bdd7c16207cb1782f52f3cff1
339,5070,data/raw/grand_bassin/images/stream_gbassinexch1.stream_2023-02-16_13-30-33/a96d32bc_f0005070.jpg,535953,a237709b6e427ab0df1cbe3ffbd91ea4d52d53001f921ed9c7b8a28c855cf2be
340,5085,data/raw/grand_bassin/images/stream_gbassinexch1.stream_2023-02-16_13-30-33/a96d32bc_f0005085.jpg,537307,9e1abfdc8cbd4ca5d9ddcbd28984972c7de4964f910a4765d4a8ae94ca927016
341,5100,data/raw/grand_bassin/images/stream_gbassinexch1.stream_2023-02-16_13-30-33/a96d32bc_f0005100.jpg,538424,4b70f889a293c96df7e65714b555050f3ccf64eba71f543b1bc9883769c2a2c5
342,5115,data/raw/grand_bassin/images/stream_gbassinexch1.stream_2023-02-16_13-30-33/a96d32bc_f0005115.jpg,539051,622846f9c8cbc3fe5b57eb367ed1c663903326840fc7d9b8df5a4610b6847585
343,5130,data/raw/grand_bassin/images/stream_gbassinexch1.stream_2023-02-16_13-30-33/a96d32bc_f0005130.jpg,539968,3b488273e4d167492e7580e24775b21398b95f289d21402da929a9430e12ee78
344,5145,data/raw/grand_bassin/images/stream_gbassinexch1.stream_2023-02-16_13-30-33/a96d32bc_f0005145.jpg,541004,9f0a0a3a1f80473e5f89be6f0e1e343650e1420a6e11d0b63d3cb68b17bf5721
345,5160,data/raw/grand_bassin/images/stream_gbassinexch1.stream_2023-02-16_13-30-33/a96d32bc_f0005160.jpg,541715,e02184ef898858537d8f4307fa3658989a987254cf3f82ec92d7f3117cc31072
346,5175,data/raw/grand_bassin/images/stream_gbassinexch1.stream_2023-02-16_13-30-33/a96d32bc_f0005175.jpg,528412,ed4404080687a4de04525be779e889512e6e15e364c9a9e926b3eb4bc263c1c7
347,5190,data/raw/grand_bassin/images/stream_gbassinexch1.stream_2023-02-16_13-30-33/a96d32bc_f0005190.jpg,531254,2884f278f5b4f85da9d155356daef5c35df98777ec6f6acd9c8b253fccd0b4a8
348,5205,data/raw/grand_bassin/images/stream_gbassinexch1.stream_2023-02-16_13-30-33/a96d32bc_f0005205.jpg,532952,ad2681f2f8ea797fe50c5a785b21098819082a2888fa7488367d6d20d5207a9c
349,5220,data/raw/grand_bassin/images/stream_gbassinexch1.stream_2023-02-16_13-30-33/a96d32bc_f0005220.jpg,534588,fecc436d17470aefebfcf2e30430442e337c7fbbb89d51a322f893f8bc797be0
350,5235,data/raw/grand_bassin/images/stream_gbassinexch1.stream_2023-02-16_13-30-33/a96d32bc_f0005235.jpg,535400,6c94079abf2b16e2db245a0c6e201c87fa84a2f49d7c5de41f18fcf282d961e2
351,5250,data/raw/grand_bassin/images/stream_gbassinexch1.stream_2023-02-16_13-30-33/a96d32bc_f0005250.jpg,536338,c95a0674bf2cad21476cab3dbf8a85d8444d415bf667bc969b4810138978dfa2
352,5265,data/raw/grand_bassin/images/stream_gbassinexch1.stream_2023-02-16_13-30-33/a96d32bc_f0005265.jpg,537157,45206dec2da1aece594bb971141b3d880c45decd31fede0c78ad9327d66b59e2
353,5280,data/raw/grand_bassin/images/stream_gbassinexch1.stream_2023-02-16_13-30-33/a96d32bc_f0005280.jpg,537593,b663d17439e2d94530860a2500fd6409dd1f726075af6de71a1b928cf78d2aef
354,5295,data/raw/grand_bassin/images/stream_gbassinexch1.stream_2023-02-16_13-30-33/a96d32bc_f0005295.jpg,538471,c8c3d9e2a38a1509e141ff2a8abf681fc92d2ff98a725c895de2e29e603535f2
355,5310,data/raw/grand_bassin/images/stream_gbassinexch1.stream_2023-02-16_13-30-33/a96d32bc_f0005310.jpg,539216,e4e71fd61255d2e0ca5d04fd7fc7a0a27004f79a7ac59e8c8868bbd744bb6b8f
356,5325,data/raw/grand_bassin/images/stream_gbassinexch1.stream_2023-02-16_13-30-33/a96d32bc_f0005325.jpg,539663,58b26aa1161a4c1fc47ab4a2cfdd20e4aec0df7b314256161d4cae6cf9241d3f
357,5340,data/raw/grand_bassin/images/stream_gbassinexch1.stream_2023-02-16_13-30-33/a96d32bc_f0005340.jpg,522362,f6715fd9de8fb65b7e299370471bb555415b6303a69a2e33ef1b83c21a717573
358,5355,data/raw/grand_bassin/images/stream_gbassinexch1.stream_2023-02-16_13-30-33/a96d32bc_f0005355.jpg,527720,a37444892e53665f7c2c1b310205ee099b62ccf25316e0d6738d48bffd6e62b7
359,5370,data/raw/grand_bassin/images/stream_gbassinexch1.stream_2023-02-16_13-30-33/a96d32bc_f0005370.jpg,530525,1f704362f6c2472679b2b7faf8b92569d51539e17699050c68260671855c61ae
360,5385,data/raw/grand_bassin/images/stream_gbassinexch1.stream_2023-02-16_13-30-33/a96d32bc_f0005385.jpg,531722,00937309bae27484693b51ab3b8febd910efefb74452bfcc19fdb6531c811c2d
361,5400,data/raw/grand_bassin/images/stream_gbassinexch1.stream_2023-02-16_13-30-33/a96d32bc_f0005400.jpg,533145,11620ee5d7409744de46f9e600178d9d632ff2eb3a9c7b3452da14dc73acbf57
