sample_id,role,source,weather,date,timestamp,group_id,local_path,xml_path,archive_image_member,archive_xml_member,image_bytes,image_sha256,xml_bytes,xml_sha256,width,height,known_slots,occupied,vacant,unknown
pklot_stage_k_001,stage_k_candidate_no_predictions,pucpr,sunny,2012-09-15,2012-09-15T05_56_59Z,pucpr/2012-09-15,images/pucpr/2012-09-15/2012-09-15_05_56_59.jpg,xml/pucpr/2012-09-15/2012-09-15_05_56_59.xml,PKLot/parking2/sunny/2012-09-15/2012-09-15_05_56_59.jpg,PKLot/parking2/sunny/2012-09-15/2012-09-15_05_56_59.xml,201944,2352de7a5770dd20c5c4ed6c44e9caab673f855d386cb3018d10ff93617ded41,33530,a70edfad2453153785dc90c3186f41a7574824da7ace7ede655254855a53f5f6,1280,720,100,2,98,0
pklot_stage_k_002,stage_k_candidate_no_predictions,pucpr,sunny,2012-09-15,2012-09-15T06_17_00Z,pucpr/2012-09-15,images/pucpr/2012-09-15/2012-09-15_06_17_00.jpg,xml/pucpr/2012-09-15/2012-09-15_06_17_00.xml,PKLot/parking2/sunny/2012-09-15/2012-09-15_06_17_00.jpg,PKLot/parking2/sunny/2012-09-15/2012-09-15_06_17_00.xml,249645,937f6de2503e91764bdcf76322e002bb7d7fd44a6c52e2efb698516a0727892f,33530,a70edfad2453153785dc90c3186f41a7574824da7ace7ede655254855a53f5f6,1280,720,100,2,98,0
pklot_stage_k_003,stage_k_candidate_no_predictions,pucpr,sunny,2012-09-15,2012-09-15T06_37_01Z,pucpr/2012-09-15,images/pucpr/2012-09-15/2012-09-15_06_37_01.jpg,xml/pucpr/2012-09-15/2012-09-15_06_37_01.xml,PKLot/parking2/sunny/2012-09-15/2012-09-15_06_37_01.jpg,PKLot/parking2/sunny/2012-09-15/2012-09-15_06_37_01.xml,250523,279363c4fc5f10783b06f2a6fdc290ba9465ef1e072d34107ed8aeb0f3b87494,33530,a70edfad2453153785dc90c3186f41a7574824da7ace7ede655254855a53f5f6,1280,720,100,2,98,0
pklot_stage_k_004,stage_k_candidate_no_predictions,pucpr,sunny,2012-09-15,2012-09-15T06_47_01Z,pucpr/2012-09-15,images/pucpr/2012-09-15/2012-09-15_06_47_01.jpg,xml/pucpr/2012-09-15/2012-09-15_06_47_01.xml,PKLot/parking2/sunny/2012-09-15/2012-09-15_06_47_01.jpg,PKLot/parking2/sunny/2012-09-15/2012-09-15_06_47_01.xml,247513,e0e6ea755737a5658714cbdd746c9debe46f44cc3333770ea7617150a45dd037,33530,a70edfad2453153785dc90c3186f41a7574824da7ace7ede655254855a53f5f6,1280,720,100,2,98,0
pklot_stage_k_005,stage_k_candidate_no_predictions,pucpr,sunny,2012-09-15,2012-09-15T07_17_02Z,pucpr/2012-09-15,images/pucpr/2012-09-15/2012-09-15_07_17_02.jpg,xml/pucpr/2012-09-15/2012-09-15_07_17_02.xml,PKLot/parking2/sunny/2012-09-15/2012-09-15_07_17_02.jpg,PKLot/parking2/sunny/2012-09-15/2012-09-15_07_17_02.xml,245015,2a9b2e8c009ae0162316a0535e245b7e00dab12f50475dbdd292f6fb780b1ec5,33530,a70edfad2453153785dc90c3186f41a7574824da7ace7ede655254855a53f5f6,1280,720,100,2,98,0
pklot_stage_k_006,stage_k_candidate_no_predictions,pucpr,sunny,2012-09-15,2012-09-15T07_32_03Z,pucpr/2012-09-15,images/pucpr/2012-09-15/2012-09-15_07_32_03.jpg,xml/pucpr/2012-09-15/2012-09-15_07_32_03.xml,PKLot/parking2/sunny/2012-09-15/2012-09-15_07_32_03.jpg,PKLot/parking2/sunny/2012-09-15/2012-09-15_07_32_03.xml,246565,1a44f5ab167cae79c72da7a586b6e6daef6097a0b30272cc9c12afc07a8a026a,33530,a70edfad2453153785dc90c3186f41a7574824da7ace7ede655254855a53f5f6,1280,720,100,2,98,0
pklot_stage_k_007,stage_k_candidate_no_predictions,pucpr,sunny,2012-09-15,2012-09-15T07_47_03Z,pucpr/2012-09-15,images/pucpr/2012-09-15/2012-09-15_07_47_03.jpg,xml/pucpr/2012-09-15/2012-09-15_07_47_03.xml,PKLot/parking2/sunny/2012-09-15/2012-09-15_07_47_03.jpg,PKLot/parking2/sunny/2012-09-15/2012-09-15_07_47_03.xml,255999,364accb40413587ac592bc6ebace4e8609c162ea2a0e738a10352ff4371de990,33530,95edee542d9896373732ca91acec526657db6eda3f4b4805cd1946a3ceb1a873,1280,720,100,3,97,0
pklot_stage_k_008,stage_k_candidate_no_predictions,pucpr,sunny,2012-09-15,2012-09-15T08_27_05Z,pucpr/2012-09-15,images/pucpr/2012-09-15/2012-09-15_08_27_05.jpg,xml/pucpr/2012-09-15/2012-09-15_08_27_05.xml,PKLot/parking2/sunny/2012-09-15/2012-09-15_08_27_05.jpg,PKLot/parking2/sunny/2012-09-15/2012-09-15_08_27_05.xml,290098,75aa02b44f2d4037d1134dd242254997784ca99d88f77d660e4ebf80bfafb574,33504,10e3b956dab2a3e741b67b13b30bef4f2b54e979955556f8d758e51791d01244,1280,720,98,15,83,2
pklot_stage_k_009,stage_k_candidate_no_predictions,pucpr,sunny,2012-09-15,2012-09-15T08_42_05Z,pucpr/2012-09-15,images/pucpr/2012-09-15/2012-09-15_08_42_05.jpg,xml/pucpr/2012-09-15/2012-09-15_08_42_05.xml,PKLot/parking2/sunny/2012-09-15/2012-09-15_08_42_05.jpg,PKLot/parking2/sunny/2012-09-15/2012-09-15_08_42_05.xml,349790,505e93fabf783c1e4bbf6cf984a0419eb866b00056f79c5385a6f09094919fa0,33530,50f23325b1925afdd35b173f0708673e31e3033c757456a6a149644d3e6ac363,1280,720,100,27,73,0
pklot_stage_k_010,stage_k_candidate_no_predictions,pucpr,sunny,2012-09-15,2012-09-15T08_57_06Z,pucpr/2012-09-15,images/pucpr/2012-09-15/2012-09-15_08_57_06.jpg,xml/pucpr/2012-09-15/2012-09-15_08_57_06.xml,PKLot/parking2/sunny/2012-09-15/2012-09-15_08_57_06.jpg,PKLot/parking2/sunny/2012-09-15/2012-09-15_08_57_06.xml,332344,1441803d9ca2222345af1be374b6b095ccd99bf0c8cff7953f69ff23beee5b58,33517,b5b22a5e67cec1b692d0a4ed967c5fbc784d456103432f5c57f7e238134279a3,1280,720,99,35,64,1
pklot_stage_k_011,stage_k_candidate_no_predictions,pucpr,sunny,2012-09-15,2012-09-15T09_17_07Z,pucpr/2012-09-15,images/pucpr/2012-09-15/2012-09-15_09_17_07.jpg,xml/pucpr/2012-09-15/2012-09-15_09_17_07.xml,PKLot/parking2/sunny/2012-09-15/2012-09-15_09_17_07.jpg,PKLot/parking2/sunny/2012-09-15/2012-09-15_09_17_07.xml,351083,8fee5229ca22e7fb24582d0b9ec6795c5618640d5d736237ae8c1dfe9611b757,33530,d752aab5445ab5a26d5333c2536e94743055134c68bac5efa7416353d60a50dd,1280,720,100,53,47,0
pklot_stage_k_012,stage_k_candidate_no_predictions,pucpr,sunny,2012-09-15,2012-09-15T09_42_08Z,pucpr/2012-09-15,images/pucpr/2012-09-15/2012-09-15_09_42_08.jpg,xml/pucpr/2012-09-15/2012-09-15_09_42_08.xml,PKLot/parking2/sunny/2012-09-15/2012-09-15_09_42_08.jpg,PKLot/parking2/sunny/2012-09-15/2012-09-15_09_42_08.xml,404499,e7e75b0ab91ed69c626213cd34c27823b0fa82a2f27ecca49fb42484dd729fe7,33530,7af7e4fc803bbbdc1a8a1f20abf3a6e977474567bcac57df09f8e449cf1f6ccb,1280,720,100,82,18,0
pklot_stage_k_013,stage_k_candidate_no_predictions,pucpr,sunny,2012-09-15,2012-09-15T09_52_08Z,pucpr/2012-09-15,images/pucpr/2012-09-15/2012-09-15_09_52_08.jpg,xml/pucpr/2012-09-15/2012-09-15_09_52_08.xml,PKLot/parking2/sunny/2012-09-15/2012-09-15_09_52_08.jpg,PKLot/parking2/sunny/2012-09-15/2012-09-15_09_52_08.xml,409828,57d3dc551abf923d4dd85a4f1af4f27cbd6f4e3916fef79bd1ce929184c03ef6,33530,af4c7adc490208a6b00cfccafdaa35a0430a11d7e2ad37506a7ffd637dd620ed,1280,720,100,83,17,0
pklot_stage_k_014,stage_k_candidate_no_predictions,pucpr,sunny,2012-09-15,2012-09-15T10_12_09Z,pucpr/2012-09-15,images/pucpr/2012-09-15/2012-09-15_10_12_09.jpg,xml/pucpr/2012-09-15/2012-09-15_10_12_09.xml,PKLot/parking2/sunny/2012-09-15/2012-09-15_10_12_09.jpg,PKLot/parking2/sunny/2012-09-15/2012-09-15_10_12_09.xml,413795,9fbf0603e80d5ac0f17e92090e6a95c2610c0843a4f04ee221aab7a4cffdbf13,33530,fc759a27df56bfe76eae4ff74c962f38f1dea5265bd7acb2b608c9b4accf7293,1280,720,100,84,16,0
pklot_stage_k_015,stage_k_candidate_no_predictions,pucpr,sunny,2012-09-15,2012-09-15T10_22_10Z,pucpr/2012-09-15,images/pucpr/2012-09-15/2012-09-15_10_22_10.jpg,xml/pucpr/2012-09-15/2012-09-15_10_22_10.xml,PKLot/parking2/sunny/2012-09-15/2012-09-15_10_22_10.jpg,PKLot/parking2/sunny/2012-09-15/2012-09-15_10_22_10.xml,417641,d63a4607e70fc4069cd8e3fc5c63c03d6ea8610cb91b7730ea84df7f1fda423e,33530,6515f63d9560934026fa318f67834784f894e60f8a30038b6eaf6e93f8c9f98d,1280,720,100,88,12,0
pklot_stage_k_016,stage_k_candidate_no_predictions,pucpr,sunny,2012-09-15,2012-09-15T10_42_10Z,pucpr/2012-09-15,images/pucpr/2012-09-15/2012-09-15_10_42_10.jpg,xml/pucpr/2012-09-15/2012-09-15_10_42_10.xml,PKLot/parking2/sunny/2012-09-15/2012-09-15_10_42_10.jpg,PKLot/parking2/sunny/2012-09-15/2012-09-15_10_42_10.xml,411943,c826f23addd682ad0b84a6c1eb32480eb41702fc267b920fe099c8bb18655fd7,33530,c4da6ac863556d538770a166823f012b7d39f1d7d98031a7f74ffd260da66bc2,1280,720,100,87,13,0
pklot_stage_k_017,stage_k_candidate_no_predictions,pucpr,sunny,2012-09-15,2012-09-15T11_07_11Z,pucpr/2012-09-15,images/pucpr/2012-09-15/2012-09-15_11_07_11.jpg,xml/pucpr/2012-09-15/2012-09-15_11_07_11.xml,PKLot/parking2/sunny/2012-09-15/2012-09-15_11_07_11.jpg,PKLot/parking2/sunny/2012-09-15/2012-09-15_11_07_11.xml,406471,6f83dd2b11183ec67f75c9140c27c4e8c599e5cd65582011297619355c0fafd4,33530,33adba029ad2e05d4af36fda249f88ff5b7d8269a40b1f10895ed7114894463d,1280,720,100,86,14,0
pklot_stage_k_018,stage_k_candidate_no_predictions,pucpr,sunny,2012-09-15,2012-09-15T11_22_12Z,pucpr/2012-09-15,images/pucpr/2012-09-15/2012-09-15_11_22_12.jpg,xml/pucpr/2012-09-15/2012-09-15_11_22_12.xml,PKLot/parking2/sunny/2012-09-15/2012-09-15_11_22_12.jpg,PKLot/parking2/sunny/2012-09-15/2012-09-15_11_22_12.xml,391958,4f2ae941db68f5875b7097a89afd12d41f0a5eacebab436edaa0c41a231c8711,33530,2cdb9809930198f2a188103cdf554c0b4235d6dc54e2444a6ead9b08a7dd2d8a,1280,720,100,78,22,0
pklot_stage_k_019,stage_k_candidate_no_predictions,pucpr,sunny,2012-09-15,2012-09-15T12_02_14Z,pucpr/2012-09-15,images/pucpr/2012-09-15/2012-09-15_12_02_14.jpg,xml/pucpr/2012-09-15/2012-09-15_12_02_14.xml,PKLot/parking2/sunny/2012-09-15/2012-09-15_12_02_14.jpg,PKLot/parking2/sunny/2012-09-15/2012-09-15_12_02_14.xml,351951,a8acb8d2c5f77d19625167b0e75874f07077345d0f3661858a3fc710297fbfbe,33530,501b9982f0b010f902cdc075e0aca58a7ff7bae313e1c3fe088f2a163a5d43e6,1280,720,100,58,42,0
pklot_stage_k_020,stage_k_candidate_no_predictions,pucpr,sunny,2012-09-15,2012-09-15T12_17_14Z,pucpr/2012-09-15,images/pucpr/2012-09-15/2012-09-15_12_17_14.jpg,xml/pucpr/2012-09-15/2012-09-15_12_17_14.xml,PKLot/parking2/sunny/2012-09-15/2012-09-15_12_17_14.jpg,PKLot/parking2/sunny/2012-09-15/2012-09-15_12_17_14.xml,328230,60e41a2a1be169c24ee9ea8c21df777150a9b72a8e4f32710e5e816fa574d693,33530,0344788aef1a226e7726d54dad52c7e4cd64d6bb8769d61a76cfc0dd4d7290b8,1280,720,100,46,54,0
pklot_stage_k_021,stage_k_candidate_no_predictions,pucpr,sunny,2012-09-15,2012-09-15T12_42_15Z,pucpr/2012-09-15,images/pucpr/2012-09-15/2012-09-15_12_42_15.jpg,xml/pucpr/2012-09-15/2012-09-15_12_42_15.xml,PKLot/parking2/sunny/2012-09-15/2012-09-15_12_42_15.jpg,PKLot/parking2/sunny/2012-09-15/2012-09-15_12_42_15.xml,329110,2db4de63b17fe1629f6fd24a606d68c670efda66b71679f4fc8589be8adb3224,33530,a9e82d19e82e43b687e6424750c634d7b258400b03d061d3d1ffbee7614626ae,1280,720,100,37,63,0
pklot_stage_k_022,stage_k_candidate_no_predictions,pucpr,sunny,2012-09-15,2012-09-15T13_07_16Z,pucpr/2012-09-15,images/pucpr/2012-09-15/2012-09-15_13_07_16.jpg,xml/pucpr/2012-09-15/2012-09-15_13_07_16.xml,PKLot/parking2/sunny/2012-09-15/2012-09-15_13_07_16.jpg,PKLot/parking2/sunny/2012-09-15/2012-09-15_13_07_16.xml,310393,5915313003b612f706d9f61f4726325a8867765c6414af7c9b9227010eb76de9,33530,f9bc3bcf3108575eef2f8fa708a4bed7154d470fb3a0cb5ad907df2ebe3a2777,1280,720,100,31,69,0
pklot_stage_k_023,stage_k_candidate_no_predictions,pucpr,sunny,2012-09-15,2012-09-15T14_07_19Z,pucpr/2012-09-15,images/pucpr/2012-09-15/2012-09-15_14_07_19.jpg,xml/pucpr/2012-09-15/2012-09-15_14_07_19.xml,PKLot/parking2/sunny/2012-09-15/2012-09-15_14_07_19.jpg,PKLot/parking2/sunny/2012-09-15/2012-09-15_14_07_19.xml,325567,b3b91fff7950e3f2c10bc31399846b6c3c410ffd533e7cc28f5de6157bebc3ca,33530,1a20d815f9ab6270961aa2b669d37803864fe6cfc54cdbba41592889149ed65f,1280,720,100,31,69,0
pklot_stage_k_024,stage_k_candidate_no_predictions,pucpr,sunny,2012-09-15,2012-09-15T15_02_21Z,pucpr/2012-09-15,images/pucpr/2012-09-15/2012-09-15_15_02_21.jpg,xml/pucpr/2012-09-15/2012-09-15_15_02_21.xml,PKLot/parking2/sunny/2012-09-15/2012-09-15_15_02_21.jpg,PKLot/parking2/sunny/2012-09-15/2012-09-15_15_02_21.xml,277720,bc44d4a4f8a49a92b79236a63c2cc08d96c60442290128cfc95e1f164a64989b,33530,8721c7946548618323f0030a3f5fc795be9d6d8091f6e3a92af0c722a3bb2997,1280,720,100,25,75,0
pklot_stage_k_025,stage_k_candidate_no_predictions,pucpr,sunny,2012-09-15,2012-09-15T15_17_22Z,pucpr/2012-09-15,images/pucpr/2012-09-15/2012-09-15_15_17_22.jpg,xml/pucpr/2012-09-15/2012-09-15_15_17_22.xml,PKLot/parking2/sunny/2012-09-15/2012-09-15_15_17_22.jpg,PKLot/parking2/sunny/2012-09-15/2012-09-15_15_17_22.xml,278495,9a782355677e331c49530a3d904ea8296c405333ad8a2813a19298e604b7e11f,33530,1b9c7b3962d915d6c9a642225113f5bd83e2c1eae6e5069bf7a46b7dd2f71767,1280,720,100,24,76,0
pklot_stage_k_026,stage_k_candidate_no_predictions,pucpr,sunny,2012-09-15,2012-09-15T16_02_24Z,pucpr/2012-09-15,images/pucpr/2012-09-15/2012-09-15_16_02_24.jpg,xml/pucpr/2012-09-15/2012-09-15_16_02_24.xml,PKLot/parking2/sunny/2012-09-15/2012-09-15_16_02_24.jpg,PKLot/parking2/sunny/2012-09-15/2012-09-15_16_02_24.xml,258539,0a120fe2a7163326d75b0e63b80be31b88239d6d8027b24ee0931bb8504ad4c7,33517,4adb7155ee935e25a8f22a2f81a2d3443000316380faf0b691dea52d788779b6,1280,720,99,20,79,1
pklot_stage_k_027,stage_k_candidate_no_predictions,pucpr,sunny,2012-09-15,2012-09-15T16_17_24Z,pucpr/2012-09-15,images/pucpr/2012-09-15/2012-09-15_16_17_24.jpg,xml/pucpr/2012-09-15/2012-09-15_16_17_24.xml,PKLot/parking2/sunny/2012-09-15/2012-09-15_16_17_24.jpg,PKLot/parking2/sunny/2012-09-15/2012-09-15_16_17_24.xml,257622,93a77bafc2e1096720556588a2e1a916ebd6cde1a6420553a84f3669e4544201,33530,cef709c50cc9a176cf92d36db57497c7e74337eef4d404ffa480ebd3ae8b8398,1280,720,100,18,82,0
pklot_stage_k_028,stage_k_candidate_no_predictions,pucpr,sunny,2012-09-15,2012-09-15T17_07_26Z,pucpr/2012-09-15,images/pucpr/2012-09-15/2012-09-15_17_07_26.jpg,xml/pucpr/2012-09-15/2012-09-15_17_07_26.xml,PKLot/parking2/sunny/2012-09-15/2012-09-15_17_07_26.jpg,PKLot/parking2/sunny/2012-09-15/2012-09-15_17_07_26.xml,241880,4284462830cbf9a03a39defd3d6b2dfdd67205a2b4da7ca4867a4be497971532,33530,a993fc4b35456d019a2fcc8bc59abdd65a21f12ddc6cae89a24131fa350654fe,1280,720,100,9,91,0
pklot_stage_k_029,stage_k_candidate_no_predictions,pucpr,sunny,2012-09-15,2012-09-15T17_32_27Z,pucpr/2012-09-15,images/pucpr/2012-09-15/2012-09-15_17_32_27.jpg,xml/pucpr/2012-09-15/2012-09-15_17_32_27.xml,PKLot/parking2/sunny/2012-09-15/2012-09-15_17_32_27.jpg,PKLot/parking2/sunny/2012-09-15/2012-09-15_17_32_27.xml,237495,efd0c1ec1bd04730a16c5fccaf2d2b54da6f7c5e36a55979179cab944c3c7c69,33530,ac06d1fe7ff8356449b5e3f468118d66d1dbcb1e8a3753efedd9c284806d4494,1280,720,100,4,96,0
pklot_stage_k_030,stage_k_candidate_no_predictions,pucpr,sunny,2012-09-15,2012-09-15T18_07_28Z,pucpr/2012-09-15,images/pucpr/2012-09-15/2012-09-15_18_07_28.jpg,xml/pucpr/2012-09-15/2012-09-15_18_07_28.xml,PKLot/parking2/sunny/2012-09-15/2012-09-15_18_07_28.jpg,PKLot/parking2/sunny/2012-09-15/2012-09-15_18_07_28.xml,236185,9ac3b7412c1e250843348b25d8ddbc69dc8ad6f95422330ed25498ff4b200b3a,33530,34924844302ba1b8265e70ceeb646beff81153c7e4575af3f05540e81eecb1df,1280,720,100,2,98,0
pklot_stage_k_031,stage_k_candidate_no_predictions,ufpr04,cloudy,2013-01-16,2013-01-16T07_40_03Z,ufpr04/2013-01-16,images/ufpr04/2013-01-16/2013-01-16_07_40_03.jpg,xml/ufpr04/2013-01-16/2013-01-16_07_40_03.xml,PKLot/parking1a/cloudy/2013-01-16/2013-01-16_07_40_03.jpg,PKLot/parking1a/cloudy/2013-01-16/2013-01-16_07_40_03.xml,284713,3eeea46cd545cc04ecf9c57297821ac4c1d22a259804243d8d2a20c3d89611d3,9434,132803bcd1b58256420ed6efd95d7c5477c2435426d90f2e8530b32844dcd206,1280,720,28,0,28,0
pklot_stage_k_032,stage_k_candidate_no_predictions,ufpr04,cloudy,2013-01-16,2013-01-16T07_50_03Z,ufpr04/2013-01-16,images/ufpr04/2013-01-16/2013-01-16_07_50_03.jpg,xml/ufpr04/2013-01-16/2013-01-16_07_50_03.xml,PKLot/parking1a/cloudy/2013-01-16/2013-01-16_07_50_03.jpg,PKLot/parking1a/cloudy/2013-01-16/2013-01-16_07_50_03.xml,288356,b3d8a76333933b15173c601af73dd793b99f1c17d43148cf1ab35ad3ecbf1f85,9434,132803bcd1b58256420ed6efd95d7c5477c2435426d90f2e8530b32844dcd206,1280,720,28,0,28,0
pklot_stage_k_033,stage_k_candidate_no_predictions,ufpr04,cloudy,2013-01-16,2013-01-16T08_10_03Z,ufpr04/2013-01-16,images/ufpr04/2013-01-16/2013-01-16_08_10_03.jpg,xml/ufpr04/2013-01-16/2013-01-16_08_10_03.xml,PKLot/parking1a/cloudy/2013-01-16/2013-01-16_08_10_03.jpg,PKLot/parking1a/cloudy/2013-01-16/2013-01-16_08_10_03.xml,282016,053ce98ae220dc45c8c405e2614065b7f3194b7a27f302216279bd01ff6638c5,9434,132803bcd1b58256420ed6efd95d7c5477c2435426d90f2e8530b32844dcd206,1280,720,28,0,28,0
pklot_stage_k_034,stage_k_candidate_no_predictions,ufpr04,cloudy,2013-01-16,2013-01-16T09_00_04Z,ufpr04/2013-01-16,images/ufpr04/2013-01-16/2013-01-16_09_00_04.jpg,xml/ufpr04/2013-01-16/2013-01-16_09_00_04.xml,PKLot/parking1a/cloudy/2013-01-16/2013-01-16_09_00_04.jpg,PKLot/parking1a/cloudy/2013-01-16/2013-01-16_09_00_04.xml,299870,4415362a96089f66db9c13370cbc04e096b1418cbc23b9a77051637576e3222f,9434,132803bcd1b58256420ed6efd95d7c5477c2435426d90f2e8530b32844dcd206,1280,720,28,0,28,0
pklot_stage_k_035,stage_k_candidate_no_predictions,ufpr04,cloudy,2013-01-16,2013-01-16T09_25_05Z,ufpr04/2013-01-16,images/ufpr04/2013-01-16/2013-01-16_09_25_05.jpg,xml/ufpr04/2013-01-16/2013-01-16_09_25_05.xml,PKLot/parking1a/cloudy/2013-01-16/2013-01-16_09_25_05.jpg,PKLot/parking1a/cloudy/2013-01-16/2013-01-16_09_25_05.xml,283458,4b30f44aa34717cdd1e888a5875b978359f9742fac960c9f4ed6e80ebde850c0,9434,5e65db0fad673398d11aaf89849b5ca44088c8c5dfac70b6099bfad5c4abbffd,1280,720,28,4,24,0
pklot_stage_k_036,stage_k_candidate_no_predictions,ufpr04,cloudy,2013-01-16,2013-01-16T09_35_05Z,ufpr04/2013-01-16,images/ufpr04/2013-01-16/2013-01-16_09_35_05.jpg,xml/ufpr04/2013-01-16/2013-01-16_09_35_05.xml,PKLot/parking1a/cloudy/2013-01-16/2013-01-16_09_35_05.jpg,PKLot/parking1a/cloudy/2013-01-16/2013-01-16_09_35_05.xml,287292,3a6bae0cd21049e93a1bc6261a2bc326379b91af14cafd5d3d6cf04509044408,9421,3ce885ec8cae2bb3c7d8706c723759804662009fea2c3fb6e6856bd9fe5734b8,1280,720,27,5,22,1
pklot_stage_k_037,stage_k_candidate_no_predictions,ufpr04,cloudy,2013-01-16,2013-01-16T09_45_05Z,ufpr04/2013-01-16,images/ufpr04/2013-01-16/2013-01-16_09_45_05.jpg,xml/ufpr04/2013-01-16/2013-01-16_09_45_05.xml,PKLot/parking1a/cloudy/2013-01-16/2013-01-16_09_45_05.jpg,PKLot/parking1a/cloudy/2013-01-16/2013-01-16_09_45_05.xml,289163,4089e777cdf9f149fe94fe8594f45b19ec9701e88d4282e19114d87676dd803c,9434,9135d875662a7a6e06a7a920a11a7bb1411414e335be7198cf25f19fcbfac348,1280,720,28,5,23,0
pklot_stage_k_038,stage_k_candidate_no_predictions,ufpr04,cloudy,2013-01-16,2013-01-16T09_55_05Z,ufpr04/2013-01-16,images/ufpr04/2013-01-16/2013-01-16_09_55_05.jpg,xml/ufpr04/2013-01-16/2013-01-16_09_55_05.xml,PKLot/parking1a/cloudy/2013-01-16/2013-01-16_09_55_05.jpg,PKLot/parking1a/cloudy/2013-01-16/2013-01-16_09_55_05.xml,285935,7a1d30193e0a51ae516dcbc51be2634e679c4b8b4d72c2dba1dad7a551f1ce56,9434,26b357d5cbe31a82d09688a3fc5c29d65bfa0691b66b9f3b940f5cf594ad3729,1280,720,28,6,22,0
pklot_stage_k_039,stage_k_candidate_no_predictions,ufpr04,cloudy,2013-01-16,2013-01-16T10_35_06Z,ufpr04/2013-01-16,images/ufpr04/2013-01-16/2013-01-16_10_35_06.jpg,xml/ufpr04/2013-01-16/2013-01-16_10_35_06.xml,PKLot/parking1a/cloudy/2013-01-16/2013-01-16_10_35_06.jpg,PKLot/parking1a/cloudy/2013-01-16/2013-01-16_10_35_06.xml,294185,cc0d37925c1d254a1c1fbb74fc74c04941ff429dd84d3d96157b6d20d6daa673,9434,8da1b240b31652f4869605f67357f7866a51967bf6836d128bb2dd3fc2bcc5c7,1280,720,28,9,19,0
pklot_stage_k_040,stage_k_candidate_no_predictions,ufpr04,cloudy,2013-01-16,2013-01-16T11_05_06Z,ufpr04/2013-01-16,images/ufpr04/2013-01-16/2013-01-16_11_05_06.jpg,xml/ufpr04/2013-01-16/2013-01-16_11_05_06.xml,PKLot/parking1a/cloudy/2013-01-16/2013-01-16_11_05_06.jpg,PKLot/parking1a/cloudy/2013-01-16/2013-01-16_11_05_06.xml,289354,d6b1b8cd30a4c3cbe390164c028fac7effb44dcd68bfb9c670c18aa229107bfc,9434,1c825232b9a961bcec94060858f85a7de30042bd274b52ba5305f8fc9fca54f0,1280,720,28,10,18,0
pklot_stage_k_041,stage_k_candidate_no_predictions,ufpr04,cloudy,2013-01-16,2013-01-16T11_30_07Z,ufpr04/2013-01-16,images/ufpr04/2013-01-16/2013-01-16_11_30_07.jpg,xml/ufpr04/2013-01-16/2013-01-16_11_30_07.xml,PKLot/parking1a/cloudy/2013-01-16/2013-01-16_11_30_07.jpg,PKLot/parking1a/cloudy/2013-01-16/2013-01-16_11_30_07.xml,291997,2c1c5e6a59c02c453d6fb5add58251544896eeebb02dd13e849f93cc6d1ebff2,9434,1c825232b9a961bcec94060858f85a7de30042bd274b52ba5305f8fc9fca54f0,1280,720,28,10,18,0
pklot_stage_k_042,stage_k_candidate_no_predictions,ufpr04,cloudy,2013-01-16,2013-01-16T11_40_07Z,ufpr04/2013-01-16,images/ufpr04/2013-01-16/2013-01-16_11_40_07.jpg,xml/ufpr04/2013-01-16/2013-01-16_11_40_07.xml,PKLot/parking1a/cloudy/2013-01-16/2013-01-16_11_40_07.jpg,PKLot/parking1a/cloudy/2013-01-16/2013-01-16_11_40_07.xml,290609,7269c29dd38ba9a06afeb49b622755b9acb881e08398191f925e23a57b386c6d,9434,1c825232b9a961bcec94060858f85a7de30042bd274b52ba5305f8fc9fca54f0,1280,720,28,10,18,0
pklot_stage_k_043,stage_k_candidate_no_predictions,ufpr04,cloudy,2013-01-16,2013-01-16T11_55_07Z,ufpr04/2013-01-16,images/ufpr04/2013-01-16/2013-01-16_11_55_07.jpg,xml/ufpr04/2013-01-16/2013-01-16_11_55_07.xml,PKLot/parking1a/cloudy/2013-01-16/2013-01-16_11_55_07.jpg,PKLot/parking1a/cloudy/2013-01-16/2013-01-16_11_55_07.xml,288326,7bff1aedd3cfbee310386dccbc14faa1ecf821b3966808bdd485cf6b146f3e73,9421,e84e982e2ecc758bbb1703734d4f0b035631a82c7ffac72d1a82992170f0e6f7,1280,720,27,9,18,1
pklot_stage_k_044,stage_k_candidate_no_predictions,ufpr04,cloudy,2013-01-16,2013-01-16T12_25_08Z,ufpr04/2013-01-16,images/ufpr04/2013-01-16/2013-01-16_12_25_08.jpg,xml/ufpr04/2013-01-16/2013-01-16_12_25_08.xml,PKLot/parking1a/cloudy/2013-01-16/2013-01-16_12_25_08.jpg,PKLot/parking1a/cloudy/2013-01-16/2013-01-16_12_25_08.xml,289503,3e1c7930d0cfd1efaaf9e6d5cb6521c3251a2aca6701ed614724eefb08ef5052,9434,968d1141853024dbcb39df3452ee0a28e89db9ddf8de22f4c2eef9dbdbe9dc8b,1280,720,28,9,19,0
pklot_stage_k_045,stage_k_candidate_no_predictions,ufpr04,cloudy,2013-01-16,2013-01-16T13_20_09Z,ufpr04/2013-01-16,images/ufpr04/2013-01-16/2013-01-16_13_20_09.jpg,xml/ufpr04/2013-01-16/2013-01-16_13_20_09.xml,PKLot/parking1a/cloudy/2013-01-16/2013-01-16_13_20_09.jpg,PKLot/parking1a/cloudy/2013-01-16/2013-01-16_13_20_09.xml,292035,b9ef6ffae35208e90f3930a65de823d39395db3d0266dd57d690e1fc89a48241,9434,cfceb7784018e0d87630a31ae4986062637709d69ac5467ed841c71f6da2e4c7,1280,720,28,10,18,0
pklot_stage_k_046,stage_k_candidate_no_predictions,ufpr04,cloudy,2013-01-16,2013-01-16T13_30_09Z,ufpr04/2013-01-16,images/ufpr04/2013-01-16/2013-01-16_13_30_09.jpg,xml/ufpr04/2013-01-16/2013-01-16_13_30_09.xml,PKLot/parking1a/cloudy/2013-01-16/2013-01-16_13_30_09.jpg,PKLot/parking1a/cloudy/2013-01-16/2013-01-16_13_30_09.xml,290968,69b80c4db536a65a217a207178582a503f516dd67e9355291c48928d06681610,9434,c684159feb18573dd3d51a1a141315fea604a7927632792bbaf5ecde21fecfc1,1280,720,28,10,18,0
pklot_stage_k_047,stage_k_candidate_no_predictions,ufpr04,cloudy,2013-01-16,2013-01-16T13_40_09Z,ufpr04/2013-01-16,images/ufpr04/2013-01-16/2013-01-16_13_40_09.jpg,xml/ufpr04/2013-01-16/2013-01-16_13_40_09.xml,PKLot/parking1a/cloudy/2013-01-16/2013-01-16_13_40_09.jpg,PKLot/parking1a/cloudy/2013-01-16/2013-01-16_13_40_09.xml,288082,4ce375f8da1251abb74d4cae837ea0ccf16baca380b76894ad24d815e236ed96,9434,c684159feb18573dd3d51a1a141315fea604a7927632792bbaf5ecde21fecfc1,1280,720,28,10,18,0
pklot_stage_k_048,stage_k_candidate_no_predictions,ufpr04,cloudy,2013-01-16,2013-01-16T13_55_10Z,ufpr04/2013-01-16,images/ufpr04/2013-01-16/2013-01-16_13_55_10.jpg,xml/ufpr04/2013-01-16/2013-01-16_13_55_10.xml,PKLot/parking1a/cloudy/2013-01-16/2013-01-16_13_55_10.jpg,PKLot/parking1a/cloudy/2013-01-16/2013-01-16_13_55_10.xml,284541,4d8e383b19ae94d3358636247db8b97ded408836de80dd90943e165cc14f58bf,9434,c52e79b55a203388a1e2ff857364119542cc76c025c584911630989f16584a01,1280,720,28,12,16,0
pklot_stage_k_049,stage_k_candidate_no_predictions,ufpr04,cloudy,2013-01-16,2013-01-16T17_05_13Z,ufpr04/2013-01-16,images/ufpr04/2013-01-16/2013-01-16_17_05_13.jpg,xml/ufpr04/2013-01-16/2013-01-16_17_05_13.xml,PKLot/parking1a/cloudy/2013-01-16/2013-01-16_17_05_13.jpg,PKLot/parking1a/cloudy/2013-01-16/2013-01-16_17_05_13.xml,322006,fca2ca14d84147e8bdc493f74553672bc4a9cd4728467a80442800db7ceddd06,9434,bbfed6792ba37f2f7507ad86b0979e5addb42c533afa0bfe7ea5aee4f17a091f,1280,720,28,19,9,0
pklot_stage_k_050,stage_k_candidate_no_predictions,ufpr04,cloudy,2013-01-16,2013-01-16T17_30_14Z,ufpr04/2013-01-16,images/ufpr04/2013-01-16/2013-01-16_17_30_14.jpg,xml/ufpr04/2013-01-16/2013-01-16_17_30_14.xml,PKLot/parking1a/cloudy/2013-01-16/2013-01-16_17_30_14.jpg,PKLot/parking1a/cloudy/2013-01-16/2013-01-16_17_30_14.xml,331672,20dca0d0a8f2d18e9fb1bc4cb91f004cf6eb2cc0a78a077e9fe81bcebcd87877,9434,214bd32488b5660bdf5e6acd45e7baf35080ad24bdf0b5b6211851a250d12ae2,1280,720,28,17,11,0
pklot_stage_k_051,stage_k_candidate_no_predictions,ufpr04,cloudy,2013-01-16,2013-01-16T17_40_14Z,ufpr04/2013-01-16,images/ufpr04/2013-01-16/2013-01-16_17_40_14.jpg,xml/ufpr04/2013-01-16/2013-01-16_17_40_14.xml,PKLot/parking1a/cloudy/2013-01-16/2013-01-16_17_40_14.jpg,PKLot/parking1a/cloudy/2013-01-16/2013-01-16_17_40_14.xml,328083,58e20f46ddf8e5a192861af062bb2ff86c2bcd88f8c21a10782f0e70decb3c69,9434,09768482a90c0c9c77353ffad93a2b50f14fbda12b0a0f60225f54de8a846948,1280,720,28,16,12,0
pklot_stage_k_052,stage_k_candidate_no_predictions,ufpr04,cloudy,2013-01-16,2013-01-16T17_50_14Z,ufpr04/2013-01-16,images/ufpr04/2013-01-16/2013-01-16_17_50_14.jpg,xml/ufpr04/2013-01-16/2013-01-16_17_50_14.xml,PKLot/parking1a/cloudy/2013-01-16/2013-01-16_17_50_14.jpg,PKLot/parking1a/cloudy/2013-01-16/2013-01-16_17_50_14.xml,309338,1b6872d5a94e405c14ffdd5b294408209c07949d3d9937fc841be721b0f711c0,9434,2b3631a968bd909f669a88f7f08be6196f4589ba9dc0c90222a5b7904fc4a6b8,1280,720,28,17,11,0
pklot_stage_k_053,stage_k_candidate_no_predictions,ufpr04,cloudy,2013-01-16,2013-01-16T19_15_16Z,ufpr04/2013-01-16,images/ufpr04/2013-01-16/2013-01-16_19_15_16.jpg,xml/ufpr04/2013-01-16/2013-01-16_19_15_16.xml,PKLot/parking1a/cloudy/2013-01-16/2013-01-16_19_15_16.jpg,PKLot/parking1a/cloudy/2013-01-16/2013-01-16_19_15_16.xml,296831,2c541d7b0de6249e0aa146478e56270a70aad29e8b879adf15572d6e71073ed1,9434,128e5c312bb7ced8ab8401fec77ef443974ecf4447fe2c76c066b214e0883ac9,1280,720,28,2,26,0
pklot_stage_k_054,stage_k_candidate_no_predictions,ufpr04,cloudy,2013-01-16,2013-01-16T19_25_16Z,ufpr04/2013-01-16,images/ufpr04/2013-01-16/2013-01-16_19_25_16.jpg,xml/ufpr04/2013-01-16/2013-01-16_19_25_16.xml,PKLot/parking1a/cloudy/2013-01-16/2013-01-16_19_25_16.jpg,PKLot/parking1a/cloudy/2013-01-16/2013-01-16_19_25_16.xml,291385,de18806739ea05da4221d1bb16d8b4eb6810e437242107cd040323d13ccff2b2,9434,128e5c312bb7ced8ab8401fec77ef443974ecf4447fe2c76c066b214e0883ac9,1280,720,28,2,26,0
pklot_stage_k_055,stage_k_candidate_no_predictions,ufpr04,cloudy,2013-01-16,2013-01-16T19_35_16Z,ufpr04/2013-01-16,images/ufpr04/2013-01-16/2013-01-16_19_35_16.jpg,xml/ufpr04/2013-01-16/2013-01-16_19_35_16.xml,PKLot/parking1a/cloudy/2013-01-16/2013-01-16_19_35_16.jpg,PKLot/parking1a/cloudy/2013-01-16/2013-01-16_19_35_16.xml,282713,788151f530507d9b9fe653ac5d4b22fd5100e3dcf842916242c12c72132f5649,9434,bff31cc542a28f3162170ca1c03b55e04bb6e9d6a512491e82c5e82a64175dd9,1280,720,28,1,27,0
pklot_stage_k_056,stage_k_candidate_no_predictions,ufpr04,cloudy,2013-01-16,2013-01-16T19_45_16Z,ufpr04/2013-01-16,images/ufpr04/2013-01-16/2013-01-16_19_45_16.jpg,xml/ufpr04/2013-01-16/2013-01-16_19_45_16.xml,PKLot/parking1a/cloudy/2013-01-16/2013-01-16_19_45_16.jpg,PKLot/parking1a/cloudy/2013-01-16/2013-01-16_19_45_16.xml,287250,8c03b44f56043bfbc37e132b4f8f73d196afbea1745a4518042304923799dcd1,9434,18dbe4ff198941471cd990c333f16ce09bc1ffdc80650a158d3f9dc8d61dda37,1280,720,28,2,26,0
pklot_stage_k_057,stage_k_candidate_no_predictions,ufpr04,cloudy,2013-01-16,2013-01-16T19_55_16Z,ufpr04/2013-01-16,images/ufpr04/2013-01-16/2013-01-16_19_55_16.jpg,xml/ufpr04/2013-01-16/2013-01-16_19_55_16.xml,PKLot/parking1a/cloudy/2013-01-16/2013-01-16_19_55_16.jpg,PKLot/parking1a/cloudy/2013-01-16/2013-01-16_19_55_16.xml,279453,4b37627547cfc37b346ea54909ecec71bf3fa8094d518aa867a9bd3f4e0235f7,9434,18dbe4ff198941471cd990c333f16ce09bc1ffdc80650a158d3f9dc8d61dda37,1280,720,28,2,26,0
pklot_stage_k_058,stage_k_candidate_no_predictions,ufpr04,cloudy,2013-01-16,2013-01-16T20_10_17Z,ufpr04/2013-01-16,images/ufpr04/2013-01-16/2013-01-16_20_10_17.jpg,xml/ufpr04/2013-01-16/2013-01-16_20_10_17.xml,PKLot/parking1a/cloudy/2013-01-16/2013-01-16_20_10_17.jpg,PKLot/parking1a/cloudy/2013-01-16/2013-01-16_20_10_17.xml,279380,894d757f19782c2d5279e2ea56fe94df4a9600236a0f28c39aa07ec143a2ceae,9434,18dbe4ff198941471cd990c333f16ce09bc1ffdc80650a158d3f9dc8d61dda37,1280,720,28,2,26,0
pklot_stage_k_059,stage_k_candidate_no_predictions,ufpr04,cloudy,2013-01-16,2013-01-16T20_20_17Z,ufpr04/2013-01-16,images/ufpr04/2013-01-16/2013-01-16_20_20_17.jpg,xml/ufpr04/2013-01-16/2013-01-16_20_20_17.xml,PKLot/parking1a/cloudy/2013-01-16/2013-01-16_20_20_17.jpg,PKLot/parking1a/cloudy/2013-01-16/2013-01-16_20_20_17.xml,278720,31129c223710e4fe70b497dfcc6b714497666123b2fc70db4bcfa436ce8cb592,9434,ffc235d91d293e6bbb59ce1ffbecd0f8b6596c786e1e8888e3fffe2fea962941,1280,720,28,1,27,0
pklot_stage_k_060,stage_k_candidate_no_predictions,ufpr04,cloudy,2013-01-16,2013-01-16T21_00_17Z,ufpr04/2013-01-16,images/ufpr04/2013-01-16/2013-01-16_21_00_17.jpg,xml/ufpr04/2013-01-16/2013-01-16_21_00_17.xml,PKLot/parking1a/cloudy/2013-01-16/2013-01-16_21_00_17.jpg,PKLot/parking1a/cloudy/2013-01-16/2013-01-16_21_00_17.xml,302373,ff610617789c0c327549b3f2447b5bfbd0071978f27ffa58d613c228fe19f681,9434,62cced67d3e59ea50f04e0bd73e0a8fe080911f35cbe55af605be54c08cfd87d,1280,720,28,1,27,0
pklot_stage_k_061,stage_k_candidate_no_predictions,ufpr05,sunny,2013-04-14,2013-04-14T11_30_06Z,ufpr05/2013-04-14,images/ufpr05/2013-04-14/2013-04-14_11_30_06.jpg,xml/ufpr05/2013-04-14/2013-04-14_11_30_06.xml,PKLot/parking1b/sunny/2013-04-14/2013-04-14_11_30_06.jpg,PKLot/parking1b/sunny/2013-04-14/2013-04-14_11_30_06.xml,254479,5fa241e759445d3ffdc6db0a148317f427be4993af59d47e08ad01c968656b86,13429,54b24abc1d3bfecca628314c810137bb946cf5443fae10e8d3646135ed46f29e,1280,720,40,19,21,0
pklot_stage_k_062,stage_k_candidate_no_predictions,ufpr05,sunny,2013-04-14,2013-04-14T11_35_06Z,ufpr05/2013-04-14,images/ufpr05/2013-04-14/2013-04-14_11_35_06.jpg,xml/ufpr05/2013-04-14/2013-04-14_11_35_06.xml,PKLot/parking1b/sunny/2013-04-14/2013-04-14_11_35_06.jpg,PKLot/parking1b/sunny/2013-04-14/2013-04-14_11_35_06.xml,250061,c4a629d4e19fbad4558355d151ee6ae75fb7180528afbbc74522e53034679a8a,13429,54b24abc1d3bfecca628314c810137bb946cf5443fae10e8d3646135ed46f29e,1280,720,40,19,21,0
pklot_stage_k_063,stage_k_candidate_no_predictions,ufpr05,sunny,2013-04-14,2013-04-14T11_55_06Z,ufpr05/2013-04-14,images/ufpr05/2013-04-14/2013-04-14_11_55_06.jpg,xml/ufpr05/2013-04-14/2013-04-14_11_55_06.xml,PKLot/parking1b/sunny/2013-04-14/2013-04-14_11_55_06.jpg,PKLot/parking1b/sunny/2013-04-14/2013-04-14_11_55_06.xml,250852,66681ab12c10274c552a57447fcfc0b77e28afedb824998eb53dc6fa7dff9fde,13429,6c4e1cad5007044d1c038d4c27139b5a87ae64d3757e059f405e4ba11840a0e5,1280,720,40,19,21,0
pklot_stage_k_064,stage_k_candidate_no_predictions,ufpr05,sunny,2013-04-14,2013-04-14T12_00_06Z,ufpr05/2013-04-14,images/ufpr05/2013-04-14/2013-04-14_12_00_06.jpg,xml/ufpr05/2013-04-14/2013-04-14_12_00_06.xml,PKLot/parking1b/sunny/2013-04-14/2013-04-14_12_00_06.jpg,PKLot/parking1b/sunny/2013-04-14/2013-04-14_12_00_06.xml,251713,1bec5e5afc7ced771f90b40db69b77c70fdeae14df1a1e70404af30d655accf2,13429,6c4e1cad5007044d1c038d4c27139b5a87ae64d3757e059f405e4ba11840a0e5,1280,720,40,19,21,0
pklot_stage_k_065,stage_k_candidate_no_predictions,ufpr05,sunny,2013-04-14,2013-04-14T12_05_06Z,ufpr05/2013-04-14,images/ufpr05/2013-04-14/2013-04-14_12_05_06.jpg,xml/ufpr05/2013-04-14/2013-04-14_12_05_06.xml,PKLot/parking1b/sunny/2013-04-14/2013-04-14_12_05_06.jpg,PKLot/parking1b/sunny/2013-04-14/2013-04-14_12_05_06.xml,263121,65986a558fbe1ab04182a70cb219aca762765ede2db334b7fb54ee0a24267f52,13429,6c4e1cad5007044d1c038d4c27139b5a87ae64d3757e059f405e4ba11840a0e5,1280,720,40,19,21,0
pklot_stage_k_066,stage_k_candidate_no_predictions,ufpr05,sunny,2013-04-14,2013-04-14T12_10_06Z,ufpr05/2013-04-14,images/ufpr05/2013-04-14/2013-04-14_12_10_06.jpg,xml/ufpr05/2013-04-14/2013-04-14_12_10_06.xml,PKLot/parking1b/sunny/2013-04-14/2013-04-14_12_10_06.jpg,PKLot/parking1b/sunny/2013-04-14/2013-04-14_12_10_06.xml,251966,e891c0e3c220a050458ccb235bc850b52a88133e865ade61cdd366cde0793ed6,13429,a384bcef5d57776600605674e58f881fdb2a3dfe745066ed8398b8b8d86cf732,1280,720,40,20,20,0
pklot_stage_k_067,stage_k_candidate_no_predictions,ufpr05,sunny,2013-04-14,2013-04-14T12_15_06Z,ufpr05/2013-04-14,images/ufpr05/2013-04-14/2013-04-14_12_15_06.jpg,xml/ufpr05/2013-04-14/2013-04-14_12_15_06.xml,PKLot/parking1b/sunny/2013-04-14/2013-04-14_12_15_06.jpg,PKLot/parking1b/sunny/2013-04-14/2013-04-14_12_15_06.xml,249586,3c8d850f5ac1c3cc4f310d0d73a22e7206902ed9d2d29bd2c47bdef2213be21c,13429,a384bcef5d57776600605674e58f881fdb2a3dfe745066ed8398b8b8d86cf732,1280,720,40,20,20,0
pklot_stage_k_068,stage_k_candidate_no_predictions,ufpr05,sunny,2013-04-14,2013-04-14T12_20_06Z,ufpr05/2013-04-14,images/ufpr05/2013-04-14/2013-04-14_12_20_06.jpg,xml/ufpr05/2013-04-14/2013-04-14_12_20_06.xml,PKLot/parking1b/sunny/2013-04-14/2013-04-14_12_20_06.jpg,PKLot/parking1b/sunny/2013-04-14/2013-04-14_12_20_06.xml,272856,638047bbca9a02bbae062b61f3387f90be6307de58aa9793c13b07c3db07aaaa,13429,a384bcef5d57776600605674e58f881fdb2a3dfe745066ed8398b8b8d86cf732,1280,720,40,20,20,0
pklot_stage_k_069,stage_k_candidate_no_predictions,ufpr05,sunny,2013-04-14,2013-04-14T12_50_07Z,ufpr05/2013-04-14,images/ufpr05/2013-04-14/2013-04-14_12_50_07.jpg,xml/ufpr05/2013-04-14/2013-04-14_12_50_07.xml,PKLot/parking1b/sunny/2013-04-14/2013-04-14_12_50_07.jpg,PKLot/parking1b/sunny/2013-04-14/2013-04-14_12_50_07.xml,262527,ebac189444a11b552bc0bff2d2c5ad0302337f45079fb3565faefbfd6782e5b9,13429,c909ee1e707329dbb5811f1d02fb9f7a313f0634f6af91820d227f30e8b58945,1280,720,40,22,18,0
pklot_stage_k_070,stage_k_candidate_no_predictions,ufpr05,sunny,2013-04-14,2013-04-14T12_55_07Z,ufpr05/2013-04-14,images/ufpr05/2013-04-14/2013-04-14_12_55_07.jpg,xml/ufpr05/2013-04-14/2013-04-14_12_55_07.xml,PKLot/parking1b/sunny/2013-04-14/2013-04-14_12_55_07.jpg,PKLot/parking1b/sunny/2013-04-14/2013-04-14_12_55_07.xml,277745,7a655c60cfd9382dbedb2e9598b9c6af34518beda1d275af5a9eab04618f3f8e,13429,c909ee1e707329dbb5811f1d02fb9f7a313f0634f6af91820d227f30e8b58945,1280,720,40,22,18,0
pklot_stage_k_071,stage_k_candidate_no_predictions,ufpr05,sunny,2013-04-14,2013-04-14T13_20_08Z,ufpr05/2013-04-14,images/ufpr05/2013-04-14/2013-04-14_13_20_08.jpg,xml/ufpr05/2013-04-14/2013-04-14_13_20_08.xml,PKLot/parking1b/sunny/2013-04-14/2013-04-14_13_20_08.jpg,PKLot/parking1b/sunny/2013-04-14/2013-04-14_13_20_08.xml,270517,6312b2971ece3bbfaf1feeee5ee39e8d4714f345a5a4ae711d80cbbe91409b3f,13429,b2aa1883e0eef40051c7e91a434a05e4a2d59d488b57ab2565282edc3e1cf60d,1280,720,40,23,17,0
pklot_stage_k_072,stage_k_candidate_no_predictions,ufpr05,sunny,2013-04-14,2013-04-14T13_25_08Z,ufpr05/2013-04-14,images/ufpr05/2013-04-14/2013-04-14_13_25_08.jpg,xml/ufpr05/2013-04-14/2013-04-14_13_25_08.xml,PKLot/parking1b/sunny/2013-04-14/2013-04-14_13_25_08.jpg,PKLot/parking1b/sunny/2013-04-14/2013-04-14_13_25_08.xml,272204,ad0a5b3fb292b23ffd837eb58694098a06193082767d313e5d84357767005b97,13429,b2aa1883e0eef40051c7e91a434a05e4a2d59d488b57ab2565282edc3e1cf60d,1280,720,40,23,17,0
pklot_stage_k_073,stage_k_candidate_no_predictions,ufpr05,sunny,2013-04-14,2013-04-14T14_00_08Z,ufpr05/2013-04-14,images/ufpr05/2013-04-14/2013-04-14_14_00_08.jpg,xml/ufpr05/2013-04-14/2013-04-14_14_00_08.xml,PKLot/parking1b/sunny/2013-04-14/2013-04-14_14_00_08.jpg,PKLot/parking1b/sunny/2013-04-14/2013-04-14_14_00_08.xml,281366,cd36f34e38dd6cfa8efd50712beb8c207426cdd80d60dc40a3b8b776eec0ef05,13429,35aeab404276a679483934a059b1026b775a1fb8afd4cccb887db9a5a3a6b0f4,1280,720,40,25,15,0
pklot_stage_k_074,stage_k_candidate_no_predictions,ufpr05,sunny,2013-04-14,2013-04-14T14_05_08Z,ufpr05/2013-04-14,images/ufpr05/2013-04-14/2013-04-14_14_05_08.jpg,xml/ufpr05/2013-04-14/2013-04-14_14_05_08.xml,PKLot/parking1b/sunny/2013-04-14/2013-04-14_14_05_08.jpg,PKLot/parking1b/sunny/2013-04-14/2013-04-14_14_05_08.xml,271608,9af0ad0e9415f8853945463b8e7220fb7e2e5222791ba64e168ca206205dcb92,13429,35aeab404276a679483934a059b1026b775a1fb8afd4cccb887db9a5a3a6b0f4,1280,720,40,25,15,0
pklot_stage_k_075,stage_k_candidate_no_predictions,ufpr05,sunny,2013-04-14,2013-04-14T14_20_09Z,ufpr05/2013-04-14,images/ufpr05/2013-04-14/2013-04-14_14_20_09.jpg,xml/ufpr05/2013-04-14/2013-04-14_14_20_09.xml,PKLot/parking1b/sunny/2013-04-14/2013-04-14_14_20_09.jpg,PKLot/parking1b/sunny/2013-04-14/2013-04-14_14_20_09.xml,284835,6e6bcea1ab047d401e84baa3e33a901d6be3c26af9d3a865530952a68319e07a,13429,35aeab404276a679483934a059b1026b775a1fb8afd4cccb887db9a5a3a6b0f4,1280,720,40,25,15,0
pklot_stage_k_076,stage_k_candidate_no_predictions,ufpr05,sunny,2013-04-14,2013-04-14T14_40_09Z,ufpr05/2013-04-14,images/ufpr05/2013-04-14/2013-04-14_14_40_09.jpg,xml/ufpr05/2013-04-14/2013-04-14_14_40_09.xml,PKLot/parking1b/sunny/2013-04-14/2013-04-14_14_40_09.jpg,PKLot/parking1b/sunny/2013-04-14/2013-04-14_14_40_09.xml,280537,191311300e80b017933481542cb9df7eeb2cc34ac25e9a1277e584eebd039d9f,13429,148881b8d7d0e031a640d1269a2d56218fc3b505b43fbac4bc5665297ea0c128,1280,720,40,24,16,0
pklot_stage_k_077,stage_k_candidate_no_predictions,ufpr05,sunny,2013-04-14,2013-04-14T14_45_09Z,ufpr05/2013-04-14,images/ufpr05/2013-04-14/2013-04-14_14_45_09.jpg,xml/ufpr05/2013-04-14/2013-04-14_14_45_09.xml,PKLot/parking1b/sunny/2013-04-14/2013-04-14_14_45_09.jpg,PKLot/parking1b/sunny/2013-04-14/2013-04-14_14_45_09.xml,257483,0da5c952bc73439cedbf6d4182306ff59b85277f7802d5cae1558d321af5e6b2,13429,148881b8d7d0e031a640d1269a2d56218fc3b505b43fbac4bc5665297ea0c128,1280,720,40,24,16,0
pklot_stage_k_078,stage_k_candidate_no_predictions,ufpr05,sunny,2013-04-14,2013-04-14T14_50_09Z,ufpr05/2013-04-14,images/ufpr05/2013-04-14/2013-04-14_14_50_09.jpg,xml/ufpr05/2013-04-14/2013-04-14_14_50_09.xml,PKLot/parking1b/sunny/2013-04-14/2013-04-14_14_50_09.jpg,PKLot/parking1b/sunny/2013-04-14/2013-04-14_14_50_09.xml,254774,60aae1fb1f2c894c5db568880b2e74490ca26f269136099fbe754fd0ba8e1823,13429,148881b8d7d0e031a640d1269a2d56218fc3b505b43fbac4bc5665297ea0c128,1280,720,40,24,16,0
pklot_stage_k_079,stage_k_candidate_no_predictions,ufpr05,sunny,2013-04-14,2013-04-14T14_55_09Z,ufpr05/2013-04-14,images/ufpr05/2013-04-14/2013-04-14_14_55_09.jpg,xml/ufpr05/2013-04-14/2013-04-14_14_55_09.xml,PKLot/parking1b/sunny/2013-04-14/2013-04-14_14_55_09.jpg,PKLot/parking1b/sunny/2013-04-14/2013-04-14_14_55_09.xml,256463,770ec9aa304113ec0225e825b9c12f495c611b43b2a83c929a39c2a46420d9f5,13429,148881b8d7d0e031a640d1269a2d56218fc3b505b43fbac4bc5665297ea0c128,1280,720,40,24,16,0
pklot_stage_k_080,stage_k_candidate_no_predictions,ufpr05,sunny,2013-04-14,2013-04-14T16_00_11Z,ufpr05/2013-04-14,images/ufpr05/2013-04-14/2013-04-14_16_00_11.jpg,xml/ufpr05/2013-04-14/2013-04-14_16_00_11.xml,PKLot/parking1b/sunny/2013-04-14/2013-04-14_16_00_11.jpg,PKLot/parking1b/sunny/2013-04-14/2013-04-14_16_00_11.xml,291122,9f0e3a47c777c146967050e611da3b19ebad652695350b366f0169d1db18bd2b,13429,b07eb3627e00e519f61f9f861d29783f7451070a9cf21c2f3198dcf96da645aa,1280,720,40,26,14,0
pklot_stage_k_081,stage_k_candidate_no_predictions,ufpr05,sunny,2013-04-14,2013-04-14T16_05_11Z,ufpr05/2013-04-14,images/ufpr05/2013-04-14/2013-04-14_16_05_11.jpg,xml/ufpr05/2013-04-14/2013-04-14_16_05_11.xml,PKLot/parking1b/sunny/2013-04-14/2013-04-14_16_05_11.jpg,PKLot/parking1b/sunny/2013-04-14/2013-04-14_16_05_11.xml,286707,68e51f01e0e25bc57bcd368aaa29a6fd4dd252680020df2fb2e8b6c5b38c2b8c,13429,b07eb3627e00e519f61f9f861d29783f7451070a9cf21c2f3198dcf96da645aa,1280,720,40,26,14,0
pklot_stage_k_082,stage_k_candidate_no_predictions,ufpr05,sunny,2013-04-14,2013-04-14T16_10_11Z,ufpr05/2013-04-14,images/ufpr05/2013-04-14/2013-04-14_16_10_11.jpg,xml/ufpr05/2013-04-14/2013-04-14_16_10_11.xml,PKLot/parking1b/sunny/2013-04-14/2013-04-14_16_10_11.jpg,PKLot/parking1b/sunny/2013-04-14/2013-04-14_16_10_11.xml,289792,7a6539804fe29f053e6c61e84b2626f08859c2e3f89e4d1ecd183fc7c9c5df41,13429,b07eb3627e00e519f61f9f861d29783f7451070a9cf21c2f3198dcf96da645aa,1280,720,40,26,14,0
pklot_stage_k_083,stage_k_candidate_no_predictions,ufpr05,sunny,2013-04-14,2013-04-14T16_15_11Z,ufpr05/2013-04-14,images/ufpr05/2013-04-14/2013-04-14_16_15_11.jpg,xml/ufpr05/2013-04-14/2013-04-14_16_15_11.xml,PKLot/parking1b/sunny/2013-04-14/2013-04-14_16_15_11.jpg,PKLot/parking1b/sunny/2013-04-14/2013-04-14_16_15_11.xml,290694,4bd737cc18477a4dd82890c193c253b6c65fae641a7ddb8d9096dbe454a5f6a3,13429,b07eb3627e00e519f61f9f861d29783f7451070a9cf21c2f3198dcf96da645aa,1280,720,40,26,14,0
pklot_stage_k_084,stage_k_candidate_no_predictions,ufpr05,sunny,2013-04-14,2013-04-14T16_20_11Z,ufpr05/2013-04-14,images/ufpr05/2013-04-14/2013-04-14_16_20_11.jpg,xml/ufpr05/2013-04-14/2013-04-14_16_20_11.xml,PKLot/parking1b/sunny/2013-04-14/2013-04-14_16_20_11.jpg,PKLot/parking1b/sunny/2013-04-14/2013-04-14_16_20_11.xml,290747,a6dcbd7dce15a000a7c8db6d9ddc8a9233321fcdfee9b36875a5247765fbc38c,13429,b07eb3627e00e519f61f9f861d29783f7451070a9cf21c2f3198dcf96da645aa,1280,720,40,26,14,0
pklot_stage_k_085,stage_k_candidate_no_predictions,ufpr05,sunny,2013-04-14,2013-04-14T16_25_11Z,ufpr05/2013-04-14,images/ufpr05/2013-04-14/2013-04-14_16_25_11.jpg,xml/ufpr05/2013-04-14/2013-04-14_16_25_11.xml,PKLot/parking1b/sunny/2013-04-14/2013-04-14_16_25_11.jpg,PKLot/parking1b/sunny/2013-04-14/2013-04-14_16_25_11.xml,255838,cff0adbece891f69e3f178adf6b9b61d2180b46d93bad810e0fd3f2461d01b2e,13429,b07eb3627e00e519f61f9f861d29783f7451070a9cf21c2f3198dcf96da645aa,1280,720,40,26,14,0
pklot_stage_k_086,stage_k_candidate_no_predictions,ufpr05,sunny,2013-04-14,2013-04-14T16_30_11Z,ufpr05/2013-04-14,images/ufpr05/2013-04-14/2013-04-14_16_30_11.jpg,xml/ufpr05/2013-04-14/2013-04-14_16_30_11.xml,PKLot/parking1b/sunny/2013-04-14/2013-04-14_16_30_11.jpg,PKLot/parking1b/sunny/2013-04-14/2013-04-14_16_30_11.xml,278282,9c9da607ce07a9796c8ebe55b908164516af253b6240ee513013bf8cb01a1eb5,13429,b07eb3627e00e519f61f9f861d29783f7451070a9cf21c2f3198dcf96da645aa,1280,720,40,26,14,0
pklot_stage_k_087,stage_k_candidate_no_predictions,ufpr05,sunny,2013-04-14,2013-04-14T16_35_11Z,ufpr05/2013-04-14,images/ufpr05/2013-04-14/2013-04-14_16_35_11.jpg,xml/ufpr05/2013-04-14/2013-04-14_16_35_11.xml,PKLot/parking1b/sunny/2013-04-14/2013-04-14_16_35_11.jpg,PKLot/parking1b/sunny/2013-04-14/2013-04-14_16_35_11.xml,286139,b67057e5de361fca536f2a81f1197984cf3e5afda32d879c2fc03cc255bd98b4,13429,b07eb3627e00e519f61f9f861d29783f7451070a9cf21c2f3198dcf96da645aa,1280,720,40,26,14,0
pklot_stage_k_088,stage_k_candidate_no_predictions,ufpr05,sunny,2013-04-14,2013-04-14T16_55_12Z,ufpr05/2013-04-14,images/ufpr05/2013-04-14/2013-04-14_16_55_12.jpg,xml/ufpr05/2013-04-14/2013-04-14_16_55_12.xml,PKLot/parking1b/sunny/2013-04-14/2013-04-14_16_55_12.jpg,PKLot/parking1b/sunny/2013-04-14/2013-04-14_16_55_12.xml,283134,727165ae04e09c22ad6ec6f0aa615782e023628f495e679ecbe776259f2e0756,13429,feaf125443ae10735489a14b778f34407ee116ff819b793504f9cd27b4907b08,1280,720,40,28,12,0
pklot_stage_k_089,stage_k_candidate_no_predictions,ufpr05,sunny,2013-04-14,2013-04-14T18_00_13Z,ufpr05/2013-04-14,images/ufpr05/2013-04-14/2013-04-14_18_00_13.jpg,xml/ufpr05/2013-04-14/2013-04-14_18_00_13.xml,PKLot/parking1b/sunny/2013-04-14/2013-04-14_18_00_13.jpg,PKLot/parking1b/sunny/2013-04-14/2013-04-14_18_00_13.xml,249452,b0d94143e2e372ba8135a3390322c9f0abe5fcb447dd7f29081e6621bc01c028,13429,8566fa23c0eff9f3725f3a0c5d7bc0936dfb85ab4e1b42a9f8d0df9c6189c9dd,1280,720,40,26,14,0
pklot_stage_k_090,stage_k_candidate_no_predictions,ufpr05,sunny,2013-04-14,2013-04-14T18_05_13Z,ufpr05/2013-04-14,images/ufpr05/2013-04-14/2013-04-14_18_05_13.jpg,xml/ufpr05/2013-04-14/2013-04-14_18_05_13.xml,PKLot/parking1b/sunny/2013-04-14/2013-04-14_18_05_13.jpg,PKLot/parking1b/sunny/2013-04-14/2013-04-14_18_05_13.xml,254050,1851924fde3f81c61d65d3f887fc3282869176cfe91ec3f2c7d3d5588c9c46ab,13429,8566fa23c0eff9f3725f3a0c5d7bc0936dfb85ab4e1b42a9f8d0df9c6189c9dd,1280,720,40,26,14,0
