detector,method_id,component,pipeline,prediction_field,scope_type,scope_id,samples,frames,truth_occupied,truth_vacant,tp,tn,fp,fn,macro_f1,occupied_precision,occupied_recall,occupied_f1,vacant_precision,vacant_recall,vacant_f1,accuracy,balanced_accuracy,false_free_rate,false_occupied_rate,occupied_count_mae,occupied_count_rmse,occupied_count_mean_signed_error
D1,QV2-0,R0,B1,detector_occupied,overall,all,7896,376,798,7098,155,6946,152,643,0.6132067420722054,0.504885993485342,0.19423558897243107,0.2805429864253393,0.9152721043615759,0.9785855170470555,0.9458704977190714,0.8993161094224924,0.5864105530097433,0.8057644110275689,0.021414482952944493,1.3164893617021276,1.7976047893581626,-1.3058510638297873
D1,QV2-0,R0,B1,detector_occupied,sequence,gopro1,525,25,41,484,1,481,3,40,0.5008291873963516,0.25,0.024390243902439025,0.04444444444444444,0.9232245681381958,0.993801652892562,0.9572139303482587,0.9180952380952381,0.5090959483975005,0.975609756097561,0.006198347107438017,1.48,1.9493588689617927,-1.48
D1,QV2-0,R0,B1,detector_occupied,sequence,gopro11,525,25,70,455,15,439,16,55,0.6111070538033783,0.4838709677419355,0.21428571428571427,0.297029702970297,0.888663967611336,0.9648351648351648,0.9251844046364595,0.8647619047619047,0.5895604395604396,0.7857142857142857,0.035164835164835165,1.56,1.9078784028338913,-1.56
D1,QV2-0,R0,B1,detector_occupied,sequence,gopro12,567,27,52,515,26,513,2,26,0.8117172675521822,0.9285714285714286,0.5,0.65,0.9517625231910947,0.996116504854369,0.9734345351043644,0.9506172839506173,0.7480582524271845,0.5,0.003883495145631068,0.9629629629629629,1.5869840952317444,-0.8888888888888888
D1,QV2-0,R0,B1,detector_occupied,sequence,gopro19,42,2,4,38,0,38,0,4,0.47500000000000003,0.0,0.0,0.0,0.9047619047619048,1.0,0.9500000000000001,0.9047619047619048,0.5,1.0,0.0,2.0,2.0,-2.0
D1,QV2-0,R0,B1,detector_occupied,sequence,gopro23,945,45,150,795,26,756,39,124,0.5722735161402291,0.4,0.17333333333333334,0.2418604651162791,0.8590909090909091,0.9509433962264151,0.9026865671641792,0.8275132275132275,0.5621383647798742,0.8266666666666667,0.04905660377358491,1.8888888888888888,2.507765716507204,-1.8888888888888888
D1,QV2-0,R0,B1,detector_occupied,sequence,gopro24,630,30,101,529,18,485,44,83,0.5525443065583214,0.2903225806451613,0.1782178217821782,0.22085889570552147,0.8538732394366197,0.9168241965973535,0.8842297174111213,0.7984126984126985,0.5475210091897659,0.8217821782178217,0.0831758034026465,1.3,1.4259499757471625,-1.3
D1,QV2-0,R0,B1,detector_occupied,sequence,gopro25,63,3,19,44,1,39,5,18,0.42613861386138613,0.16666666666666666,0.05263157894736842,0.08,0.6842105263157895,0.8863636363636364,0.7722772277227723,0.6349206349206349,0.4694976076555024,0.9473684210526315,0.11363636363636363,4.333333333333333,4.358898943540674,-4.333333333333333
D1,QV2-0,R0,B1,detector_occupied,sequence,gopro26,588,28,40,548,17,547,1,23,0.7823699956819443,0.9444444444444444,0.425,0.5862068965517241,0.9596491228070175,0.9981751824817519,0.9785330948121647,0.9591836734693877,0.7115875912408759,0.575,0.0018248175182481751,0.7857142857142857,1.164964745021435,-0.7857142857142857
D1,QV2-0,R0,B1,detector_occupied,sequence,gopro30,42,2,2,40,0,40,0,2,0.4878048780487805,0.0,0.0,0.0,0.9523809523809523,1.0,0.975609756097561,0.9523809523809523,0.5,1.0,0.0,1.0,1.4142135623730951,-1.0
D1,QV2-0,R0,B1,detector_occupied,sequence,gopro33,336,16,32,304,0,301,3,32,0.47252747252747246,0.0,0.0,0.0,0.9039039039039038,0.9901315789473685,0.9450549450549449,0.8958333333333334,0.49506578947368424,1.0,0.009868421052631578,1.8125,1.8540496217739157,-1.8125
D1,QV2-0,R0,B1,detector_occupied,sequence,gopro34,546,26,44,502,1,494,8,43,0.4943250948844135,0.1111111111111111,0.022727272727272728,0.03773584905660377,0.9199255121042831,0.9840637450199203,0.9509143407122232,0.9065934065934066,0.5033955088735965,0.9772727272727273,0.01593625498007968,1.4230769230769231,1.7209121016305458,-1.3461538461538463
D1,QV2-0,R0,B1,detector_occupied,sequence,gopro36,42,2,3,39,2,38,1,1,0.8205128205128205,0.6666666666666666,0.6666666666666666,0.6666666666666666,0.9743589743589743,0.9743589743589743,0.9743589743589743,0.9523809523809523,0.8205128205128205,0.3333333333333333,0.02564102564102564,0.0,0.0,0.0
D1,QV2-0,R0,B1,detector_occupied,sequence,gopro4,609,29,32,577,1,562,15,31,0.5011752136752137,0.0625,0.03125,0.041666666666666664,0.9477234401349073,0.9740034662045061,0.9606837606837607,0.9244663382594417,0.502626733102253,0.96875,0.025996533795493933,0.5517241379310345,0.7427813527082074,-0.5517241379310345
D1,QV2-0,R0,B1,detector_occupied,sequence,gopro46,630,30,38,592,4,590,2,34,0.5761064593301435,0.6666666666666666,0.10526315789473684,0.18181818181818182,0.9455128205128205,0.9966216216216216,0.9703947368421052,0.9428571428571428,0.5509423897581792,0.8947368421052632,0.0033783783783783786,1.0666666666666667,1.1547005383792515,-1.0666666666666667
D1,QV2-0,R0,B1,detector_occupied,sequence,gopro5,693,33,61,632,16,632,0,45,0.6906035141329259,1.0,0.26229508196721313,0.41558441558441556,0.9335302806499262,1.0,0.9656226126814362,0.935064935064935,0.6311475409836066,0.7377049180327869,0.0,1.3636363636363635,2.195035721390843,-1.3636363636363635
D1,QV2-0,R0,B1,detector_occupied,sequence,gopro8,420,20,48,372,18,372,0,30,0.7533474277660324,1.0,0.375,0.5454545454545454,0.9253731343283582,1.0,0.9612403100775194,0.9285714285714286,0.6875,0.625,0.0,1.5,1.70293863659264,-1.5
D1,QV2-0,R0,B1,detector_occupied,sequence,gopro9,693,33,61,632,9,619,13,52,0.5834912944178865,0.4090909090909091,0.14754098360655737,0.21686746987951805,0.9225037257824144,0.9794303797468354,0.9501151189562549,0.9062049062049062,0.5634856816766964,0.8524590163934426,0.020569620253164556,1.1818181818181819,1.7837651700316894,-1.1818181818181819
D1,QV2-0,R0,B1,detector_occupied,slot,slot_00,376,376,4,372,0,372,0,4,0.49732620320855614,0.0,0.0,0.0,0.9893617021276596,1.0,0.9946524064171123,0.9893617021276596,0.5,1.0,0.0,0.010638297872340425,0.10314212462587934,-0.010638297872340425
D1,QV2-0,R0,B1,detector_occupied,slot,slot_01,376,376,13,363,13,363,0,0,1.0,1.0,1.0,1.0,1.0,1.0,1.0,1.0,1.0,0.0,0.0,0.0,0.0,0.0
D1,QV2-0,R0,B1,detector_occupied,slot,slot_02,376,376,54,322,34,322,0,20,0.8713033953997809,1.0,0.6296296296296297,0.7727272727272727,0.9415204678362573,1.0,0.9698795180722891,0.9468085106382979,0.8148148148148149,0.37037037037037035,0.0,0.05319148936170213,0.23063280200722128,-0.05319148936170213
D1,QV2-0,R0,B1,detector_occupied,slot,slot_03,376,376,52,324,0,324,0,52,0.46285714285714286,0.0,0.0,0.0,0.8617021276595744,1.0,0.9257142857142857,0.8617021276595744,0.5,1.0,0.0,0.13829787234042554,0.371884218998905,-0.13829787234042554
D1,QV2-0,R0,B1,detector_occupied,slot,slot_04,376,376,48,328,0,328,0,48,0.46590909090909094,0.0,0.0,0.0,0.8723404255319149,1.0,0.9318181818181819,0.8723404255319149,0.5,1.0,0.0,0.1276595744680851,0.3572948005052482,-0.1276595744680851
D1,QV2-0,R0,B1,detector_occupied,slot,slot_05,376,376,44,332,0,332,0,44,0.4689265536723164,0.0,0.0,0.0,0.8829787234042553,1.0,0.9378531073446328,0.8829787234042553,0.5,1.0,0.0,0.11702127659574468,0.3420837274641176,-0.11702127659574468
D1,QV2-0,R0,B1,detector_occupied,slot,slot_06,376,376,62,314,0,314,0,62,0.45507246376811594,0.0,0.0,0.0,0.8351063829787234,1.0,0.9101449275362319,0.8351063829787234,0.5,1.0,0.0,0.16489361702127658,0.40607095072324073,-0.16489361702127658
D1,QV2-0,R0,B1,detector_occupied,slot,slot_07,376,376,17,359,17,359,0,0,1.0,1.0,1.0,1.0,1.0,1.0,1.0,1.0,1.0,0.0,0.0,0.0,0.0,0.0
D1,QV2-0,R0,B1,detector_occupied,slot,slot_08,376,376,2,374,2,374,0,0,1.0,1.0,1.0,1.0,1.0,1.0,1.0,1.0,1.0,0.0,0.0,0.0,0.0,0.0
D1,QV2-0,R0,B1,detector_occupied,slot,slot_09,376,376,2,374,2,374,0,0,1.0,1.0,1.0,1.0,1.0,1.0,1.0,1.0,1.0,0.0,0.0,0.0,0.0,0.0
D1,QV2-0,R0,B1,detector_occupied,slot,slot_10,376,376,20,356,0,356,0,20,0.4863387978142077,0.0,0.0,0.0,0.9468085106382979,1.0,0.9726775956284154,0.9468085106382979,0.5,1.0,0.0,0.05319148936170213,0.23063280200722128,-0.05319148936170213
D1,QV2-0,R0,B1,detector_occupied,slot,slot_11,376,376,67,309,9,296,13,58,0.5475791007846527,0.4090909090909091,0.13432835820895522,0.20224719101123595,0.8361581920903954,0.9579288025889967,0.8929110105580693,0.8111702127659575,0.5461285803989759,0.8656716417910447,0.042071197411003236,0.18882978723404256,0.4345454950106405,-0.1196808510638298
D1,QV2-0,R0,B1,detector_occupied,slot,slot_12,376,376,47,329,2,263,66,45,0.4302641457920961,0.029411764705882353,0.0425531914893617,0.034782608695652174,0.8538961038961039,0.7993920972644377,0.82574568288854,0.7047872340425532,0.4209726443768997,0.9574468085106383,0.2006079027355623,0.29521276595744683,0.5433348561959253,0.05585106382978723
D1,QV2-0,R0,B1,detector_occupied,slot,slot_13,376,376,72,304,15,275,29,57,0.5617002819345044,0.3409090909090909,0.20833333333333334,0.25862068965517243,0.8283132530120482,0.9046052631578947,0.8647798742138364,0.7712765957446809,0.556469298245614,0.7916666666666666,0.09539473684210527,0.22872340425531915,0.47825035729763876,-0.07446808510638298
D1,QV2-0,R0,B1,detector_occupied,slot,slot_14,376,376,23,353,20,349,4,3,0.9205673758865248,0.8333333333333334,0.8695652173913043,0.851063829787234,0.9914772727272727,0.9886685552407932,0.9900709219858156,0.9813829787234043,0.9291168863160488,0.13043478260869565,0.0113314447592068,0.018617021276595744,0.13644420572745383,0.0026595744680851063
D1,QV2-0,R0,B1,detector_occupied,slot,slot_15,376,376,48,328,9,328,0,39,0.6298371828852707,1.0,0.1875,0.3157894736842105,0.8937329700272479,1.0,0.943884892086331,0.8962765957446809,0.59375,0.8125,0.0,0.10372340425531915,0.3220611809195873,-0.10372340425531915
D1,QV2-0,R0,B1,detector_occupied,slot,slot_16,376,376,91,285,31,285,0,60,0.70647931303669,1.0,0.34065934065934067,0.5081967213114754,0.8260869565217391,1.0,0.9047619047619047,0.8404255319148937,0.6703296703296704,0.6593406593406593,0.0,0.1595744680851064,0.3994677309684806,-0.1595744680851064
D1,QV2-0,R0,B1,detector_occupied,slot,slot_17,376,376,26,350,0,348,2,26,0.4806629834254144,0.0,0.0,0.0,0.93048128342246,0.9942857142857143,0.9613259668508288,0.925531914893617,0.49714285714285716,1.0,0.005714285714285714,0.07446808510638298,0.27288841145490766,-0.06382978723404255
D1,QV2-0,R0,B1,detector_occupied,slot,slot_18,376,376,34,342,0,342,0,34,0.47632311977715874,0.0,0.0,0.0,0.9095744680851063,1.0,0.9526462395543175,0.9095744680851063,0.5,1.0,0.0,0.09042553191489362,0.30070838351282064,-0.09042553191489362
D1,QV2-0,R0,B1,detector_occupied,slot,slot_19,376,376,53,323,1,319,4,52,0.47689555798469635,0.2,0.018867924528301886,0.034482758620689655,0.8598382749326146,0.9876160990712074,0.9193083573487031,0.851063829787234,0.5032420117997547,0.9811320754716981,0.01238390092879257,0.14893617021276595,0.38592249249397986,-0.1276595744680851
D1,QV2-0,R0,B1,detector_occupied,slot,slot_20,376,376,19,357,0,323,34,19,0.46208869814020026,0.0,0.0,0.0,0.9444444444444444,0.9047619047619048,0.9241773962804005,0.8590425531914894,0.4523809523809524,1.0,0.09523809523809523,0.14095744680851063,0.3754430007451339,0.0398936170212766
D1,QV2-0,R1,B1 + F2,raw_state,overall,all,7896,376,798,7098,296,6908,190,502,0.7066806840698912,0.6090534979423868,0.37092731829573933,0.46105919003115264,0.9322537112010796,0.9732318963088193,0.9523021781086297,0.9123606889564336,0.6720796073022793,0.6290726817042607,0.026768103691180614,0.9627659574468085,1.3248845794770843,-0.8297872340425532
D1,QV2-0,R1,B1 + F2,raw_state,sequence,gopro1,525,25,41,484,4,481,3,37,0.563373253493014,0.5714285714285714,0.0975609756097561,0.16666666666666669,0.9285714285714286,0.993801652892562,0.9600798403193613,0.9238095238095239,0.5456813142511591,0.9024390243902439,0.006198347107438017,1.36,1.7204650534085253,-1.36
D1,QV2-0,R1,B1 + F2,raw_state,sequence,gopro11,525,25,70,455,33,430,25,37,0.7241899403470715,0.5689655172413793,0.4714285714285714,0.515625,0.9207708779443254,0.945054945054945,0.932754880694143,0.8819047619047619,0.7082417582417582,0.5285714285714286,0.054945054945054944,0.64,0.9797958971132712,-0.48
D1,QV2-0,R1,B1 + F2,raw_state,sequence,gopro12,567,27,52,515,33,513,2,19,0.8692816915324573,0.9428571428571428,0.6346153846153846,0.7586206896551724,0.9642857142857143,0.996116504854369,0.9799426934097423,0.9629629629629629,0.8153659447348768,0.36538461538461536,0.003883495145631068,0.7037037037037037,1.1055415967851334,-0.6296296296296297
D1,QV2-0,R1,B1 + F2,raw_state,sequence,gopro19,42,2,4,38,1,38,0,3,0.6810126582278482,1.0,0.25,0.4,0.926829268292683,1.0,0.9620253164556963,0.9285714285714286,0.625,0.75,0.0,1.5,1.5811388300841898,-1.5
D1,QV2-0,R1,B1 + F2,raw_state,sequence,gopro23,945,45,150,795,55,756,39,95,0.6847050973049419,0.5851063829787234,0.36666666666666664,0.45081967213114754,0.8883666274970623,0.9509433962264151,0.9185905224787363,0.8582010582010582,0.6588050314465409,0.6333333333333333,0.04905660377358491,1.288888888888889,1.8012341448141729,-1.2444444444444445
D1,QV2-0,R1,B1 + F2,raw_state,sequence,gopro24,630,30,101,529,30,485,44,71,0.6184331797235023,0.40540540540540543,0.297029702970297,0.34285714285714286,0.8723021582733813,0.9168241965973535,0.8940092165898618,0.8174603174603174,0.6069269497838252,0.7029702970297029,0.0831758034026465,0.9666666666666667,1.1972189997378648,-0.9
D1,QV2-0,R1,B1 + F2,raw_state,sequence,gopro25,63,3,19,44,1,38,6,18,0.41846153846153844,0.14285714285714285,0.05263157894736842,0.07692307692307693,0.6785714285714286,0.8636363636363636,0.76,0.6190476190476191,0.45813397129186606,0.9473684210526315,0.13636363636363635,4.0,4.0,-4.0
D1,QV2-0,R1,B1 + F2,raw_state,sequence,gopro26,588,28,40,548,19,547,1,21,0.806810035842294,0.95,0.475,0.6333333333333334,0.9630281690140845,0.9981751824817519,0.9802867383512546,0.9625850340136054,0.7365875912408759,0.525,0.0018248175182481751,0.7142857142857143,1.0,-0.7142857142857143
D1,QV2-0,R1,B1 + F2,raw_state,sequence,gopro30,42,2,2,40,1,40,0,1,0.8271604938271604,1.0,0.5,0.6666666666666666,0.975609756097561,1.0,0.9876543209876543,0.9761904761904762,0.75,0.5,0.0,0.5,0.7071067811865476,-0.5
D1,QV2-0,R1,B1 + F2,raw_state,sequence,gopro33,336,16,32,304,0,301,3,32,0.47252747252747246,0.0,0.0,0.0,0.9039039039039038,0.9901315789473685,0.9450549450549449,0.8958333333333334,0.49506578947368424,1.0,0.009868421052631578,1.8125,1.8540496217739157,-1.8125
D1,QV2-0,R1,B1 + F2,raw_state,sequence,gopro34,546,26,44,502,6,494,8,38,0.5812045621289935,0.42857142857142855,0.13636363636363635,0.20689655172413793,0.9285714285714286,0.9840637450199203,0.9555125725338491,0.9157509157509157,0.5602136906917783,0.8636363636363636,0.01593625498007968,1.2307692307692308,1.4142135623730951,-1.1538461538461537
D1,QV2-0,R1,B1 + F2,raw_state,sequence,gopro36,42,2,3,39,2,36,3,1,0.7236842105263157,0.4,0.6666666666666666,0.5,0.972972972972973,0.9230769230769231,0.9473684210526315,0.9047619047619048,0.7948717948717949,0.3333333333333333,0.07692307692307693,1.0,1.0,1.0
D1,QV2-0,R1,B1 + F2,raw_state,sequence,gopro4,609,29,32,577,17,546,31,15,0.6922891036906854,0.3541666666666667,0.53125,0.425,0.9732620320855615,0.9462738301559792,0.9595782073813709,0.9244663382594417,0.7387619150779896,0.46875,0.053726169844020795,0.5517241379310345,0.7427813527082074,0.5517241379310345
D1,QV2-0,R1,B1 + F2,raw_state,sequence,gopro46,630,30,38,592,4,586,6,34,0.5668316831683169,0.4,0.10526315789473684,0.16666666666666666,0.9451612903225807,0.9898648648648649,0.966996699669967,0.9365079365079365,0.5475640113798008,0.8947368421052632,0.010135135135135136,0.9333333333333333,1.0954451150103321,-0.9333333333333333
D1,QV2-0,R1,B1 + F2,raw_state,sequence,gopro5,693,33,61,632,35,632,0,26,0.8545058139534883,1.0,0.5737704918032787,0.7291666666666666,0.9604863221884499,1.0,0.9798449612403101,0.9624819624819625,0.7868852459016393,0.4262295081967213,0.0,0.7878787878787878,1.2060453783110545,-0.7878787878787878
D1,QV2-0,R1,B1 + F2,raw_state,sequence,gopro8,420,20,48,372,34,372,0,14,0.9053993178454212,1.0,0.7083333333333334,0.8292682926829268,0.9637305699481865,1.0,0.9815303430079156,0.9666666666666667,0.8541666666666667,0.2916666666666667,0.0,0.7,0.8366600265340756,-0.7
D1,QV2-0,R1,B1 + F2,raw_state,sequence,gopro9,693,33,61,632,21,613,19,40,0.6849635936356281,0.525,0.3442622950819672,0.4158415841584158,0.9387442572741195,0.9699367088607594,0.9540856031128404,0.9148629148629148,0.6570995019713634,0.6557377049180327,0.030063291139240507,0.696969696969697,1.0298573010888745,-0.6363636363636364
D1,QV2-0,R1,B1 + F2,raw_state,slot,slot_00,376,376,4,372,4,372,0,0,1.0,1.0,1.0,1.0,1.0,1.0,1.0,1.0,1.0,0.0,0.0,0.0,0.0,0.0
D1,QV2-0,R1,B1 + F2,raw_state,slot,slot_01,376,376,13,363,13,356,7,0,0.8890715218948877,0.65,1.0,0.787878787878788,1.0,0.9807162534435262,0.9902642559109874,0.9813829787234043,0.9903581267217632,0.0,0.01928374655647383,0.018617021276595744,0.13644420572745383,0.018617021276595744
D1,QV2-0,R1,B1 + F2,raw_state,slot,slot_02,376,376,54,322,54,322,0,0,1.0,1.0,1.0,1.0,1.0,1.0,1.0,1.0,1.0,0.0,0.0,0.0,0.0,0.0
D1,QV2-0,R1,B1 + F2,raw_state,slot,slot_03,376,376,52,324,16,320,4,36,0.6928104575163399,0.8,0.3076923076923077,0.4444444444444444,0.898876404494382,0.9876543209876543,0.9411764705882353,0.8936170212765957,0.647673314339981,0.6923076923076923,0.012345679012345678,0.10638297872340426,0.3261640365267211,-0.0851063829787234
D1,QV2-0,R1,B1 + F2,raw_state,slot,slot_04,376,376,48,328,8,312,16,40,0.5699346405228758,0.3333333333333333,0.16666666666666666,0.2222222222222222,0.8863636363636364,0.9512195121951219,0.9176470588235294,0.851063829787234,0.5589430894308943,0.8333333333333334,0.04878048780487805,0.14893617021276595,0.38592249249397986,-0.06382978723404255
D1,QV2-0,R1,B1 + F2,raw_state,slot,slot_05,376,376,44,332,41,332,0,3,0.9801040656142517,1.0,0.9318181818181818,0.9647058823529412,0.991044776119403,1.0,0.9955022488755623,0.9920212765957447,0.9659090909090908,0.06818181818181818,0.0,0.007978723404255319,0.08932370012631205,-0.007978723404255319
D1,QV2-0,R1,B1 + F2,raw_state,slot,slot_06,376,376,62,314,0,314,0,62,0.45507246376811594,0.0,0.0,0.0,0.8351063829787234,1.0,0.9101449275362319,0.8351063829787234,0.5,1.0,0.0,0.16489361702127658,0.40607095072324073,-0.16489361702127658
D1,QV2-0,R1,B1 + F2,raw_state,slot,slot_07,376,376,17,359,17,358,1,0,0.9850169356445507,0.9444444444444444,1.0,0.9714285714285714,1.0,0.9972144846796658,0.99860529986053,0.9973404255319149,0.9986072423398329,0.0,0.002785515320334262,0.0026595744680851063,0.05157106231293967,0.0026595744680851063
D1,QV2-0,R1,B1 + F2,raw_state,slot,slot_08,376,376,2,374,2,374,0,0,1.0,1.0,1.0,1.0,1.0,1.0,1.0,1.0,1.0,0.0,0.0,0.0,0.0,0.0
D1,QV2-0,R1,B1 + F2,raw_state,slot,slot_09,376,376,2,374,2,374,0,0,1.0,1.0,1.0,1.0,1.0,1.0,1.0,1.0,1.0,0.0,0.0,0.0,0.0,0.0
D1,QV2-0,R1,B1 + F2,raw_state,slot,slot_10,376,376,20,356,14,354,2,6,0.8833022967101178,0.875,0.7,0.7777777777777777,0.9833333333333333,0.9943820224719101,0.9888268156424581,0.9787234042553191,0.8471910112359551,0.3,0.0056179775280898875,0.02127659574468085,0.14586499149789456,-0.010638297872340425
D1,QV2-0,R1,B1 + F2,raw_state,slot,slot_11,376,376,67,309,9,296,13,58,0.5475791007846527,0.4090909090909091,0.13432835820895522,0.20224719101123595,0.8361581920903954,0.9579288025889967,0.8929110105580693,0.8111702127659575,0.5461285803989759,0.8656716417910447,0.042071197411003236,0.18882978723404256,0.4345454950106405,-0.1196808510638298
D1,QV2-0,R1,B1 + F2,raw_state,slot,slot_12,376,376,47,329,3,263,66,44,0.4393840815441336,0.043478260869565216,0.06382978723404255,0.05172413793103448,0.8566775244299675,0.7993920972644377,0.8270440251572327,0.7074468085106383,0.4316109422492401,0.9361702127659575,0.2006079027355623,0.2925531914893617,0.5408818646334537,0.05851063829787234
D1,QV2-0,R1,B1 + F2,raw_state,slot,slot_13,376,376,72,304,15,271,33,57,0.5537974683544304,0.3125,0.20833333333333334,0.25,0.8262195121951219,0.8914473684210527,0.8575949367088608,0.7606382978723404,0.549890350877193,0.7916666666666666,0.10855263157894737,0.2393617021276596,0.48924605479008165,-0.06382978723404255
D1,QV2-0,R1,B1 + F2,raw_state,slot,slot_14,376,376,23,353,23,349,4,0,0.9571509971509972,0.8518518518518519,1.0,0.92,1.0,0.9886685552407932,0.9943019943019943,0.9893617021276596,0.9943342776203966,0.0,0.0113314447592068,0.010638297872340425,0.10314212462587934,0.010638297872340425
D1,QV2-0,R1,B1 + F2,raw_state,slot,slot_15,376,376,48,328,9,328,0,39,0.6298371828852707,1.0,0.1875,0.3157894736842105,0.8937329700272479,1.0,0.943884892086331,0.8962765957446809,0.59375,0.8125,0.0,0.10372340425531915,0.3220611809195873,-0.10372340425531915
D1,QV2-0,R1,B1 + F2,raw_state,slot,slot_16,376,376,91,285,56,285,0,35,0.8520267611176702,1.0,0.6153846153846154,0.761904761904762,0.890625,1.0,0.9421487603305785,0.9069148936170213,0.8076923076923077,0.38461538461538464,0.0,0.09308510638297872,0.3050985191425529,-0.09308510638297872
D1,QV2-0,R1,B1 + F2,raw_state,slot,slot_17,376,376,26,350,8,348,2,18,0.7082557417752948,0.8,0.3076923076923077,0.4444444444444444,0.9508196721311475,0.9942857142857143,0.9720670391061452,0.9468085106382979,0.6509890109890111,0.6923076923076923,0.005714285714285714,0.05319148936170213,0.23063280200722128,-0.0425531914893617
D1,QV2-0,R1,B1 + F2,raw_state,slot,slot_18,376,376,34,342,1,342,0,33,0.5055588762701734,1.0,0.029411764705882353,0.05714285714285715,0.912,1.0,0.9539748953974896,0.9122340425531915,0.5147058823529411,0.9705882352941176,0.0,0.08776595744680851,0.2962531982051983,-0.08776595744680851
D1,QV2-0,R1,B1 + F2,raw_state,slot,slot_19,376,376,53,323,1,315,8,52,0.4726507713884993,0.1111111111111111,0.018867924528301886,0.03225806451612903,0.8583106267029973,0.9752321981424149,0.9130434782608696,0.8404255319148937,0.4970500613353584,0.9811320754716981,0.02476780185758514,0.1595744680851064,0.3994677309684806,-0.11702127659574468
D1,QV2-0,R1,B1 + F2,raw_state,slot,slot_20,376,376,19,357,0,323,34,19,0.46208869814020026,0.0,0.0,0.0,0.9444444444444444,0.9047619047619048,0.9241773962804005,0.8590425531914894,0.4523809523809524,1.0,0.09523809523809523,0.14095744680851063,0.3754430007451339,0.0398936170212766
D1,QV2-0,R2,B1 + F2 + E4,state,overall,all,7896,376,798,7098,356,6488,610,442,0.6643176232568875,0.36853002070393376,0.44611528822055135,0.40362811791383213,0.9362193362193362,0.9140602986756833,0.9250071285999429,0.8667679837892603,0.6800877934481173,0.5538847117794486,0.0859397013243167,1.3297872340425532,1.7366512162229095,0.44680851063829785
D1,QV2-0,R2,B1 + F2 + E4,state,sequence,gopro1,525,25,41,484,4,468,16,37,0.5387790283280015,0.2,0.0975609756097561,0.13114754098360656,0.9267326732673268,0.9669421487603306,0.9464105156723964,0.8990476190476191,0.5322515621850433,0.9024390243902439,0.03305785123966942,1.08,1.5099668870541498,-0.84
D1,QV2-0,R2,B1 + F2 + E4,state,sequence,gopro11,525,25,70,455,44,376,79,26,0.6667190645763932,0.35772357723577236,0.6285714285714286,0.455958549222798,0.9353233830845771,0.8263736263736263,0.8774795799299883,0.8,0.7274725274725274,0.37142857142857144,0.17362637362637362,2.52,2.6608269391300143,2.12
D1,QV2-0,R2,B1 + F2 + E4,state,sequence,gopro12,567,27,52,515,33,473,42,19,0.729554535573818,0.44,0.6346153846153846,0.5196850393700788,0.9613821138211383,0.9184466019417475,0.9394240317775572,0.892416225749559,0.776530993278566,0.36538461538461536,0.08155339805825243,1.0,1.1706281947614154,0.8518518518518519
D1,QV2-0,R2,B1 + F2 + E4,state,sequence,gopro19,42,2,4,38,1,38,0,3,0.6810126582278482,1.0,0.25,0.4,0.926829268292683,1.0,0.9620253164556963,0.9285714285714286,0.625,0.75,0.0,1.5,1.5811388300841898,-1.5
D1,QV2-0,R2,B1 + F2 + E4,state,sequence,gopro23,945,45,150,795,72,710,85,78,0.6830431642389312,0.4585987261146497,0.48,0.46905537459283386,0.9010152284263959,0.8930817610062893,0.8970309538850284,0.8275132275132275,0.6865408805031447,0.52,0.1069182389937107,1.5777777777777777,1.879716290649558,0.15555555555555556
D1,QV2-0,R2,B1 + F2 + E4,state,sequence,gopro24,630,30,101,529,61,439,90,40,0.6775793650793651,0.40397350993377484,0.6039603960396039,0.48412698412698413,0.9164926931106472,0.8298676748582231,0.871031746031746,0.7936507936507936,0.7169140354489135,0.39603960396039606,0.17013232514177692,1.6666666666666667,1.879716290649558,1.6666666666666667
D1,QV2-0,R2,B1 + F2 + E4,state,sequence,gopro25,63,3,19,44,1,37,7,18,0.4107744107744108,0.125,0.05263157894736842,0.07407407407407407,0.6727272727272727,0.8409090909090909,0.7474747474747475,0.6031746031746031,0.4467703349282297,0.9473684210526315,0.1590909090909091,3.6666666666666665,3.7859388972001824,-3.6666666666666665
D1,QV2-0,R2,B1 + F2 + E4,state,sequence,gopro26,588,28,40,548,18,533,15,22,0.7298029036624896,0.5454545454545454,0.45,0.4931506849315069,0.9603603603603603,0.9726277372262774,0.9664551223934723,0.9370748299319728,0.7113138686131387,0.55,0.02737226277372263,0.6071428571428571,0.944911182523068,-0.25
D1,QV2-0,R2,B1 + F2 + E4,state,sequence,gopro30,42,2,2,40,0,40,0,2,0.4878048780487805,0.0,0.0,0.0,0.9523809523809523,1.0,0.975609756097561,0.9523809523809523,0.5,1.0,0.0,1.0,1.4142135623730951,-1.0
D1,QV2-0,R2,B1 + F2 + E4,state,sequence,gopro33,336,16,32,304,0,296,8,32,0.4683544303797469,0.0,0.0,0.0,0.9024390243902439,0.9736842105263158,0.9367088607594938,0.8809523809523809,0.4868421052631579,1.0,0.02631578947368421,1.5,1.6583123951777,-1.5
D1,QV2-0,R2,B1 + F2 + E4,state,sequence,gopro34,546,26,44,502,14,453,49,30,0.5907395986526875,0.2222222222222222,0.3181818181818182,0.2616822429906542,0.937888198757764,0.9023904382470119,0.9197969543147209,0.8553113553113553,0.6102861282144151,0.6818181818181818,0.09760956175298804,1.3461538461538463,1.7431183374807169,0.7307692307692307
D1,QV2-0,R2,B1 + F2 + E4,state,sequence,gopro36,42,2,3,39,2,36,3,1,0.7236842105263157,0.4,0.6666666666666666,0.5,0.972972972972973,0.9230769230769231,0.9473684210526315,0.9047619047619048,0.7948717948717949,0.3333333333333333,0.07692307692307693,1.0,1.4142135623730951,1.0
D1,QV2-0,R2,B1 + F2 + E4,state,sequence,gopro4,609,29,32,577,16,527,50,16,0.6338010204081632,0.24242424242424243,0.5,0.326530612244898,0.9705340699815838,0.9133448873483535,0.9410714285714286,0.8916256157635468,0.7066724436741767,0.5,0.08665511265164645,1.2413793103448276,1.5974116995724785,1.1724137931034482
D1,QV2-0,R2,B1 + F2 + E4,state,sequence,gopro46,630,30,38,592,4,555,37,34,0.5205736395888487,0.0975609756097561,0.10526315789473684,0.10126582278481013,0.9422750424448217,0.9375,0.9398814563928873,0.8873015873015873,0.5213815789473684,0.8947368421052632,0.0625,0.5,0.7071067811865476,0.1
D1,QV2-0,R2,B1 + F2 + E4,state,sequence,gopro5,693,33,61,632,33,615,17,28,0.7796502384737678,0.66,0.5409836065573771,0.5945945945945946,0.9564541213063764,0.9731012658227848,0.9647058823529411,0.935064935064935,0.7570424361900809,0.45901639344262296,0.02689873417721519,1.0,1.381698559415515,-0.3333333333333333
D1,QV2-0,R2,B1 + F2 + E4,state,sequence,gopro8,420,20,48,372,33,365,7,15,0.8603723404255319,0.825,0.6875,0.75,0.9605263157894737,0.9811827956989247,0.9707446808510638,0.9476190476190476,0.8343413978494624,0.3125,0.01881720430107527,0.6,0.8366600265340756,-0.4
D1,QV2-0,R2,B1 + F2 + E4,state,sequence,gopro9,693,33,61,632,20,527,105,41,0.5466935483870968,0.16,0.32786885245901637,0.21505376344086025,0.9278169014084507,0.8338607594936709,0.8783333333333334,0.7893217893217893,0.5808648059763436,0.6721311475409836,0.1661392405063291,2.1818181818181817,2.6285149626910838,1.9393939393939394
D1,QV2-0,R2,B1 + F2 + E4,state,slot,slot_00,376,376,4,372,3,360,12,1,0.6490270697206865,0.2,0.75,0.31578947368421056,0.997229916897507,0.967741935483871,0.9822646657571624,0.9654255319148937,0.8588709677419355,0.25,0.03225806451612903,0.034574468085106384,0.1859421094994525,0.02925531914893617
D1,QV2-0,R2,B1 + F2 + E4,state,slot,slot_01,376,376,13,363,13,329,34,0,0.6921001926782273,0.2765957446808511,1.0,0.43333333333333335,1.0,0.90633608815427,0.9508670520231214,0.9095744680851063,0.9531680440771351,0.0,0.09366391184573003,0.09042553191489362,0.30070838351282064,0.09042553191489362
D1,QV2-0,R2,B1 + F2 + E4,state,slot,slot_02,376,376,54,322,53,302,20,1,0.9005228346456693,0.726027397260274,0.9814814814814815,0.8346456692913385,0.9966996699669967,0.937888198757764,0.9664,0.9441489361702128,0.9596848401196227,0.018518518518518517,0.062111801242236024,0.05585106382978723,0.23632829671833044,0.05053191489361702
D1,QV2-0,R2,B1 + F2 + E4,state,slot,slot_03,376,376,52,324,22,311,13,30,0.7205427361507215,0.6285714285714286,0.4230769230769231,0.5057471264367815,0.9120234604105572,0.9598765432098766,0.9353383458646616,0.8856382978723404,0.6914767331433999,0.5769230769230769,0.040123456790123455,0.11436170212765957,0.3381740707500496,-0.04521276595744681
D1,QV2-0,R2,B1 + F2 + E4,state,slot,slot_04,376,376,48,328,15,308,20,33,0.6411115313271021,0.42857142857142855,0.3125,0.3614457831325301,0.9032258064516129,0.9390243902439024,0.920777279521674,0.8590425531914894,0.6257621951219512,0.6875,0.06097560975609756,0.14095744680851063,0.3754430007451339,-0.034574468085106384
D1,QV2-0,R2,B1 + F2 + E4,state,slot,slot_05,376,376,44,332,38,321,11,6,0.8957038197333855,0.7755102040816326,0.8636363636363636,0.8172043010752688,0.981651376146789,0.9668674698795181,0.9742033383915022,0.9547872340425532,0.9152519167579409,0.13636363636363635,0.03313253012048193,0.04521276595744681,0.21263293714156048,0.013297872340425532
D1,QV2-0,R2,B1 + F2 + E4,state,slot,slot_06,376,376,62,314,0,314,0,62,0.45507246376811594,0.0,0.0,0.0,0.8351063829787234,1.0,0.9101449275362319,0.8351063829787234,0.5,1.0,0.0,0.16489361702127658,0.40607095072324073,-0.16489361702127658
D1,QV2-0,R2,B1 + F2 + E4,state,slot,slot_07,376,376,17,359,17,345,14,0,0.8442234848484849,0.5483870967741935,1.0,0.7083333333333333,1.0,0.9610027855153204,0.9801136363636364,0.9627659574468085,0.9805013927576602,0.0,0.03899721448467967,0.03723404255319149,0.19296124624698993,0.03723404255319149
D1,QV2-0,R2,B1 + F2 + E4,state,slot,slot_08,376,376,2,374,2,370,4,0,0.7473118279569892,0.3333333333333333,1.0,0.5,1.0,0.9893048128342246,0.9946236559139785,0.9893617021276596,0.9946524064171123,0.0,0.0106951871657754,0.010638297872340425,0.10314212462587934,0.010638297872340425
D1,QV2-0,R2,B1 + F2 + E4,state,slot,slot_09,376,376,2,374,2,374,0,0,1.0,1.0,1.0,1.0,1.0,1.0,1.0,1.0,1.0,0.0,0.0,0.0,0.0,0.0
D1,QV2-0,R2,B1 + F2 + E4,state,slot,slot_10,376,376,20,356,18,346,10,2,0.8664772727272727,0.6428571428571429,0.9,0.75,0.9942528735632183,0.9719101123595506,0.9829545454545454,0.9680851063829787,0.9359550561797754,0.1,0.028089887640449437,0.031914893617021274,0.1786474002526241,0.02127659574468085
D1,QV2-0,R2,B1 + F2 + E4,state,slot,slot_11,376,376,67,309,31,281,28,36,0.6949135351691262,0.5254237288135594,0.4626865671641791,0.4920634920634921,0.886435331230284,0.9093851132686084,0.8977635782747604,0.8297872340425532,0.6860358402163937,0.5373134328358209,0.09061488673139159,0.1702127659574468,0.41256849850351734,-0.02127659574468085
D1,QV2-0,R2,B1 + F2 + E4,state,slot,slot_12,376,376,47,329,15,231,98,32,0.4839527027027027,0.13274336283185842,0.3191489361702128,0.18750000000000003,0.8783269961977186,0.7021276595744681,0.7804054054054054,0.6542553191489362,0.5106382978723405,0.6808510638297872,0.2978723404255319,0.34574468085106386,0.5880005789547013,0.17553191489361702
D1,QV2-0,R2,B1 + F2 + E4,state,slot,slot_13,376,376,72,304,15,181,123,57,0.40537691091196626,0.10869565217391304,0.20833333333333334,0.14285714285714285,0.7605042016806722,0.5953947368421053,0.6678966789667896,0.5212765957446809,0.40186403508771934,0.7916666666666666,0.40460526315789475,0.4787234042553192,0.6918984060216639,0.17553191489361702
D1,QV2-0,R2,B1 + F2 + E4,state,slot,slot_14,376,376,23,353,22,343,10,1,0.8921090387374462,0.6875,0.9565217391304348,0.8,0.997093023255814,0.9716713881019831,0.9842180774748924,0.9707446808510638,0.9640965636162089,0.043478260869565216,0.028328611898016998,0.02925531914893617,0.1710418637320588,0.023936170212765957
D1,QV2-0,R2,B1 + F2 + E4,state,slot,slot_15,376,376,48,328,9,320,8,39,0.6042548426827903,0.5294117647058824,0.1875,0.27692307692307694,0.8913649025069638,0.975609756097561,0.9315866084425036,0.875,0.5815548780487805,0.8125,0.024390243902439025,0.125,0.3535533905932738,-0.08244680851063829
D1,QV2-0,R2,B1 + F2 + E4,state,slot,slot_16,376,376,91,285,71,268,17,20,0.8643618317782523,0.8068181818181818,0.7802197802197802,0.7932960893854749,0.9305555555555556,0.9403508771929825,0.9354275741710297,0.901595744680851,0.8602853287063814,0.21978021978021978,0.05964912280701754,0.09840425531914894,0.31369452548482407,-0.007978723404255319
D1,QV2-0,R2,B1 + F2 + E4,state,slot,slot_17,376,376,26,350,8,342,8,18,0.6721663313212609,0.5,0.3076923076923077,0.380952380952381,0.95,0.9771428571428571,0.9633802816901408,0.9308510638297872,0.6424175824175824,0.6923076923076923,0.022857142857142857,0.06914893617021277,0.26296185307038883,-0.026595744680851064
D1,QV2-0,R2,B1 + F2 + E4,state,slot,slot_18,376,376,34,342,0,339,3,34,0.4741258741258741,0.0,0.0,0.0,0.9088471849865952,0.9912280701754386,0.9482517482517482,0.901595744680851,0.4956140350877193,1.0,0.008771929824561403,0.09840425531914894,0.31369452548482407,-0.08244680851063829
D1,QV2-0,R2,B1 + F2 + E4,state,slot,slot_19,376,376,53,323,2,257,66,51,0.4238189414676952,0.029411764705882353,0.03773584905660377,0.03305785123966942,0.8344155844155844,0.7956656346749226,0.814580031695721,0.6888297872340425,0.41670074186576317,0.9622641509433962,0.2043343653250774,0.31117021276595747,0.5578263284983576,0.0398936170212766
D1,QV2-0,R2,B1 + F2 + E4,state,slot,slot_20,376,376,19,357,0,246,111,19,0.3954983922829582,0.0,0.0,0.0,0.9283018867924528,0.6890756302521008,0.7909967845659164,0.6542553191489362,0.3445378151260504,1.0,0.31092436974789917,0.34574468085106386,0.5880005789547013,0.24468085106382978
D1-LL,QV2-1,R0,B1,detector_occupied,overall,all,7896,376,798,7098,182,6702,396,616,0.5971675528482564,0.314878892733564,0.22807017543859648,0.2645348837209302,0.9158239956272205,0.9442096365173288,0.9298002219755827,0.8718338399189463,0.5861399059779626,0.7719298245614035,0.055790363482671176,0.9787234042553191,1.443989744762311,-0.5851063829787234
D1-LL,QV2-1,R0,B1,detector_occupied,sequence,gopro1,525,25,41,484,3,478,6,38,0.538,0.3333333333333333,0.07317073170731707,0.12,0.9263565891472868,0.987603305785124,0.956,0.9161904761904762,0.5303870187462205,0.926829268292683,0.012396694214876033,1.36,1.7204650534085253,-1.28
D1-LL,QV2-1,R0,B1,detector_occupied,sequence,gopro11,525,25,70,455,13,423,32,57,0.565449895373169,0.28888888888888886,0.18571428571428572,0.22608695652173913,0.88125,0.9296703296703297,0.904812834224599,0.8304761904761905,0.5576923076923077,0.8142857142857143,0.07032967032967033,1.08,1.3114877048604001,-1.0
D1-LL,QV2-1,R0,B1,detector_occupied,sequence,gopro12,567,27,52,515,31,489,26,21,0.761476840456478,0.543859649122807,0.5961538461538461,0.5688073394495413,0.9588235294117647,0.9495145631067962,0.9541463414634147,0.9171075837742504,0.7728342046303212,0.40384615384615385,0.05048543689320388,0.7777777777777778,0.9622504486493763,0.18518518518518517
D1-LL,QV2-1,R0,B1,detector_occupied,sequence,gopro19,42,2,4,38,2,36,2,2,0.7236842105263157,0.5,0.5,0.5,0.9473684210526315,0.9473684210526315,0.9473684210526315,0.9047619047619048,0.7236842105263157,0.5,0.05263157894736842,0.0,0.0,0.0
D1-LL,QV2-1,R0,B1,detector_occupied,sequence,gopro23,945,45,150,795,16,757,38,134,0.5274230688716768,0.2962962962962963,0.10666666666666667,0.1568627450980392,0.8496071829405163,0.9522012578616352,0.8979833926453143,0.817989417989418,0.529433962264151,0.8933333333333333,0.04779874213836478,2.1333333333333333,2.70801280154532,-2.1333333333333333
D1-LL,QV2-1,R0,B1,detector_occupied,sequence,gopro24,630,30,101,529,31,469,60,70,0.6005969101123596,0.34065934065934067,0.3069306930693069,0.3229166666666667,0.8701298701298701,0.8865784499054821,0.8782771535580525,0.7936507936507936,0.5967545714873945,0.693069306930693,0.11342155009451796,0.3333333333333333,0.5773502691896257,-0.3333333333333333
D1-LL,QV2-1,R0,B1,detector_occupied,sequence,gopro25,63,3,19,44,1,37,7,18,0.4107744107744108,0.125,0.05263157894736842,0.07407407407407407,0.6727272727272727,0.8409090909090909,0.7474747474747475,0.6031746031746031,0.4467703349282297,0.9473684210526315,0.1590909090909091,3.6666666666666665,3.696845502136472,-3.6666666666666665
D1-LL,QV2-1,R0,B1,detector_occupied,sequence,gopro26,588,28,40,548,19,520,28,21,0.695893100281815,0.40425531914893614,0.475,0.4367816091954023,0.9611829944547134,0.948905109489051,0.9550045913682277,0.9166666666666666,0.7119525547445256,0.525,0.051094890510948905,0.5357142857142857,0.7319250547113999,0.25
D1-LL,QV2-1,R0,B1,detector_occupied,sequence,gopro30,42,2,2,40,0,38,2,2,0.47500000000000003,0.0,0.0,0.0,0.95,0.95,0.9500000000000001,0.9047619047619048,0.475,1.0,0.05,1.0,1.0,0.0
D1-LL,QV2-1,R0,B1,detector_occupied,sequence,gopro33,336,16,32,304,0,288,16,32,0.46153846153846156,0.0,0.0,0.0,0.9,0.9473684210526315,0.9230769230769231,0.8571428571428571,0.47368421052631576,1.0,0.05263157894736842,1.0,1.0,-1.0
D1-LL,QV2-1,R0,B1,detector_occupied,sequence,gopro34,546,26,44,502,6,461,41,38,0.5264735264735265,0.1276595744680851,0.13636363636363635,0.13186813186813187,0.9238476953907816,0.9183266932270916,0.9210789210789211,0.8553113553113553,0.527345164795364,0.8636363636363636,0.08167330677290836,0.5769230769230769,0.8086075400626399,0.11538461538461539
D1-LL,QV2-1,R0,B1,detector_occupied,sequence,gopro36,42,2,3,39,2,35,4,1,0.6888888888888889,0.3333333333333333,0.6666666666666666,0.4444444444444444,0.9722222222222222,0.8974358974358975,0.9333333333333333,0.8809523809523809,0.782051282051282,0.3333333333333333,0.10256410256410256,1.5,1.5811388300841898,1.5
D1-LL,QV2-1,R0,B1,detector_occupied,sequence,gopro4,609,29,32,577,1,540,37,31,0.4846689895470383,0.02631578947368421,0.03125,0.02857142857142857,0.9457092819614711,0.9358752166377816,0.940766550522648,0.8883415435139573,0.4835626083188908,0.96875,0.06412478336221837,0.3448275862068966,0.5872202195147035,0.20689655172413793
D1-LL,QV2-1,R0,B1,detector_occupied,sequence,gopro46,630,30,38,592,4,565,27,34,0.5323622823349031,0.12903225806451613,0.10526315789473684,0.11594202898550723,0.9432387312186978,0.9543918918918919,0.9487825356842989,0.9031746031746032,0.5298275248933144,0.8947368421052632,0.04560810810810811,0.36666666666666664,0.6055300708194983,-0.23333333333333334
D1-LL,QV2-1,R0,B1,detector_occupied,sequence,gopro5,693,33,61,632,26,621,11,35,0.7474489795918368,0.7027027027027027,0.4262295081967213,0.5306122448979592,0.9466463414634146,0.9825949367088608,0.9642857142857143,0.9336219336219336,0.704412222452791,0.5737704918032787,0.01740506329113924,1.0909090909090908,1.6143297699232972,-0.7272727272727273
D1-LL,QV2-1,R0,B1,detector_occupied,sequence,gopro8,420,20,48,372,18,365,7,30,0.722455394616992,0.72,0.375,0.4931506849315069,0.9240506329113924,0.9811827956989247,0.9517601043024772,0.9119047619047619,0.6780913978494624,0.625,0.01881720430107527,1.45,1.6278820596099706,-1.15
D1-LL,QV2-1,R0,B1,detector_occupied,sequence,gopro9,693,33,61,632,9,580,52,52,0.5326312512969495,0.14754098360655737,0.14754098360655737,0.14754098360655737,0.9177215189873418,0.9177215189873418,0.9177215189873418,0.84992784992785,0.5326312512969495,0.8524590163934426,0.08227848101265822,0.9696969696969697,1.1806521053804944,0.0
D1-LL,QV2-1,R0,B1,detector_occupied,slot,slot_00,376,376,4,372,2,372,0,2,0.8319928507596068,1.0,0.5,0.6666666666666666,0.9946524064171123,1.0,0.9973190348525469,0.9946808510638298,0.75,0.5,0.0,0.005319148936170213,0.07293249574894728,-0.005319148936170213
D1-LL,QV2-1,R0,B1,detector_occupied,slot,slot_01,376,376,13,363,13,363,0,0,1.0,1.0,1.0,1.0,1.0,1.0,1.0,1.0,1.0,0.0,0.0,0.0,0.0,0.0
D1-LL,QV2-1,R0,B1,detector_occupied,slot,slot_02,376,376,54,322,33,322,0,21,0.8635208711433757,1.0,0.6111111111111112,0.7586206896551725,0.9387755102040817,1.0,0.968421052631579,0.9441489361702128,0.8055555555555556,0.3888888888888889,0.0,0.05585106382978723,0.23632829671833044,-0.05585106382978723
D1-LL,QV2-1,R0,B1,detector_occupied,slot,slot_03,376,376,52,324,1,324,0,51,0.48238723783302295,1.0,0.019230769230769232,0.03773584905660378,0.864,1.0,0.9270386266094421,0.8643617021276596,0.5096153846153846,0.9807692307692307,0.0,0.1356382978723404,0.3682910504917821,-0.1356382978723404
D1-LL,QV2-1,R0,B1,detector_occupied,slot,slot_04,376,376,48,328,0,328,0,48,0.46590909090909094,0.0,0.0,0.0,0.8723404255319149,1.0,0.9318181818181819,0.8723404255319149,0.5,1.0,0.0,0.1276595744680851,0.3572948005052482,-0.1276595744680851
D1-LL,QV2-1,R0,B1,detector_occupied,slot,slot_05,376,376,44,332,0,332,0,44,0.4689265536723164,0.0,0.0,0.0,0.8829787234042553,1.0,0.9378531073446328,0.8829787234042553,0.5,1.0,0.0,0.11702127659574468,0.3420837274641176,-0.11702127659574468
D1-LL,QV2-1,R0,B1,detector_occupied,slot,slot_06,376,376,62,314,0,314,0,62,0.45507246376811594,0.0,0.0,0.0,0.8351063829787234,1.0,0.9101449275362319,0.8351063829787234,0.5,1.0,0.0,0.16489361702127658,0.40607095072324073,-0.16489361702127658
D1-LL,QV2-1,R0,B1,detector_occupied,slot,slot_07,376,376,17,359,17,282,77,0,0.5930907506570533,0.18085106382978725,1.0,0.3063063063063063,1.0,0.7855153203342619,0.8798751950078003,0.7952127659574468,0.892757660167131,0.0,0.21448467966573817,0.2047872340425532,0.4525342352160256,0.2047872340425532
D1-LL,QV2-1,R0,B1,detector_occupied,slot,slot_08,376,376,2,374,2,260,114,0,0.4270437897663476,0.017241379310344827,1.0,0.03389830508474576,1.0,0.6951871657754011,0.8201892744479494,0.6968085106382979,0.8475935828877006,0.0,0.3048128342245989,0.30319148936170215,0.5506282678556398,0.30319148936170215
D1-LL,QV2-1,R0,B1,detector_occupied,slot,slot_09,376,376,2,374,2,332,42,0,0.5137332183766473,0.045454545454545456,1.0,0.08695652173913045,1.0,0.8877005347593583,0.9405099150141643,0.8882978723404256,0.9438502673796791,0.0,0.11229946524064172,0.11170212765957446,0.3342186823915959,0.11170212765957446
D1-LL,QV2-1,R0,B1,detector_occupied,slot,slot_10,376,376,20,356,3,335,21,17,0.5413456599897277,0.125,0.15,0.13636363636363635,0.9517045454545454,0.9410112359550562,0.9463276836158192,0.898936170212766,0.5455056179775281,0.85,0.05898876404494382,0.10106382978723404,0.31790537866987095,0.010638297872340425
D1-LL,QV2-1,R0,B1,detector_occupied,slot,slot_11,376,376,67,309,9,295,14,58,0.545619335347432,0.391304347826087,0.13432835820895522,0.2,0.8356940509915014,0.9546925566343042,0.8912386706948641,0.8085106382978723,0.5445104574216297,0.8656716417910447,0.045307443365695796,0.19148936170212766,0.4375949744936837,-0.11702127659574468
D1-LL,QV2-1,R0,B1,detector_occupied,slot,slot_12,376,376,47,329,2,264,65,45,0.43133696309739866,0.029850746268656716,0.0425531914893617,0.03508771929824562,0.8543689320388349,0.8024316109422492,0.8275862068965517,0.7074468085106383,0.42249240121580545,0.9574468085106383,0.19756838905775076,0.2925531914893617,0.5408818646334537,0.05319148936170213
D1-LL,QV2-1,R0,B1,detector_occupied,slot,slot_13,376,376,72,304,15,250,54,57,0.5155482815057283,0.21739130434782608,0.20833333333333334,0.2127659574468085,0.8143322475570033,0.8223684210526315,0.8183306055646481,0.7047872340425532,0.5153508771929824,0.7916666666666666,0.17763157894736842,0.29521276595744683,0.5433348561959253,-0.007978723404255319
D1-LL,QV2-1,R0,B1,detector_occupied,slot,slot_14,376,376,23,353,14,349,4,9,0.8323213611882955,0.7777777777777778,0.6086956521739131,0.6829268292682927,0.9748603351955307,0.9886685552407932,0.9817158931082982,0.9654255319148937,0.7986821037073532,0.391304347826087,0.0113314447592068,0.034574468085106384,0.1859421094994525,-0.013297872340425532
D1-LL,QV2-1,R0,B1,detector_occupied,slot,slot_15,376,376,48,328,2,328,0,46,0.5072364672364672,1.0,0.041666666666666664,0.07999999999999999,0.8770053475935828,1.0,0.9344729344729344,0.8776595744680851,0.5208333333333334,0.9583333333333334,0.0,0.12234042553191489,0.3497719621866723,-0.12234042553191489
D1-LL,QV2-1,R0,B1,detector_occupied,slot,slot_16,376,376,91,285,58,284,1,33,0.8584274640088594,0.9830508474576272,0.6373626373626373,0.7733333333333333,0.8958990536277602,0.9964912280701754,0.9435215946843853,0.9095744680851063,0.8169269327164064,0.3626373626373626,0.0035087719298245615,0.09042553191489362,0.30070838351282064,-0.0851063829787234
D1-LL,QV2-1,R0,B1,detector_occupied,slot,slot_17,376,376,26,350,9,348,2,17,0.72995652995653,0.8181818181818182,0.34615384615384615,0.4864864864864865,0.9534246575342465,0.9942857142857143,0.9734265734265735,0.949468085106383,0.6702197802197802,0.6538461538461539,0.005714285714285714,0.05053191489361702,0.22479304903314296,-0.0398936170212766
D1-LL,QV2-1,R0,B1,detector_occupied,slot,slot_18,376,376,34,342,0,340,2,34,0.4748603351955307,0.0,0.0,0.0,0.9090909090909091,0.9941520467836257,0.9497206703910615,0.9042553191489362,0.49707602339181284,1.0,0.005847953216374269,0.09574468085106383,0.309426373877638,-0.0851063829787234
D1-LL,QV2-1,R0,B1,detector_occupied,slot,slot_19,376,376,53,323,0,323,0,53,0.46208869814020026,0.0,0.0,0.0,0.8590425531914894,1.0,0.9241773962804005,0.8590425531914894,0.5,1.0,0.0,0.14095744680851063,0.3754430007451339,-0.14095744680851063
D1-LL,QV2-1,R0,B1,detector_occupied,slot,slot_20,376,376,19,357,0,357,0,19,0.48703956343792637,0.0,0.0,0.0,0.949468085106383,1.0,0.9740791268758527,0.949468085106383,0.5,1.0,0.0,0.05053191489361702,0.22479304903314296,-0.05053191489361702
D1-LL,QV2-1,R1,B1 + F2,raw_state,overall,all,7896,376,798,7098,306,6667,431,492,0.6669784703736594,0.4151967435549525,0.38345864661654133,0.3986970684039087,0.931275317781813,0.9392786700479008,0.9352598723434102,0.8831053698074974,0.661368658332221,0.6165413533834586,0.06072132995209918,0.8164893617021277,1.158915487161587,-0.1622340425531915
D1-LL,QV2-1,R1,B1 + F2,raw_state,sequence,gopro1,525,25,41,484,5,478,6,36,0.5751117619855095,0.45454545454545453,0.12195121951219512,0.19230769230769232,0.9299610894941635,0.987603305785124,0.9579158316633267,0.92,0.5547772626486596,0.8780487804878049,0.012396694214876033,1.28,1.6,-1.2
D1-LL,QV2-1,R1,B1 + F2,raw_state,sequence,gopro11,525,25,70,455,35,416,39,35,0.7022167034584254,0.47297297297297297,0.5,0.4861111111111111,0.9223946784922394,0.9142857142857143,0.9183222958057397,0.8590476190476191,0.7071428571428571,0.5,0.08571428571428572,0.56,0.848528137423857,0.16
D1-LL,QV2-1,R1,B1 + F2,raw_state,sequence,gopro12,567,27,52,515,33,489,26,19,0.7753031623999367,0.559322033898305,0.6346153846153846,0.5945945945945946,0.9625984251968503,0.9495145631067962,0.9560117302052786,0.9206349206349206,0.7920649738610903,0.36538461538461536,0.05048543689320388,0.7037037037037037,0.8388704928078611,0.25925925925925924
D1-LL,QV2-1,R1,B1 + F2,raw_state,sequence,gopro19,42,2,4,38,2,36,2,2,0.7236842105263157,0.5,0.5,0.5,0.9473684210526315,0.9473684210526315,0.9473684210526315,0.9047619047619048,0.7236842105263157,0.5,0.05263157894736842,0.0,0.0,0.0
D1-LL,QV2-1,R1,B1 + F2,raw_state,sequence,gopro23,945,45,150,795,57,757,38,93,0.6928354320451585,0.6,0.38,0.46530612244897956,0.8905882352941177,0.9522012578616352,0.9203647416413374,0.8613756613756614,0.6661006289308176,0.62,0.04779874213836478,1.2222222222222223,1.679947089113887,-1.2222222222222223
D1-LL,QV2-1,R1,B1 + F2,raw_state,sequence,gopro24,630,30,101,529,34,469,60,67,0.6147345612134345,0.3617021276595745,0.33663366336633666,0.34871794871794876,0.875,0.8865784499054821,0.8807511737089202,0.7984126984126985,0.6116060566359094,0.6633663366336634,0.11342155009451796,0.23333333333333334,0.48304589153964794,-0.23333333333333334
D1-LL,QV2-1,R1,B1 + F2,raw_state,sequence,gopro25,63,3,19,44,1,37,7,18,0.4107744107744108,0.125,0.05263157894736842,0.07407407407407407,0.6727272727272727,0.8409090909090909,0.7474747474747475,0.6031746031746031,0.4467703349282297,0.9473684210526315,0.1590909090909091,3.6666666666666665,3.696845502136472,-3.6666666666666665
D1-LL,QV2-1,R1,B1 + F2,raw_state,sequence,gopro26,588,28,40,548,19,520,28,21,0.695893100281815,0.40425531914893614,0.475,0.4367816091954023,0.9611829944547134,0.948905109489051,0.9550045913682277,0.9166666666666666,0.7119525547445256,0.525,0.051094890510948905,0.5357142857142857,0.7319250547113999,0.25
D1-LL,QV2-1,R1,B1 + F2,raw_state,sequence,gopro30,42,2,2,40,1,38,2,1,0.6810126582278482,0.3333333333333333,0.5,0.4,0.9743589743589743,0.95,0.9620253164556962,0.9285714285714286,0.725,0.5,0.05,0.5,0.7071067811865476,0.5
D1-LL,QV2-1,R1,B1 + F2,raw_state,sequence,gopro33,336,16,32,304,0,288,16,32,0.46153846153846156,0.0,0.0,0.0,0.9,0.9473684210526315,0.9230769230769231,0.8571428571428571,0.47368421052631576,1.0,0.05263157894736842,1.0,1.0,-1.0
D1-LL,QV2-1,R1,B1 + F2,raw_state,sequence,gopro34,546,26,44,502,6,461,41,38,0.5264735264735265,0.1276595744680851,0.13636363636363635,0.13186813186813187,0.9238476953907816,0.9183266932270916,0.9210789210789211,0.8553113553113553,0.527345164795364,0.8636363636363636,0.08167330677290836,0.5769230769230769,0.8086075400626399,0.11538461538461539
D1-LL,QV2-1,R1,B1 + F2,raw_state,sequence,gopro36,42,2,3,39,2,33,6,1,0.6338729763387297,0.25,0.6666666666666666,0.36363636363636365,0.9705882352941176,0.8461538461538461,0.9041095890410958,0.8333333333333334,0.7564102564102564,0.3333333333333333,0.15384615384615385,2.5,2.5495097567963922,2.5
D1-LL,QV2-1,R1,B1 + F2,raw_state,sequence,gopro4,609,29,32,577,17,524,53,15,0.6362007168458781,0.24285714285714285,0.53125,0.33333333333333326,0.9721706864564007,0.9081455805892548,0.9390681003584229,0.8883415435139573,0.7196977902946273,0.46875,0.09185441941074524,1.3103448275862069,1.5085960589122316,1.3103448275862069
D1-LL,QV2-1,R1,B1 + F2,raw_state,sequence,gopro46,630,30,38,592,4,561,31,34,0.5274145710955442,0.11428571428571428,0.10526315789473684,0.10958904109589042,0.9428571428571428,0.9476351351351351,0.945240101095198,0.8968253968253969,0.5264491465149359,0.8947368421052632,0.052364864864864864,0.5,0.7071067811865476,-0.1
D1-LL,QV2-1,R1,B1 + F2,raw_state,sequence,gopro5,693,33,61,632,35,621,11,26,0.8126383784060269,0.7608695652173914,0.5737704918032787,0.6542056074766355,0.9598145285935085,0.9825949367088608,0.9710711493354183,0.9466089466089466,0.7781827142560698,0.4262295081967213,0.01740506329113924,0.8181818181818182,1.1677484162422844,-0.45454545454545453
D1-LL,QV2-1,R1,B1 + F2,raw_state,sequence,gopro8,420,20,48,372,34,365,7,14,0.8680411137210311,0.8292682926829268,0.7083333333333334,0.7640449438202247,0.9630606860158312,0.9811827956989247,0.9720372836218376,0.95,0.844758064516129,0.2916666666666667,0.01881720430107527,0.75,0.9219544457292888,-0.35
D1-LL,QV2-1,R1,B1 + F2,raw_state,sequence,gopro9,693,33,61,632,21,574,58,40,0.6106741573033707,0.26582278481012656,0.3442622950819672,0.29999999999999993,0.9348534201954397,0.9082278481012658,0.9213483146067415,0.8585858585858586,0.6262450715916165,0.6557377049180327,0.09177215189873418,0.6666666666666666,0.8528028654224418,0.5454545454545454
D1-LL,QV2-1,R1,B1 + F2,raw_state,slot,slot_00,376,376,4,372,4,372,0,0,1.0,1.0,1.0,1.0,1.0,1.0,1.0,1.0,1.0,0.0,0.0,0.0,0.0,0.0
D1-LL,QV2-1,R1,B1 + F2,raw_state,slot,slot_01,376,376,13,363,13,356,7,0,0.8890715218948877,0.65,1.0,0.787878787878788,1.0,0.9807162534435262,0.9902642559109874,0.9813829787234043,0.9903581267217632,0.0,0.01928374655647383,0.018617021276595744,0.13644420572745383,0.018617021276595744
D1-LL,QV2-1,R1,B1 + F2,raw_state,slot,slot_02,376,376,54,322,54,322,0,0,1.0,1.0,1.0,1.0,1.0,1.0,1.0,1.0,1.0,0.0,0.0,0.0,0.0,0.0
D1-LL,QV2-1,R1,B1 + F2,raw_state,slot,slot_03,376,376,52,324,17,320,4,35,0.7041580083523311,0.8095238095238095,0.3269230769230769,0.4657534246575343,0.9014084507042254,0.9876543209876543,0.942562592047128,0.8962765957446809,0.6572886989553656,0.6730769230769231,0.012345679012345678,0.10372340425531915,0.3220611809195873,-0.08244680851063829
D1-LL,QV2-1,R1,B1 + F2,raw_state,slot,slot_04,376,376,48,328,8,312,16,40,0.5699346405228758,0.3333333333333333,0.16666666666666666,0.2222222222222222,0.8863636363636364,0.9512195121951219,0.9176470588235294,0.851063829787234,0.5589430894308943,0.8333333333333334,0.04878048780487805,0.14893617021276595,0.38592249249397986,-0.06382978723404255
D1-LL,QV2-1,R1,B1 + F2,raw_state,slot,slot_05,376,376,44,332,41,332,0,3,0.9801040656142517,1.0,0.9318181818181818,0.9647058823529412,0.991044776119403,1.0,0.9955022488755623,0.9920212765957447,0.9659090909090908,0.06818181818181818,0.0,0.007978723404255319,0.08932370012631205,-0.007978723404255319
D1-LL,QV2-1,R1,B1 + F2,raw_state,slot,slot_06,376,376,62,314,0,314,0,62,0.45507246376811594,0.0,0.0,0.0,0.8351063829787234,1.0,0.9101449275362319,0.8351063829787234,0.5,1.0,0.0,0.16489361702127658,0.40607095072324073,-0.16489361702127658
D1-LL,QV2-1,R1,B1 + F2,raw_state,slot,slot_07,376,376,17,359,17,282,77,0,0.5930907506570533,0.18085106382978725,1.0,0.3063063063063063,1.0,0.7855153203342619,0.8798751950078003,0.7952127659574468,0.892757660167131,0.0,0.21448467966573817,0.2047872340425532,0.4525342352160256,0.2047872340425532
D1-LL,QV2-1,R1,B1 + F2,raw_state,slot,slot_08,376,376,2,374,2,260,114,0,0.4270437897663476,0.017241379310344827,1.0,0.03389830508474576,1.0,0.6951871657754011,0.8201892744479494,0.6968085106382979,0.8475935828877006,0.0,0.3048128342245989,0.30319148936170215,0.5506282678556398,0.30319148936170215
D1-LL,QV2-1,R1,B1 + F2,raw_state,slot,slot_09,376,376,2,374,2,332,42,0,0.5137332183766473,0.045454545454545456,1.0,0.08695652173913045,1.0,0.8877005347593583,0.9405099150141643,0.8882978723404256,0.9438502673796791,0.0,0.11229946524064172,0.11170212765957446,0.3342186823915959,0.11170212765957446
D1-LL,QV2-1,R1,B1 + F2,raw_state,slot,slot_10,376,376,20,356,16,333,23,4,0.7517059211974465,0.41025641025641024,0.8,0.5423728813559321,0.9881305637982196,0.9353932584269663,0.9610389610389609,0.9281914893617021,0.8676966292134831,0.2,0.06460674157303371,0.07180851063829788,0.2679711003789362,0.05053191489361702
D1-LL,QV2-1,R1,B1 + F2,raw_state,slot,slot_11,376,376,67,309,9,295,14,58,0.545619335347432,0.391304347826087,0.13432835820895522,0.2,0.8356940509915014,0.9546925566343042,0.8912386706948641,0.8085106382978723,0.5445104574216297,0.8656716417910447,0.045307443365695796,0.19148936170212766,0.4375949744936837,-0.11702127659574468
D1-LL,QV2-1,R1,B1 + F2,raw_state,slot,slot_12,376,376,47,329,3,264,65,44,0.440529656678725,0.04411764705882353,0.06382978723404255,0.052173913043478265,0.8571428571428571,0.8024316109422492,0.8288854003139717,0.7101063829787234,0.4331306990881459,0.9361702127659575,0.19756838905775076,0.2898936170212766,0.5384176975372156,0.05585106382978723
D1-LL,QV2-1,R1,B1 + F2,raw_state,slot,slot_13,376,376,72,304,15,248,56,57,0.5121200638442018,0.2112676056338028,0.20833333333333334,0.20979020979020982,0.8131147540983606,0.8157894736842105,0.8144499178981938,0.699468085106383,0.5120614035087719,0.7916666666666666,0.18421052631578946,0.300531914893617,0.5482079121041733,-0.0026595744680851063
D1-LL,QV2-1,R1,B1 + F2,raw_state,slot,slot_14,376,376,23,353,23,349,4,0,0.9571509971509972,0.8518518518518519,1.0,0.92,1.0,0.9886685552407932,0.9943019943019943,0.9893617021276596,0.9943342776203966,0.0,0.0113314447592068,0.010638297872340425,0.10314212462587934,0.010638297872340425
D1-LL,QV2-1,R1,B1 + F2,raw_state,slot,slot_15,376,376,48,328,9,328,0,39,0.6298371828852707,1.0,0.1875,0.3157894736842105,0.8937329700272479,1.0,0.943884892086331,0.8962765957446809,0.59375,0.8125,0.0,0.10372340425531915,0.3220611809195873,-0.10372340425531915
D1-LL,QV2-1,R1,B1 + F2,raw_state,slot,slot_16,376,376,91,285,61,284,1,30,0.8728163496895698,0.9838709677419355,0.6703296703296703,0.7973856209150327,0.9044585987261147,0.9964912280701754,0.9482470784641069,0.9175531914893617,0.8334104491999228,0.32967032967032966,0.0035087719298245615,0.08244680851063829,0.2871355228992719,-0.07712765957446809
D1-LL,QV2-1,R1,B1 + F2,raw_state,slot,slot_17,376,376,26,350,11,348,2,15,0.7701298234257561,0.8461538461538461,0.4230769230769231,0.5641025641025641,0.9586776859504132,0.9942857142857143,0.9761570827489482,0.9547872340425532,0.7086813186813187,0.5769230769230769,0.005714285714285714,0.04521276595744681,0.21263293714156048,-0.034574468085106384
D1-LL,QV2-1,R1,B1 + F2,raw_state,slot,slot_18,376,376,34,342,1,340,2,33,0.5025515025515026,0.3333333333333333,0.029411764705882353,0.05405405405405406,0.9115281501340483,0.9941520467836257,0.951048951048951,0.9069148936170213,0.511781905744754,0.9705882352941176,0.005847953216374269,0.09308510638297872,0.3050985191425529,-0.08244680851063829
D1-LL,QV2-1,R1,B1 + F2,raw_state,slot,slot_19,376,376,53,323,0,319,4,53,0.4589928057553957,0.0,0.0,0.0,0.8575268817204301,0.9876160990712074,0.9179856115107914,0.848404255319149,0.4938080495356037,1.0,0.01238390092879257,0.15159574468085107,0.38935298211372554,-0.13031914893617022
D1-LL,QV2-1,R1,B1 + F2,raw_state,slot,slot_20,376,376,19,357,0,357,0,19,0.48703956343792637,0.0,0.0,0.0,0.949468085106383,1.0,0.9740791268758527,0.949468085106383,0.5,1.0,0.0,0.05053191489361702,0.22479304903314296,-0.05053191489361702
D1-LL,QV2-1,R2,B1 + F2 + E4,state,overall,all,7896,376,798,7098,365,6109,989,433,0.6174835657207645,0.2695716395864106,0.4573934837092732,0.3392193308550186,0.933812289819627,0.8606649760495915,0.8957478005865103,0.8199088145896657,0.6590292298794324,0.5426065162907269,0.13933502395040856,1.9095744680851063,2.337256074427192,1.4787234042553192
D1-LL,QV2-1,R2,B1 + F2 + E4,state,sequence,gopro1,525,25,41,484,7,456,28,34,0.5602777477574841,0.2,0.17073170731707318,0.1842105263157895,0.9306122448979591,0.9421487603305785,0.9363449691991785,0.8819047619047619,0.5564402338238258,0.8292682926829268,0.05785123966942149,0.88,1.131370849898476,-0.24
D1-LL,QV2-1,R2,B1 + F2 + E4,state,sequence,gopro11,525,25,70,455,46,342,113,24,0.6174385268790324,0.2893081761006289,0.6571428571428571,0.4017467248908297,0.9344262295081968,0.7516483516483516,0.8331303288672351,0.7390476190476191,0.7043956043956043,0.34285714285714286,0.24835164835164836,3.8,3.944616584663204,3.56
D1-LL,QV2-1,R2,B1 + F2 + E4,state,sequence,gopro12,567,27,52,515,33,438,77,19,0.654320987654321,0.3,0.6346153846153846,0.4074074074074074,0.9584245076586433,0.8504854368932039,0.9012345679012346,0.8306878306878307,0.7425504107542942,0.36538461538461536,0.14951456310679612,2.2222222222222223,2.567604446286965,2.1481481481481484
D1-LL,QV2-1,R2,B1 + F2 + E4,state,sequence,gopro19,42,2,4,38,2,35,3,2,0.6888888888888889,0.4,0.5,0.4444444444444445,0.9459459459459459,0.9210526315789473,0.9333333333333332,0.8809523809523809,0.7105263157894737,0.5,0.07894736842105263,0.5,0.7071067811865476,0.5
D1-LL,QV2-1,R2,B1 + F2 + E4,state,sequence,gopro23,945,45,150,795,72,709,86,78,0.6819331111366509,0.45569620253164556,0.48,0.4675324675324675,0.9008894536213469,0.8918238993710692,0.8963337547408343,0.8264550264550264,0.6859119496855346,0.52,0.10817610062893082,1.2,1.5202339001321838,0.17777777777777778
D1-LL,QV2-1,R2,B1 + F2 + E4,state,sequence,gopro24,630,30,101,529,63,429,100,38,0.6693592552026286,0.38650306748466257,0.6237623762376238,0.4772727272727272,0.9186295503211992,0.8109640831758034,0.8614457831325301,0.780952380952381,0.7173632297067136,0.37623762376237624,0.1890359168241966,2.066666666666667,2.206052281036573,2.066666666666667
D1-LL,QV2-1,R2,B1 + F2 + E4,state,sequence,gopro25,63,3,19,44,1,31,13,18,0.36363636363636365,0.07142857142857142,0.05263157894736842,0.06060606060606061,0.6326530612244898,0.7045454545454546,0.6666666666666666,0.5079365079365079,0.3785885167464115,0.9473684210526315,0.29545454545454547,1.6666666666666667,1.9148542155126762,-1.6666666666666667
D1-LL,QV2-1,R2,B1 + F2 + E4,state,sequence,gopro26,588,28,40,548,19,507,41,21,0.6611895910780669,0.31666666666666665,0.475,0.37999999999999995,0.9602272727272727,0.9251824817518248,0.9423791821561338,0.8945578231292517,0.7000912408759123,0.525,0.07481751824817519,0.7857142857142857,1.1019463300386794,0.7142857142857143
D1-LL,QV2-1,R2,B1 + F2 + E4,state,sequence,gopro30,42,2,2,40,0,38,2,2,0.47500000000000003,0.0,0.0,0.0,0.95,0.95,0.9500000000000001,0.9047619047619048,0.475,1.0,0.05,1.0,1.0,0.0
D1-LL,QV2-1,R2,B1 + F2 + E4,state,sequence,gopro33,336,16,32,304,0,288,16,32,0.46153846153846156,0.0,0.0,0.0,0.9,0.9473684210526315,0.9230769230769231,0.8571428571428571,0.47368421052631576,1.0,0.05263157894736842,1.0,1.0,-1.0
D1-LL,QV2-1,R2,B1 + F2 + E4,state,sequence,gopro34,546,26,44,502,13,408,94,31,0.5196740117248805,0.12149532710280374,0.29545454545454547,0.17218543046357615,0.929384965831435,0.8127490039840638,0.8671625929861848,0.7710622710622711,0.5541017747193047,0.7045454545454546,0.18725099601593626,2.423076923076923,2.667467828369185,2.423076923076923
D1-LL,QV2-1,R2,B1 + F2 + E4,state,sequence,gopro36,42,2,3,39,2,32,7,1,0.611111111111111,0.2222222222222222,0.6666666666666666,0.3333333333333333,0.9696969696969697,0.8205128205128205,0.8888888888888888,0.8095238095238095,0.7435897435897436,0.3333333333333333,0.1794871794871795,3.0,3.605551275463989,3.0
D1-LL,QV2-1,R2,B1 + F2 + E4,state,sequence,gopro4,609,29,32,577,16,486,91,16,0.5655249664957561,0.14953271028037382,0.5,0.23021582733812948,0.9681274900398407,0.8422876949740035,0.9008341056533827,0.8243021346469622,0.6711438474870017,0.5,0.15771230502599654,2.6551724137931036,2.894703844062046,2.586206896551724
D1-LL,QV2-1,R2,B1 + F2 + E4,state,sequence,gopro46,630,30,38,592,4,489,103,34,0.4661512293180764,0.037383177570093455,0.10526315789473684,0.05517241379310345,0.9349904397705545,0.8260135135135135,0.8771300448430494,0.7825396825396825,0.46563833570412516,0.8947368421052632,0.17398648648648649,2.3,2.6645825188948455,2.3
D1-LL,QV2-1,R2,B1 + F2 + E4,state,sequence,gopro5,693,33,61,632,34,583,49,27,0.7055152979066023,0.40963855421686746,0.5573770491803278,0.4722222222222222,0.9557377049180328,0.9224683544303798,0.9388083735909823,0.8903318903318903,0.7399227018053538,0.4426229508196721,0.07753164556962025,1.5757575757575757,1.775250729197189,0.6666666666666666
D1-LL,QV2-1,R2,B1 + F2 + E4,state,sequence,gopro8,420,20,48,372,33,343,29,15,0.7698630136986302,0.532258064516129,0.6875,0.6,0.9581005586592178,0.9220430107526881,0.9397260273972603,0.8952380952380953,0.804771505376344,0.3125,0.07795698924731183,0.7,1.0488088481701516,0.7
D1-LL,QV2-1,R2,B1 + F2 + E4,state,sequence,gopro9,693,33,61,632,20,495,137,41,0.5155444891290687,0.12738853503184713,0.32786885245901637,0.18348623853211007,0.9235074626865671,0.7832278481012658,0.8476027397260274,0.7431457431457431,0.555548350280141,0.6721311475409836,0.21677215189873417,2.9696969696969697,3.2473765635439547,2.909090909090909
D1-LL,QV2-1,R2,B1 + F2 + E4,state,slot,slot_00,376,376,4,372,4,360,12,0,0.6918032786885246,0.25,1.0,0.4,1.0,0.967741935483871,0.9836065573770492,0.9680851063829787,0.9838709677419355,0.0,0.03225806451612903,0.031914893617021274,0.1786474002526241,0.031914893617021274
D1-LL,QV2-1,R2,B1 + F2 + E4,state,slot,slot_01,376,376,13,363,13,329,34,0,0.6921001926782273,0.2765957446808511,1.0,0.43333333333333335,1.0,0.90633608815427,0.9508670520231214,0.9095744680851063,0.9531680440771351,0.0,0.09366391184573003,0.09042553191489362,0.30070838351282064,0.09042553191489362
D1-LL,QV2-1,R2,B1 + F2 + E4,state,slot,slot_02,376,376,54,322,53,302,20,1,0.9005228346456693,0.726027397260274,0.9814814814814815,0.8346456692913385,0.9966996699669967,0.937888198757764,0.9664,0.9441489361702128,0.9596848401196227,0.018518518518518517,0.062111801242236024,0.05585106382978723,0.23632829671833044,0.05053191489361702
D1-LL,QV2-1,R2,B1 + F2 + E4,state,slot,slot_03,376,376,52,324,25,310,14,27,0.743711658991538,0.6410256410256411,0.4807692307692308,0.5494505494505495,0.9198813056379822,0.9567901234567902,0.9379727685325265,0.8909574468085106,0.7187796771130105,0.5192307692307693,0.043209876543209874,0.10904255319148937,0.3302159190461438,-0.034574468085106384
D1-LL,QV2-1,R2,B1 + F2 + E4,state,slot,slot_04,376,376,48,328,15,308,20,33,0.6411115313271021,0.42857142857142855,0.3125,0.3614457831325301,0.9032258064516129,0.9390243902439024,0.920777279521674,0.8590425531914894,0.6257621951219512,0.6875,0.06097560975609756,0.14095744680851063,0.3754430007451339,-0.034574468085106384
D1-LL,QV2-1,R2,B1 + F2 + E4,state,slot,slot_05,376,376,44,332,38,321,11,6,0.8957038197333855,0.7755102040816326,0.8636363636363636,0.8172043010752688,0.981651376146789,0.9668674698795181,0.9742033383915022,0.9547872340425532,0.9152519167579409,0.13636363636363635,0.03313253012048193,0.04521276595744681,0.21263293714156048,0.013297872340425532
D1-LL,QV2-1,R2,B1 + F2 + E4,state,slot,slot_06,376,376,62,314,0,314,0,62,0.45507246376811594,0.0,0.0,0.0,0.8351063829787234,1.0,0.9101449275362319,0.8351063829787234,0.5,1.0,0.0,0.16489361702127658,0.40607095072324073,-0.16489361702127658
D1-LL,QV2-1,R2,B1 + F2 + E4,state,slot,slot_07,376,376,17,359,17,218,141,0,0.4749591483040356,0.10759493670886076,1.0,0.1942857142857143,1.0,0.6072423398328691,0.755632582322357,0.625,0.8036211699164346,0.0,0.39275766016713093,0.375,0.6123724356957945,0.375
D1-LL,QV2-1,R2,B1 + F2 + E4,state,slot,slot_08,376,376,2,374,2,145,229,0,0.2879671206595715,0.008658008658008658,1.0,0.017167381974248927,1.0,0.3877005347593583,0.558766859344894,0.39095744680851063,0.6938502673796791,0.0,0.6122994652406417,0.6090425531914894,0.7804117843750755,0.6090425531914894
D1-LL,QV2-1,R2,B1 + F2 + E4,state,slot,slot_09,376,376,2,374,2,267,107,0,0.4345546794844766,0.01834862385321101,1.0,0.03603603603603604,1.0,0.713903743315508,0.8330733229329172,0.7154255319148937,0.856951871657754,0.0,0.28609625668449196,0.2845744680851064,0.5334552165694009,0.2845744680851064
D1-LL,QV2-1,R2,B1 + F2 + E4,state,slot,slot_10,376,376,20,356,19,296,60,1,0.645211688090708,0.24050632911392406,0.95,0.38383838383838387,0.9966329966329966,0.8314606741573034,0.9065849923430321,0.8377659574468085,0.8907303370786517,0.05,0.16853932584269662,0.1622340425531915,0.40278287271579893,0.15691489361702127
D1-LL,QV2-1,R2,B1 + F2 + E4,state,slot,slot_11,376,376,67,309,31,278,31,36,0.6865380068933766,0.5,0.4626865671641791,0.4806201550387597,0.8853503184713376,0.8996763754045307,0.8924558587479936,0.8218085106382979,0.6811814712843549,0.5373134328358209,0.10032362459546926,0.17819148936170212,0.42212733785162754,-0.013297872340425532
D1-LL,QV2-1,R2,B1 + F2 + E4,state,slot,slot_12,376,376,47,329,15,235,94,32,0.490449148167269,0.13761467889908258,0.3191489361702128,0.1923076923076923,0.8801498127340824,0.7142857142857143,0.7885906040268457,0.6648936170212766,0.5167173252279635,0.6808510638297872,0.2857142857142857,0.3351063829787234,0.5788837387409699,0.16489361702127658
D1-LL,QV2-1,R2,B1 + F2 + E4,state,slot,slot_13,376,376,72,304,15,172,132,57,0.39119483924027854,0.10204081632653061,0.20833333333333334,0.136986301369863,0.7510917030567685,0.5657894736842105,0.6454033771106941,0.4973404255319149,0.38706140350877194,0.7916666666666666,0.4342105263157895,0.5026595744680851,0.7089848901549913,0.19946808510638298
D1-LL,QV2-1,R2,B1 + F2 + E4,state,slot,slot_14,376,376,23,353,22,343,10,1,0.8921090387374462,0.6875,0.9565217391304348,0.8,0.997093023255814,0.9716713881019831,0.9842180774748924,0.9707446808510638,0.9640965636162089,0.043478260869565216,0.028328611898016998,0.02925531914893617,0.1710418637320588,0.023936170212765957
D1-LL,QV2-1,R2,B1 + F2 + E4,state,slot,slot_15,376,376,48,328,8,320,8,40,0.5901162790697674,0.5,0.16666666666666666,0.25,0.8888888888888888,0.975609756097561,0.9302325581395349,0.8723404255319149,0.5711382113821138,0.8333333333333334,0.024390243902439025,0.1276595744680851,0.3572948005052482,-0.0851063829787234
D1-LL,QV2-1,R2,B1 + F2 + E4,state,slot,slot_16,376,376,91,285,75,264,21,16,0.8683261558847191,0.78125,0.8241758241758241,0.8021390374331551,0.9428571428571428,0.9263157894736842,0.9345132743362832,0.901595744680851,0.8752458068247542,0.17582417582417584,0.07368421052631578,0.09840425531914894,0.31369452548482407,0.013297872340425532
D1-LL,QV2-1,R2,B1 + F2 + E4,state,slot,slot_17,376,376,26,350,11,337,13,15,0.70005698005698,0.4583333333333333,0.4230769230769231,0.43999999999999995,0.9573863636363636,0.9628571428571429,0.9601139601139602,0.925531914893617,0.692967032967033,0.5769230769230769,0.037142857142857144,0.07446808510638298,0.27288841145490766,-0.005319148936170213
D1-LL,QV2-1,R2,B1 + F2 + E4,state,slot,slot_18,376,376,34,342,0,333,9,34,0.46967559943582515,0.0,0.0,0.0,0.9073569482288828,0.9736842105263158,0.9393511988716503,0.8856382978723404,0.4868421052631579,1.0,0.02631578947368421,0.11436170212765957,0.3381740707500496,-0.06648936170212766
D1-LL,QV2-1,R2,B1 + F2 + E4,state,slot,slot_19,376,376,53,323,0,300,23,53,0.4437869822485207,0.0,0.0,0.0,0.8498583569405099,0.9287925696594427,0.8875739644970414,0.7978723404255319,0.46439628482972134,1.0,0.07120743034055728,0.20212765957446807,0.4495860980662859,-0.0797872340425532
D1-LL,QV2-1,R2,B1 + F2 + E4,state,slot,slot_20,376,376,19,357,0,357,0,19,0.48703956343792637,0.0,0.0,0.0,0.949468085106383,1.0,0.9740791268758527,0.949468085106383,0.5,1.0,0.0,0.05053191489361702,0.22479304903314296,-0.05053191489361702
