detector,scope_type,scope_id,transition,definition,delta_tp,delta_tn,delta_fp,delta_fn,delta_macro_f1,delta_occupied_precision,delta_occupied_recall,delta_occupied_f1,delta_vacant_precision,delta_vacant_recall,delta_vacant_f1,delta_accuracy,delta_balanced_accuracy,delta_false_free_rate,delta_false_occupied_rate,delta_occupied_count_mae,delta_occupied_count_rmse,delta_occupied_count_mean_signed_error
D1,overall,all,R0_to_R1,signed_absolute_change_target_minus_source,141.0,-38.0,38.0,-141.0,0.09347394199768577,0.10416750445704481,0.17669172932330826,0.18051620360581333,0.01698160683950367,-0.005353620738236198,0.006431680389558325,0.013044579533941225,0.08566905429253602,-0.17669172932330823,0.0053536207382361214,-0.3537234042553191,-0.4727202098810783,0.47606382978723416
D1,overall,all,R1_to_R2,signed_absolute_change_target_minus_source,60.0,-420.0,420.0,-60.0,-0.04236306081300367,-0.24052347723845308,0.07518796992481203,-0.057431072117320514,0.003965625018256591,-0.059171597633136064,-0.027295049508686775,-0.045592705167173286,0.008008186145837981,-0.07518796992481203,0.05917159763313609,0.3670212765957447,0.41176663674582525,1.2765957446808511
D1,sequence,gopro1,R0_to_R1,signed_absolute_change_target_minus_source,3.0,0.0,0.0,-3.0,0.06254406609666241,0.3214285714285714,0.07317073170731708,0.12222222222222225,0.005346860433232847,0.0,0.002865909971102587,0.005714285714285783,0.03658536585365857,-0.07317073170731703,0.0,-0.11999999999999988,-0.22889381555326738,0.11999999999999988
D1,sequence,gopro1,R1_to_R2,signed_absolute_change_target_minus_source,0.0,-13.0,13.0,0.0,-0.02459422516501253,-0.3714285714285714,0.0,-0.03551912568306012,-0.0018387553041018245,-0.02685950413223137,-0.013669324646964909,-0.024761904761904763,-0.013429752066115741,0.0,0.026859504132231406,-0.28,-0.21049816635437546,0.5200000000000001
D1,sequence,gopro11,R0_to_R1,signed_absolute_change_target_minus_source,18.0,-9.0,9.0,-18.0,0.11308288654369325,0.08509454949944384,0.2571428571428571,0.21859529702970298,0.0321069103329894,-0.01978021978021982,0.007570476057683573,0.017142857142857126,0.11868131868131859,-0.2571428571428571,0.01978021978021978,-0.92,-0.9280825057206201,1.08
D1,sequence,gopro11,R1_to_R2,signed_absolute_change_target_minus_source,11.0,-54.0,54.0,-11.0,-0.05747087577067833,-0.21124194000560698,0.15714285714285714,-0.05966645077720201,0.014552505140251637,-0.1186813186813187,-0.05527530076415477,-0.08190476190476181,0.019230769230769273,-0.15714285714285714,0.11868131868131868,1.88,1.6810310420167431,2.6
D1,sequence,gopro12,R0_to_R1,signed_absolute_change_target_minus_source,7.0,0.0,0.0,-7.0,0.05756442398027506,0.014285714285714235,0.13461538461538458,0.10862068965517235,0.012523191094619635,0.0,0.006508158305377876,0.012345679012345623,0.06730769230769229,-0.13461538461538464,0.0,-0.2592592592592592,-0.481442498446611,0.2592592592592592
D1,sequence,gopro12,R1_to_R2,signed_absolute_change_target_minus_source,0.0,-40.0,40.0,0.0,-0.13972715595863927,-0.5028571428571429,0.0,-0.23893565028509356,-0.0029036004645760505,-0.07766990291262144,-0.04051866163218509,-0.07054673721340388,-0.03883495145631077,0.0,0.07766990291262137,0.2962962962962963,0.06508659797628202,1.4814814814814814
D1,sequence,gopro19,R0_to_R1,signed_absolute_change_target_minus_source,1.0,0.0,0.0,-1.0,0.20601265822784814,1.0,0.25,0.4,0.022067363530778206,0.0,0.012025316455696267,0.023809523809523836,0.125,-0.25,0.0,-0.5,-0.41886116991581024,0.5
D1,sequence,gopro19,R1_to_R2,signed_absolute_change_target_minus_source,0.0,0.0,0.0,0.0,0.0,0.0,0.0,0.0,0.0,0.0,0.0,0.0,0.0,0.0,0.0,0.0,0.0,0.0
D1,sequence,gopro23,R0_to_R1,signed_absolute_change_target_minus_source,29.0,0.0,0.0,-29.0,0.11243158116471275,0.1851063829787234,0.1933333333333333,0.20895920701486845,0.029275718406153173,0.0,0.015903955314557128,0.030687830687830653,0.09666666666666668,-0.19333333333333336,0.0,-0.5999999999999999,-0.7065315716930309,0.6444444444444444
D1,sequence,gopro23,R1_to_R2,signed_absolute_change_target_minus_source,17.0,-46.0,46.0,-17.0,-0.0016619330660107012,-0.12650765686407373,0.11333333333333334,0.01823570246168632,0.01264860092933362,-0.05786163522012577,-0.02155956859370789,-0.030687830687830653,0.027735849056603756,-0.11333333333333329,0.05786163522012579,0.28888888888888875,0.07848214583538504,1.4
D1,sequence,gopro24,R0_to_R1,signed_absolute_change_target_minus_source,12.0,0.0,0.0,-12.0,0.06588887316518088,0.11508282476024412,0.1188118811881188,0.12199824715162139,0.018428918836761565,0.0,0.009779499178740436,0.01904761904761898,0.05940594059405935,-0.1188118811881188,0.0,-0.33333333333333337,-0.2287309760092977,0.4
D1,sequence,gopro24,R1_to_R2,signed_absolute_change_target_minus_source,31.0,-46.0,46.0,-31.0,0.0591461853558628,-0.0014318954716305843,0.3069306930693069,0.14126984126984127,0.04419053483726587,-0.08695652173913038,-0.02297747055811572,-0.023809523809523836,0.1099870856650883,-0.30693069306930687,0.08695652173913042,0.7000000000000001,0.6824972909116931,2.566666666666667
D1,sequence,gopro25,R0_to_R1,signed_absolute_change_target_minus_source,0.0,-1.0,1.0,0.0,-0.007677075399847688,-0.023809523809523808,0.0,-0.0030769230769230743,-0.005639097744360888,-0.022727272727272707,-0.012277227722772288,-0.015873015873015817,-0.011363636363636354,0.0,0.02272727272727272,-0.33333333333333304,-0.358898943540674,0.33333333333333304
D1,sequence,gopro25,R1_to_R2,signed_absolute_change_target_minus_source,0.0,-1.0,1.0,0.0,-0.007687127687127648,-0.01785714285714285,0.0,-0.0028490028490028574,-0.005844155844155874,-0.022727272727272707,-0.012525252525252495,-0.015873015873015928,-0.011363636363636354,0.0,0.022727272727272735,-0.3333333333333335,-0.2140611027998176,0.3333333333333335
D1,sequence,gopro26,R0_to_R1,signed_absolute_change_target_minus_source,2.0,0.0,0.0,-2.0,0.02444004016034973,0.005555555555555536,0.04999999999999999,0.04712643678160933,0.0033790462070669713,0.0,0.0017536435390899108,0.003401360544217691,0.025000000000000022,-0.04999999999999993,0.0,-0.0714285714285714,-0.1649647450214351,0.0714285714285714
D1,sequence,gopro26,R1_to_R2,signed_absolute_change_target_minus_source,-1.0,-14.0,14.0,1.0,-0.07700713217980448,-0.40454545454545454,-0.024999999999999967,-0.14018264840182654,-0.0026678086537241796,-0.025547445255474477,-0.013831615957782262,-0.025510204081632626,-0.025273722627737194,0.025000000000000022,0.025547445255474453,-0.1071428571428572,-0.05508881747693195,0.4642857142857143
D1,sequence,gopro30,R0_to_R1,signed_absolute_change_target_minus_source,1.0,0.0,0.0,-1.0,0.3393556157783799,1.0,0.5,0.6666666666666666,0.023228803716608626,0.0,0.012044564890093312,0.023809523809523836,0.25,-0.5,0.0,-0.5,-0.7071067811865476,0.5
D1,sequence,gopro30,R1_to_R2,signed_absolute_change_target_minus_source,-1.0,0.0,0.0,1.0,-0.3393556157783799,-1.0,-0.5,-0.6666666666666666,-0.023228803716608626,0.0,-0.012044564890093312,-0.023809523809523836,-0.25,0.5,0.0,0.5,0.7071067811865476,-0.5
D1,sequence,gopro33,R0_to_R1,signed_absolute_change_target_minus_source,0.0,0.0,0.0,0.0,0.0,0.0,0.0,0.0,0.0,0.0,0.0,0.0,0.0,0.0,0.0,0.0,0.0,0.0
D1,sequence,gopro33,R1_to_R2,signed_absolute_change_target_minus_source,0.0,-5.0,5.0,0.0,-0.00417304214772557,0.0,0.0,0.0,-0.0014648795136599224,-0.016447368421052655,-0.00834608429545114,-0.014880952380952439,-0.008223684210526327,0.0,0.01644736842105263,-0.3125,-0.19573722659621584,0.3125
D1,sequence,gopro34,R0_to_R1,signed_absolute_change_target_minus_source,5.0,0.0,0.0,-5.0,0.08687946724458001,0.31746031746031744,0.11363636363636362,0.16916070266753416,0.00864591646714552,0.0,0.004598231821625887,0.009157509157509125,0.05681818181818177,-0.11363636363636365,0.0,-0.1923076923076923,-0.3066985392574506,0.1923076923076925
D1,sequence,gopro34,R1_to_R2,signed_absolute_change_target_minus_source,8.0,-41.0,41.0,-8.0,0.00953503652369403,-0.20634920634920634,0.18181818181818182,0.05478569126651625,0.009316770186335366,-0.0816733067729084,-0.035715618219128276,-0.06043956043956045,0.05007243752263679,-0.18181818181818188,0.08167330677290836,0.11538461538461542,0.3289047751076217,1.8846153846153846
D1,sequence,gopro36,R0_to_R1,signed_absolute_change_target_minus_source,0.0,-2.0,2.0,0.0,-0.09682860998650478,-0.2666666666666666,0.0,-0.16666666666666663,-0.001386001386001312,-0.05128205128205121,-0.026990553306342813,-0.04761904761904756,-0.02564102564102555,0.0,0.05128205128205129,1.0,1.0,1.0
D1,sequence,gopro36,R1_to_R2,signed_absolute_change_target_minus_source,0.0,0.0,0.0,0.0,0.0,0.0,0.0,0.0,0.0,0.0,0.0,0.0,0.0,0.0,0.0,0.0,0.41421356237309515,0.0
D1,sequence,gopro4,R0_to_R1,signed_absolute_change_target_minus_source,16.0,-16.0,16.0,-16.0,0.19111389001547174,0.2916666666666667,0.5,0.3833333333333333,0.02553859195065422,-0.02772963604852685,-0.0011055533023898167,0.0,0.23613518197573657,-0.5,0.02772963604852686,0.0,0.0,1.103448275862069
D1,sequence,gopro4,R1_to_R2,signed_absolute_change_target_minus_source,-1.0,-19.0,19.0,1.0,-0.058488083282522196,-0.11174242424242425,-0.03125,-0.098469387755102,-0.0027279621039777435,-0.032928942807625705,-0.018506778809942337,-0.03284072249589487,-0.03208947140381291,0.03125,0.03292894280762566,0.6896551724137931,0.8546303468642711,0.6206896551724137
D1,sequence,gopro46,R0_to_R1,signed_absolute_change_target_minus_source,0.0,-4.0,4.0,0.0,-0.009274776161826592,-0.2666666666666666,0.0,-0.015151515151515166,-0.0003515301902398127,-0.006756756756756688,-0.0033980371721381575,-0.006349206349206327,-0.0033783783783783994,0.0,0.006756756756756757,-0.1333333333333333,-0.05925542336891931,0.1333333333333333
D1,sequence,gopro46,R1_to_R2,signed_absolute_change_target_minus_source,0.0,-31.0,31.0,0.0,-0.04625804357946817,-0.30243902439024395,0.0,-0.06540084388185653,-0.0028862478777589295,-0.05236486486486491,-0.027115243277079704,-0.049206349206349254,-0.026182432432432456,0.0,0.052364864864864864,-0.43333333333333335,-0.3883383338237846,1.0333333333333334
D1,sequence,gopro5,R0_to_R1,signed_absolute_change_target_minus_source,19.0,0.0,0.0,-19.0,0.16390229982056248,0.0,0.31147540983606553,0.3135822510822511,0.026956041538523712,0.0,0.014222348558873832,0.02741702741702745,0.15573770491803274,-0.31147540983606564,0.0,-0.5757575757575757,-0.9889903430797884,0.5757575757575757
D1,sequence,gopro5,R1_to_R2,signed_absolute_change_target_minus_source,-2.0,-17.0,17.0,2.0,-0.07485557547972055,-0.33999999999999997,-0.032786885245901565,-0.134572072072072,-0.004032200882073456,-0.026898734177215222,-0.015139078887368984,-0.02741702741702745,-0.029842809711558393,0.032786885245901676,0.02689873417721519,0.21212121212121215,0.17565318110446038,0.45454545454545453
D1,sequence,gopro8,R0_to_R1,signed_absolute_change_target_minus_source,16.0,0.0,0.0,-16.0,0.1520518900793888,0.0,0.33333333333333337,0.2838137472283814,0.038357435619828295,0.0,0.020290032930396218,0.03809523809523807,0.16666666666666674,-0.3333333333333333,0.0,-0.8,-0.8662786100585644,0.8
D1,sequence,gopro8,R1_to_R2,signed_absolute_change_target_minus_source,-1.0,-7.0,7.0,1.0,-0.04502697741988926,-0.17500000000000004,-0.02083333333333337,-0.07926829268292679,-0.003204254158712838,-0.018817204301075252,-0.010785662156851838,-0.01904761904761909,-0.019825268817204367,0.020833333333333315,0.01881720430107527,-0.09999999999999998,0.0,0.29999999999999993
D1,sequence,gopro9,R0_to_R1,signed_absolute_change_target_minus_source,12.0,-6.0,6.0,-12.0,0.10147229921774159,0.1159090909090909,0.19672131147540983,0.19897411427889777,0.016240531491705124,-0.009493670886076,0.003970484156585519,0.008658008658008587,0.09361382029466692,-0.19672131147540983,0.009493670886075951,-0.48484848484848486,-0.7539078689428149,0.5454545454545455
D1,sequence,gopro9,R1_to_R2,signed_absolute_change_target_minus_source,-1.0,-86.0,86.0,1.0,-0.13827004524853126,-0.365,-0.016393442622950838,-0.20078782071755558,-0.01092735586566873,-0.13607594936708856,-0.075752269779507,-0.1255411255411255,-0.07623469599501975,0.016393442622950838,0.1360759493670886,1.4848484848484846,1.5986576616022092,2.5757575757575757
D1,slot,slot_00,R0_to_R1,signed_absolute_change_target_minus_source,4.0,0.0,0.0,-4.0,0.5026737967914439,1.0,1.0,1.0,0.010638297872340385,0.0,0.005347593582887722,0.010638297872340385,0.5,-1.0,0.0,-0.010638297872340425,-0.10314212462587934,0.010638297872340425
D1,slot,slot_00,R1_to_R2,signed_absolute_change_target_minus_source,-1.0,-12.0,12.0,1.0,-0.35097293027931353,-0.8,-0.25,-0.6842105263157894,-0.0027700831024930483,-0.032258064516129004,-0.017735334242837575,-0.034574468085106336,-0.1411290322580645,0.25,0.03225806451612903,0.034574468085106384,0.1859421094994525,0.02925531914893617
D1,slot,slot_01,R0_to_R1,signed_absolute_change_target_minus_source,0.0,-7.0,7.0,0.0,-0.1109284781051123,-0.35,0.0,-0.21212121212121204,0.0,-0.019283746556473802,-0.009735744089012566,-0.018617021276595702,-0.009641873278236845,0.0,0.01928374655647383,0.018617021276595744,0.13644420572745383,0.018617021276595744
D1,slot,slot_01,R1_to_R2,signed_absolute_change_target_minus_source,0.0,-27.0,27.0,0.0,-0.19697132921666038,-0.37340425531914895,0.0,-0.3545454545454546,0.0,-0.07438016528925617,-0.03939720388786605,-0.07180851063829796,-0.037190082644628086,0.0,0.0743801652892562,0.07180851063829788,0.1642641777853668,0.07180851063829788
D1,slot,slot_02,R0_to_R1,signed_absolute_change_target_minus_source,20.0,0.0,0.0,-20.0,0.12869660460021914,0.0,0.37037037037037035,0.2272727272727273,0.05847953216374269,0.0,0.030120481927710885,0.05319148936170215,0.18518518518518512,-0.37037037037037035,0.0,-0.05319148936170213,-0.23063280200722128,0.05319148936170213
D1,slot,slot_02,R1_to_R2,signed_absolute_change_target_minus_source,-1.0,-20.0,20.0,1.0,-0.09947716535433071,-0.273972602739726,-0.01851851851851849,-0.16535433070866146,-0.0033003300330033403,-0.06211180124223603,-0.03359999999999996,-0.05585106382978722,-0.04031515988037726,0.018518518518518517,0.062111801242236024,0.05585106382978723,0.23632829671833044,0.05053191489361702
D1,slot,slot_03,R0_to_R1,signed_absolute_change_target_minus_source,16.0,-4.0,4.0,-16.0,0.229953314659197,0.8,0.3076923076923077,0.4444444444444444,0.03717427683480756,-0.012345679012345734,0.01546218487394957,0.03191489361702127,0.147673314339981,-0.3076923076923077,0.012345679012345678,-0.03191489361702128,-0.0457201824721839,0.053191489361702135
D1,slot,slot_03,R1_to_R2,signed_absolute_change_target_minus_source,6.0,-9.0,9.0,-6.0,0.027732278634381657,-0.17142857142857149,0.11538461538461536,0.06130268199233713,0.013147055916175154,-0.02777777777777768,-0.005838124723573701,-0.007978723404255317,0.04380341880341887,-0.11538461538461542,0.027777777777777776,0.007978723404255317,0.012010034223328525,0.03989361702127659
D1,slot,slot_04,R0_to_R1,signed_absolute_change_target_minus_source,8.0,-16.0,16.0,-8.0,0.10402554961378485,0.3333333333333333,0.16666666666666666,0.2222222222222222,0.014023210831721422,-0.04878048780487809,-0.014171122994652507,-0.021276595744680882,0.058943089430894324,-0.16666666666666663,0.04878048780487805,0.021276595744680854,0.028627691988731663,0.06382978723404255
D1,slot,slot_04,R1_to_R2,signed_absolute_change_target_minus_source,7.0,-4.0,4.0,-7.0,0.07117689080422629,0.09523809523809523,0.14583333333333334,0.1392235609103079,0.016862170087976525,-0.012195121951219523,0.0031302206981446146,0.007978723404255317,0.06681910569105687,-0.14583333333333337,0.01219512195121951,-0.007978723404255317,-0.010479491748845937,0.029255319148936164
D1,slot,slot_05,R0_to_R1,signed_absolute_change_target_minus_source,41.0,0.0,0.0,-41.0,0.5111775119419353,1.0,0.9318181818181818,0.9647058823529412,0.10806605271514769,0.0,0.05764914153092948,0.10904255319148937,0.46590909090909083,-0.9318181818181819,0.0,-0.10904255319148937,-0.25276002733780556,0.10904255319148937
D1,slot,slot_05,R1_to_R2,signed_absolute_change_target_minus_source,-3.0,-11.0,11.0,3.0,-0.08440024588086614,-0.22448979591836737,-0.06818181818181812,-0.14750158127767243,-0.009393399972614014,-0.033132530120481896,-0.021298910484060074,-0.037234042553191515,-0.0506571741511499,0.06818181818181818,0.03313253012048193,0.037234042553191495,0.12330923701524843,0.02127659574468085
D1,slot,slot_06,R0_to_R1,signed_absolute_change_target_minus_source,0.0,0.0,0.0,0.0,0.0,0.0,0.0,0.0,0.0,0.0,0.0,0.0,0.0,0.0,0.0,0.0,0.0,0.0
D1,slot,slot_06,R1_to_R2,signed_absolute_change_target_minus_source,0.0,0.0,0.0,0.0,0.0,0.0,0.0,0.0,0.0,0.0,0.0,0.0,0.0,0.0,0.0,0.0,0.0,0.0
D1,slot,slot_07,R0_to_R1,signed_absolute_change_target_minus_source,0.0,-1.0,1.0,0.0,-0.014983064355449272,-0.05555555555555558,0.0,-0.02857142857142858,0.0,-0.0027855153203342198,-0.001394700139469962,-0.0026595744680850686,-0.0013927576601671099,0.0,0.002785515320334262,0.0026595744680851063,0.05157106231293967,0.0026595744680851063
D1,slot,slot_07,R1_to_R2,signed_absolute_change_target_minus_source,0.0,-13.0,13.0,0.0,-0.14079345079606587,-0.3960573476702509,0.0,-0.26309523809523816,0.0,-0.03621169916434541,-0.018491663496893684,-0.03457446808510645,-0.01810584958217265,0.0,0.036211699164345405,0.034574468085106384,0.14139018393405026,0.034574468085106384
D1,slot,slot_08,R0_to_R1,signed_absolute_change_target_minus_source,0.0,0.0,0.0,0.0,0.0,0.0,0.0,0.0,0.0,0.0,0.0,0.0,0.0,0.0,0.0,0.0,0.0,0.0
D1,slot,slot_08,R1_to_R2,signed_absolute_change_target_minus_source,0.0,-4.0,4.0,0.0,-0.25268817204301075,-0.6666666666666667,0.0,-0.5,0.0,-0.010695187165775444,-0.005376344086021501,-0.010638297872340385,-0.005347593582887722,0.0,0.0106951871657754,0.010638297872340425,0.10314212462587934,0.010638297872340425
D1,slot,slot_09,R0_to_R1,signed_absolute_change_target_minus_source,0.0,0.0,0.0,0.0,0.0,0.0,0.0,0.0,0.0,0.0,0.0,0.0,0.0,0.0,0.0,0.0,0.0,0.0
D1,slot,slot_09,R1_to_R2,signed_absolute_change_target_minus_source,0.0,0.0,0.0,0.0,0.0,0.0,0.0,0.0,0.0,0.0,0.0,0.0,0.0,0.0,0.0,0.0,0.0,0.0
D1,slot,slot_10,R0_to_R1,signed_absolute_change_target_minus_source,14.0,-2.0,2.0,-14.0,0.39696349889591015,0.875,0.7,0.7777777777777777,0.03652482269503543,-0.005617977528089901,0.01614922001404273,0.03191489361702127,0.3471910112359551,-0.7,0.0056179775280898875,-0.03191489361702128,-0.08476781050932672,0.0425531914893617
D1,slot,slot_10,R1_to_R2,signed_absolute_change_target_minus_source,4.0,-8.0,8.0,-4.0,-0.016825023982845133,-0.2321428571428571,0.20000000000000007,-0.02777777777777768,0.01091954022988506,-0.022471910112359494,-0.005872270187912698,-0.010638297872340385,0.08876404494382029,-0.19999999999999998,0.02247191011235955,0.010638297872340424,0.03278240875472954,0.031914893617021274
D1,slot,slot_11,R0_to_R1,signed_absolute_change_target_minus_source,0.0,0.0,0.0,0.0,0.0,0.0,0.0,0.0,0.0,0.0,0.0,0.0,0.0,0.0,0.0,0.0,0.0,0.0
D1,slot,slot_11,R1_to_R2,signed_absolute_change_target_minus_source,22.0,-15.0,15.0,-22.0,0.14733443438447358,0.11633281972265025,0.3283582089552239,0.28981630105225614,0.050277139139888516,-0.04854368932038833,0.00485256771669107,0.018617021276595702,0.1399072598174178,-0.32835820895522383,0.048543689320388356,-0.018617021276595758,-0.021976996507123148,0.09840425531914894
D1,slot,slot_12,R0_to_R1,signed_absolute_change_target_minus_source,1.0,0.0,0.0,-1.0,0.009119935752037511,0.014066496163682864,0.021276595744680847,0.016941529235382308,0.0027814205338635434,0.0,0.0012983422686927426,0.0026595744680851796,0.010638297872340441,-0.021276595744680882,0.0,-0.002659574468085124,-0.002452991562471585,0.0026595744680851102
D1,slot,slot_12,R1_to_R2,signed_absolute_change_target_minus_source,12.0,-32.0,32.0,-12.0,0.04456862115856908,0.0892651019622932,0.25531914893617025,0.13577586206896555,0.021649471767751116,-0.09726443768996962,-0.04663861975182737,-0.05319148936170215,0.07902735562310037,-0.25531914893617025,0.09726443768996959,0.05319148936170215,0.04711871432124759,0.11702127659574468
D1,slot,slot_13,R0_to_R1,signed_absolute_change_target_minus_source,0.0,-4.0,4.0,0.0,-0.007902813580073942,-0.028409090909090884,0.0,-0.008620689655172431,-0.0020937408169262595,-0.013157894736842035,-0.007184937504975619,-0.010638297872340496,-0.006578947368421018,0.0,0.013157894736842105,0.010638297872340441,0.01099569749244289,0.010638297872340427
D1,slot,slot_13,R1_to_R2,signed_absolute_change_target_minus_source,0.0,-90.0,90.0,0.0,-0.14842055744246418,-0.20380434782608697,0.0,-0.10714285714285715,-0.06571531051444968,-0.29605263157894735,-0.18969825774207116,-0.2393617021276595,-0.14802631578947362,0.0,0.29605263157894735,0.2393617021276596,0.2026523512315822,0.23936170212765956
D1,slot,slot_14,R0_to_R1,signed_absolute_change_target_minus_source,3.0,0.0,0.0,-3.0,0.036583621264472344,0.01851851851851849,0.13043478260869568,0.06893617021276599,0.008522727272727293,0.0,0.004231072316178697,0.007978723404255317,0.06521739130434778,-0.13043478260869565,0.0,-0.007978723404255319,-0.033302081101574496,0.007978723404255319
D1,slot,slot_14,R1_to_R2,signed_absolute_change_target_minus_source,-1.0,-6.0,6.0,1.0,-0.06504195841355098,-0.16435185185185186,-0.04347826086956519,-0.12,-0.0029069767441860517,-0.016997167138810165,-0.010083916827101858,-0.018617021276595813,-0.030237714004187732,0.043478260869565216,0.0169971671388102,0.018617021276595744,0.06789973910617945,0.013297872340425532
D1,slot,slot_15,R0_to_R1,signed_absolute_change_target_minus_source,0.0,0.0,0.0,0.0,0.0,0.0,0.0,0.0,0.0,0.0,0.0,0.0,0.0,0.0,0.0,0.0,0.0,0.0
D1,slot,slot_15,R1_to_R2,signed_absolute_change_target_minus_source,0.0,-8.0,8.0,0.0,-0.025582340202480403,-0.47058823529411764,0.0,-0.03886639676113357,-0.0023680675202841783,-0.024390243902439046,-0.012298283643827346,-0.021276595744680882,-0.012195121951219523,0.0,0.024390243902439025,0.021276595744680854,0.03149220967368649,0.021276595744680854
D1,slot,slot_16,R0_to_R1,signed_absolute_change_target_minus_source,25.0,0.0,0.0,-25.0,0.1455474480809802,0.0,0.27472527472527475,0.25370804059328655,0.06453804347826086,0.0,0.03738685556867383,0.0664893617021276,0.13736263736263732,-0.2747252747252747,0.0,-0.06648936170212767,-0.09436921182592767,0.06648936170212767
D1,slot,slot_16,R1_to_R2,signed_absolute_change_target_minus_source,15.0,-17.0,17.0,-15.0,0.012335070660582148,-0.19318181818181823,0.1648351648351648,0.03139132748071294,0.03993055555555558,-0.05964912280701751,-0.006721186159548753,-0.005319148936170248,0.052593021014073704,-0.16483516483516486,0.05964912280701754,0.0053191489361702204,0.008596006342271145,0.0851063829787234
D1,slot,slot_17,R0_to_R1,signed_absolute_change_target_minus_source,8.0,0.0,0.0,-8.0,0.2275927583498804,0.8,0.3076923076923077,0.4444444444444444,0.020338388708687538,0.0,0.010741072255316397,0.021276595744680882,0.1538461538461539,-0.3076923076923077,0.0,-0.021276595744680847,-0.04225560944768639,0.021276595744680847
D1,slot,slot_17,R1_to_R2,signed_absolute_change_target_minus_source,0.0,-6.0,6.0,0.0,-0.03608941045403391,-0.30000000000000004,0.0,-0.06349206349206343,-0.0008196721311475308,-0.017142857142857237,-0.008686757416004443,-0.015957446808510634,-0.008571428571428674,0.0,0.017142857142857144,0.01595744680851064,0.03232905106316755,0.015957446808510637
D1,slot,slot_18,R0_to_R1,signed_absolute_change_target_minus_source,1.0,0.0,0.0,-1.0,0.02923575649301463,1.0,0.029411764705882353,0.05714285714285715,0.002425531914893697,0.0,0.0013286558431720996,0.0026595744680851796,0.014705882352941124,-0.02941176470588236,0.0,-0.0026595744680851102,-0.004455185307622345,0.0026595744680851102
D1,slot,slot_18,R1_to_R2,signed_absolute_change_target_minus_source,-1.0,-3.0,3.0,1.0,-0.03143300214429928,-1.0,-0.029411764705882353,-0.05714285714285715,-0.0031528150134048083,-0.00877192982456143,-0.005723147145741403,-0.010638297872340496,-0.01909184726522184,0.02941176470588236,0.008771929824561403,0.010638297872340427,0.017441327279625773,0.0053191489361702204
D1,slot,slot_19,R0_to_R1,signed_absolute_change_target_minus_source,0.0,-4.0,4.0,0.0,-0.004244786596197037,-0.0888888888888889,0.0,-0.0022246941045606233,-0.0015276482296172622,-0.01238390092879249,-0.006264879087833464,-0.010638297872340385,-0.006191950464396301,0.0,0.01238390092879257,0.010638297872340441,0.013545238474500731,0.010638297872340413
D1,slot,slot_19,R1_to_R2,signed_absolute_change_target_minus_source,1.0,-58.0,58.0,-1.0,-0.04883182992080409,-0.08169934640522875,0.018867924528301886,0.000799786723540391,-0.023895042287412904,-0.17956656346749233,-0.0984634465651486,-0.15159574468085113,-0.08034931946959523,-0.018867924528301883,0.17956656346749225,0.15159574468085107,0.15835859752987697,0.15691489361702127
D1,slot,slot_20,R0_to_R1,signed_absolute_change_target_minus_source,0.0,0.0,0.0,0.0,0.0,0.0,0.0,0.0,0.0,0.0,0.0,0.0,0.0,0.0,0.0,0.0,0.0,0.0
D1,slot,slot_20,R1_to_R2,signed_absolute_change_target_minus_source,0.0,-77.0,77.0,0.0,-0.06659030585724207,0.0,0.0,0.0,-0.016142557651991574,-0.21568627450980393,-0.13318061171448414,-0.20478723404255317,-0.10784313725490197,0.0,0.21568627450980393,0.20478723404255322,0.21255757820956733,0.20478723404255317
D1-LL,overall,all,R0_to_R1,signed_absolute_change_target_minus_source,124.0,-35.0,35.0,-124.0,0.06981091752540303,0.1003178508213885,0.15538847117794485,0.13416218468297852,0.01545132215459255,-0.004930966469428033,0.005459650367827584,0.01127152988855118,0.07522875235425841,-0.15538847117794485,0.004930966469428005,-0.1622340425531914,-0.2850742576007239,0.4228723404255319
D1-LL,overall,all,R1_to_R2,signed_absolute_change_target_minus_source,59.0,-558.0,558.0,-59.0,-0.04949490465289497,-0.1456251039685419,0.07393483709273185,-0.05947773754889013,0.0025369720378140004,-0.07861369399830931,-0.03951207175689997,-0.06319655521783174,-0.002339428452788672,-0.07393483709273174,0.07861369399830938,1.0930851063829787,1.178340587265605,1.6409574468085106
D1-LL,sequence,gopro1,R0_to_R1,signed_absolute_change_target_minus_source,2.0,0.0,0.0,-2.0,0.03711176198550947,0.12121212121212122,0.04878048780487805,0.07230769230769232,0.003604500346876649,0.0,0.0019158316633267614,0.003809523809523818,0.024390243902439046,-0.04878048780487809,0.0,-0.08000000000000007,-0.1204650534085252,0.08000000000000007
D1-LL,sequence,gopro1,R1_to_R2,signed_absolute_change_target_minus_source,2.0,-22.0,22.0,-2.0,-0.014834014228025438,-0.2545454545454545,0.048780487804878064,-0.008097165991902827,0.0006511554037956779,-0.045454545454545525,-0.02157086246414819,-0.03809523809523818,0.001662971175166228,-0.04878048780487809,0.045454545454545456,-0.4,-0.46862915010152406,0.96
D1-LL,sequence,gopro11,R0_to_R1,signed_absolute_change_target_minus_source,22.0,-7.0,7.0,-22.0,0.13676680808525632,0.1840840840840841,0.3142857142857143,0.260024154589372,0.04114467849223946,-0.015384615384615441,0.013509461581140636,0.02857142857142858,0.14945054945054936,-0.3142857142857143,0.015384615384615385,-0.52,-0.4629595674365431,1.16
D1-LL,sequence,gopro11,R1_to_R2,signed_absolute_change_target_minus_source,11.0,-74.0,74.0,-11.0,-0.0847781765793929,-0.18366479687234405,0.15714285714285714,-0.08436438622028142,0.01203155101595732,-0.16263736263736261,-0.0851919669385045,-0.12,-0.0027472527472527375,-0.15714285714285714,0.16263736263736264,3.2399999999999998,3.096088447239347,3.4
D1-LL,sequence,gopro12,R0_to_R1,signed_absolute_change_target_minus_source,2.0,0.0,0.0,-2.0,0.013826321943458675,0.015462384775497995,0.038461538461538436,0.02578725514505331,0.003774895785085608,0.0,0.001865388741863927,0.003527336860670194,0.019230769230769162,-0.03846153846153849,0.0,-0.07407407407407407,-0.12337995584151518,0.07407407407407407
D1-LL,sequence,gopro12,R1_to_R2,signed_absolute_change_target_minus_source,0.0,-51.0,51.0,0.0,-0.12098217474561568,-0.25932203389830505,0.0,-0.18718718718718724,-0.0041739175382070615,-0.09902912621359228,-0.05477716230404406,-0.08994708994708989,-0.04951456310679614,0.0,0.09902912621359224,1.5185185185185186,1.7287339534791037,1.888888888888889
D1-LL,sequence,gopro19,R0_to_R1,signed_absolute_change_target_minus_source,0.0,0.0,0.0,0.0,0.0,0.0,0.0,0.0,0.0,0.0,0.0,0.0,0.0,0.0,0.0,0.0,0.0,0.0
D1-LL,sequence,gopro19,R1_to_R2,signed_absolute_change_target_minus_source,0.0,-1.0,1.0,0.0,-0.034795321637426824,-0.09999999999999998,0.0,-0.055555555555555525,-0.0014224751066855834,-0.02631578947368418,-0.01403508771929829,-0.023809523809523836,-0.013157894736842035,0.0,0.02631578947368421,0.5,0.7071067811865476,0.5
D1-LL,sequence,gopro23,R0_to_R1,signed_absolute_change_target_minus_source,41.0,0.0,0.0,-41.0,0.16541236317348174,0.3037037037037037,0.2733333333333333,0.30844337735094035,0.04098105235360139,0.0,0.022381348996023065,0.043386243386243306,0.1366666666666666,-0.2733333333333333,0.0,-0.911111111111111,-1.028065712431433,0.911111111111111
D1-LL,sequence,gopro23,R1_to_R2,signed_absolute_change_target_minus_source,15.0,-48.0,48.0,-15.0,-0.010902320908507623,-0.14430379746835442,0.09999999999999998,0.0022263450834879572,0.010301218327229189,-0.060377358490566024,-0.024030986900503093,-0.03492063492063491,0.019811320754717032,-0.09999999999999998,0.06037735849056604,-0.022222222222222365,-0.15971318898170317,1.4000000000000001
D1-LL,sequence,gopro24,R0_to_R1,signed_absolute_change_target_minus_source,3.0,0.0,0.0,-3.0,0.0141376511010749,0.02104278700023382,0.02970297029702973,0.02580128205128207,0.004870129870129913,0.0,0.0024740201508677284,0.004761904761904856,0.014851485148514865,-0.02970297029702962,0.0,-0.09999999999999998,-0.09430437764997779,0.09999999999999998
D1-LL,sequence,gopro24,R1_to_R2,signed_absolute_change_target_minus_source,29.0,-40.0,40.0,-29.0,0.05462469398919412,0.024800939825088075,0.2871287128712871,0.12855477855477843,0.043629550321199195,-0.0756143667296787,-0.019305390576390136,-0.01746031746031751,0.10575717307080423,-0.28712871287128716,0.07561436672967864,1.8333333333333335,1.7230063894969248,2.3000000000000003
D1-LL,sequence,gopro25,R0_to_R1,signed_absolute_change_target_minus_source,0.0,0.0,0.0,0.0,0.0,0.0,0.0,0.0,0.0,0.0,0.0,0.0,0.0,0.0,0.0,0.0,0.0,0.0
D1-LL,sequence,gopro25,R1_to_R2,signed_absolute_change_target_minus_source,0.0,-6.0,6.0,0.0,-0.047138047138047146,-0.053571428571428575,0.0,-0.013468013468013462,-0.0400742115027829,-0.13636363636363635,-0.08080808080808088,-0.09523809523809523,-0.06818181818181823,0.0,0.13636363636363638,-1.9999999999999998,-1.781991286623796,1.9999999999999998
D1-LL,sequence,gopro26,R0_to_R1,signed_absolute_change_target_minus_source,0.0,0.0,0.0,0.0,0.0,0.0,0.0,0.0,0.0,0.0,0.0,0.0,0.0,0.0,0.0,0.0,0.0,0.0
D1-LL,sequence,gopro26,R1_to_R2,signed_absolute_change_target_minus_source,0.0,-13.0,13.0,0.0,-0.034703509203748095,-0.08758865248226949,0.0,-0.05678160919540237,-0.0009557217274407392,-0.02372262773722622,-0.012625409212093874,-0.022108843537414935,-0.011861313868613221,0.0,0.023722627737226283,0.25,0.37002127532727946,0.4642857142857143
D1-LL,sequence,gopro30,R0_to_R1,signed_absolute_change_target_minus_source,1.0,0.0,0.0,-1.0,0.20601265822784814,0.3333333333333333,0.5,0.4,0.024358974358974383,0.0,0.012025316455696156,0.023809523809523836,0.25,-0.5,0.0,-0.5,-0.2928932188134524,0.5
D1-LL,sequence,gopro30,R1_to_R2,signed_absolute_change_target_minus_source,-1.0,0.0,0.0,1.0,-0.20601265822784814,-0.3333333333333333,-0.5,-0.4,-0.024358974358974383,0.0,-0.012025316455696156,-0.023809523809523836,-0.25,0.5,0.0,0.5,0.2928932188134524,-0.5
D1-LL,sequence,gopro33,R0_to_R1,signed_absolute_change_target_minus_source,0.0,0.0,0.0,0.0,0.0,0.0,0.0,0.0,0.0,0.0,0.0,0.0,0.0,0.0,0.0,0.0,0.0,0.0
D1-LL,sequence,gopro33,R1_to_R2,signed_absolute_change_target_minus_source,0.0,0.0,0.0,0.0,0.0,0.0,0.0,0.0,0.0,0.0,0.0,0.0,0.0,0.0,0.0,0.0,0.0,0.0
D1-LL,sequence,gopro34,R0_to_R1,signed_absolute_change_target_minus_source,0.0,0.0,0.0,0.0,0.0,0.0,0.0,0.0,0.0,0.0,0.0,0.0,0.0,0.0,0.0,0.0,0.0,0.0
D1-LL,sequence,gopro34,R1_to_R2,signed_absolute_change_target_minus_source,7.0,-53.0,53.0,-7.0,-0.0067995147486460406,-0.006164247365281358,0.15909090909090912,0.04031729859544428,0.005537270440653441,-0.1055776892430278,-0.053916328092736276,-0.08424908424908417,0.02675660992394069,-0.15909090909090906,0.10557768924302789,1.846153846153846,1.8588602883065453,2.3076923076923075
D1-LL,sequence,gopro36,R0_to_R1,signed_absolute_change_target_minus_source,0.0,-2.0,2.0,0.0,-0.05501591255015914,-0.08333333333333331,0.0,-0.08080808080808077,-0.0016339869281045694,-0.05128205128205132,-0.029223744292237508,-0.04761904761904756,-0.02564102564102566,0.0,0.051282051282051294,1.0,0.9683709267122025,1.0
D1-LL,sequence,gopro36,R1_to_R2,signed_absolute_change_target_minus_source,0.0,-1.0,1.0,0.0,-0.022761865227618694,-0.02777777777777779,0.0,-0.03030303030303033,-0.0008912655971479166,-0.02564102564102566,-0.015220700152207,-0.023809523809523836,-0.012820512820512775,0.0,0.025641025641025633,0.5,1.0560415186675969,0.5
D1-LL,sequence,gopro4,R0_to_R1,signed_absolute_change_target_minus_source,16.0,-16.0,16.0,-16.0,0.1515317272988398,0.21654135338345865,0.5,0.3047619047619047,0.02646140449492962,-0.02772963604852685,-0.001698450164225096,0.0,0.23613518197573652,-0.5,0.027729636048526865,0.9655172413793103,0.9213758393975281,1.103448275862069
D1-LL,sequence,gopro4,R1_to_R2,signed_absolute_change_target_minus_source,-1.0,-38.0,38.0,1.0,-0.07067575035012197,-0.09332443257676903,-0.03125,-0.10311750599520378,-0.004043196416560035,-0.0658578856152513,-0.038233994705040186,-0.0640394088669951,-0.048553942807625594,0.03125,0.0658578856152513,1.3448275862068968,1.3861077851498143,1.2758620689655173
D1-LL,sequence,gopro46,R0_to_R1,signed_absolute_change_target_minus_source,0.0,-4.0,4.0,0.0,-0.004947711239358887,-0.014746543778801843,0.0,-0.006352987889616815,-0.0003815883615549964,-0.006756756756756799,-0.0035424345891009734,-0.006349206349206327,-0.0033783783783785104,0.0,0.006756756756756757,0.13333333333333336,0.1015767103670493,0.13333333333333333
D1-LL,sequence,gopro46,R1_to_R2,signed_absolute_change_target_minus_source,0.0,-72.0,72.0,0.0,-0.06126334177746784,-0.07690253671562083,0.0,-0.05441662730278697,-0.007866703086588323,-0.1216216216216216,-0.06811005625214861,-0.11428571428571432,-0.060810810810810745,0.0,0.12162162162162163,1.7999999999999998,1.957475737708298,2.4
D1-LL,sequence,gopro5,R0_to_R1,signed_absolute_change_target_minus_source,9.0,0.0,0.0,-9.0,0.06518939881419017,0.05816686251468861,0.14754098360655737,0.12359336257867626,0.013168187130093822,0.0,0.0067854350497039695,0.012987012987012991,0.07377049180327877,-0.14754098360655737,0.0,-0.2727272727272726,-0.4465813536810128,0.27272727272727276
D1-LL,sequence,gopro5,R1_to_R2,signed_absolute_change_target_minus_source,-1.0,-38.0,38.0,1.0,-0.10712308049942465,-0.3512310110005239,-0.016393442622950838,-0.18198338525441327,-0.004076823675475683,-0.060126582278481,-0.03226277574443592,-0.05627705627705626,-0.038260012450715974,0.016393442622950838,0.060126582278481014,0.7575757575757575,0.6075023129549046,1.121212121212121
D1-LL,sequence,gopro8,R0_to_R1,signed_absolute_change_target_minus_source,16.0,0.0,0.0,-16.0,0.14558571910403906,0.10926829268292682,0.33333333333333337,0.2708942588887178,0.039010053104438724,0.0,0.02027717931936046,0.03809523809523807,0.16666666666666663,-0.3333333333333333,0.0,-0.7,-0.7059276138806818,0.7999999999999999
D1-LL,sequence,gopro8,R1_to_R2,signed_absolute_change_target_minus_source,-1.0,-22.0,22.0,1.0,-0.0981781000224009,-0.2970102281667978,-0.02083333333333337,-0.16404494382022472,-0.004960127356613331,-0.05913978494623662,-0.03231125622457731,-0.05476190476190468,-0.039986559139784994,0.020833333333333315,0.05913978494623656,-0.050000000000000044,0.12685440244086288,1.0499999999999998
D1-LL,sequence,gopro9,R0_to_R1,signed_absolute_change_target_minus_source,12.0,-6.0,6.0,-12.0,0.07804290600642116,0.11828180120356918,0.19672131147540983,0.15245901639344256,0.017131901208097933,-0.009493670886076,0.003626795619399714,0.008658008658008587,0.09361382029466692,-0.19672131147540983,0.009493670886075958,-0.3030303030303031,-0.3278492399580526,0.5454545454545454
D1-LL,sequence,gopro9,R1_to_R2,signed_absolute_change_target_minus_source,-1.0,-79.0,79.0,1.0,-0.09512966817430202,-0.13843424977827942,-0.016393442622950838,-0.11651376146788986,-0.011345957508872573,-0.125,-0.0737455748807141,-0.11544011544011545,-0.07069672131147542,0.016393442622950838,0.12499999999999999,2.303030303030303,2.394573698121513,2.3636363636363638
D1-LL,slot,slot_00,R0_to_R1,signed_absolute_change_target_minus_source,2.0,0.0,0.0,-2.0,0.16800714924039317,0.0,0.5,0.33333333333333337,0.005347593582887722,0.0,0.002680965147453085,0.005319148936170248,0.25,-0.5,0.0,-0.005319148936170213,-0.07293249574894728,0.005319148936170213
D1-LL,slot,slot_00,R1_to_R2,signed_absolute_change_target_minus_source,0.0,-12.0,12.0,0.0,-0.30819672131147535,-0.75,0.0,-0.6,0.0,-0.032258064516129004,-0.016393442622950838,-0.03191489361702127,-0.016129032258064502,0.0,0.03225806451612903,0.031914893617021274,0.1786474002526241,0.031914893617021274
D1-LL,slot,slot_01,R0_to_R1,signed_absolute_change_target_minus_source,0.0,-7.0,7.0,0.0,-0.1109284781051123,-0.35,0.0,-0.21212121212121204,0.0,-0.019283746556473802,-0.009735744089012566,-0.018617021276595702,-0.009641873278236845,0.0,0.01928374655647383,0.018617021276595744,0.13644420572745383,0.018617021276595744
D1-LL,slot,slot_01,R1_to_R2,signed_absolute_change_target_minus_source,0.0,-27.0,27.0,0.0,-0.19697132921666038,-0.37340425531914895,0.0,-0.3545454545454546,0.0,-0.07438016528925617,-0.03939720388786605,-0.07180851063829796,-0.037190082644628086,0.0,0.0743801652892562,0.07180851063829788,0.1642641777853668,0.07180851063829788
D1-LL,slot,slot_02,R0_to_R1,signed_absolute_change_target_minus_source,21.0,0.0,0.0,-21.0,0.13647912885662428,0.0,0.38888888888888884,0.2413793103448275,0.061224489795918324,0.0,0.03157894736842104,0.05585106382978722,0.19444444444444442,-0.3888888888888889,0.0,-0.05585106382978723,-0.23632829671833044,0.05585106382978723
D1-LL,slot,slot_02,R1_to_R2,signed_absolute_change_target_minus_source,-1.0,-20.0,20.0,1.0,-0.09947716535433071,-0.273972602739726,-0.01851851851851849,-0.16535433070866146,-0.0033003300330033403,-0.06211180124223603,-0.03359999999999996,-0.05585106382978722,-0.04031515988037726,0.018518518518518517,0.062111801242236024,0.05585106382978723,0.23632829671833044,0.05053191489361702
D1-LL,slot,slot_03,R0_to_R1,signed_absolute_change_target_minus_source,16.0,-4.0,4.0,-16.0,0.22177077051930816,-0.19047619047619047,0.3076923076923077,0.4280175756009305,0.03740845070422538,-0.012345679012345734,0.01552396543768586,0.03191489361702127,0.147673314339981,-0.3076923076923076,0.012345679012345678,-0.03191489361702127,-0.046229869572194826,0.05319148936170212
D1-LL,slot,slot_03,R1_to_R2,signed_absolute_change_target_minus_source,8.0,-10.0,10.0,-8.0,0.039553650639206905,-0.16849816849816845,0.15384615384615385,0.08369712479301522,0.018472854933756833,-0.030864197530864113,-0.004589823514601465,-0.005319148936170248,0.06149097815764493,-0.15384615384615385,0.030864197530864196,0.0053191489361702204,0.008154738126556482,0.04787234042553191
D1-LL,slot,slot_04,R0_to_R1,signed_absolute_change_target_minus_source,8.0,-16.0,16.0,-8.0,0.10402554961378485,0.3333333333333333,0.16666666666666666,0.2222222222222222,0.014023210831721422,-0.04878048780487809,-0.014171122994652507,-0.021276595744680882,0.058943089430894324,-0.16666666666666663,0.04878048780487805,0.021276595744680854,0.028627691988731663,0.06382978723404255
D1-LL,slot,slot_04,R1_to_R2,signed_absolute_change_target_minus_source,7.0,-4.0,4.0,-7.0,0.07117689080422629,0.09523809523809523,0.14583333333333334,0.1392235609103079,0.016862170087976525,-0.012195121951219523,0.0031302206981446146,0.007978723404255317,0.06681910569105687,-0.14583333333333337,0.01219512195121951,-0.007978723404255317,-0.010479491748845937,0.029255319148936164
D1-LL,slot,slot_05,R0_to_R1,signed_absolute_change_target_minus_source,41.0,0.0,0.0,-41.0,0.5111775119419353,1.0,0.9318181818181818,0.9647058823529412,0.10806605271514769,0.0,0.05764914153092948,0.10904255319148937,0.46590909090909083,-0.9318181818181819,0.0,-0.10904255319148937,-0.25276002733780556,0.10904255319148937
D1-LL,slot,slot_05,R1_to_R2,signed_absolute_change_target_minus_source,-3.0,-11.0,11.0,3.0,-0.08440024588086614,-0.22448979591836737,-0.06818181818181812,-0.14750158127767243,-0.009393399972614014,-0.033132530120481896,-0.021298910484060074,-0.037234042553191515,-0.0506571741511499,0.06818181818181818,0.03313253012048193,0.037234042553191495,0.12330923701524843,0.02127659574468085
D1-LL,slot,slot_06,R0_to_R1,signed_absolute_change_target_minus_source,0.0,0.0,0.0,0.0,0.0,0.0,0.0,0.0,0.0,0.0,0.0,0.0,0.0,0.0,0.0,0.0,0.0,0.0
D1-LL,slot,slot_06,R1_to_R2,signed_absolute_change_target_minus_source,0.0,0.0,0.0,0.0,0.0,0.0,0.0,0.0,0.0,0.0,0.0,0.0,0.0,0.0,0.0,0.0,0.0,0.0
D1-LL,slot,slot_07,R0_to_R1,signed_absolute_change_target_minus_source,0.0,0.0,0.0,0.0,0.0,0.0,0.0,0.0,0.0,0.0,0.0,0.0,0.0,0.0,0.0,0.0,0.0,0.0
D1-LL,slot,slot_07,R1_to_R2,signed_absolute_change_target_minus_source,0.0,-64.0,64.0,0.0,-0.11813160235301767,-0.07325612712092648,0.0,-0.11202059202059197,0.0,-0.17827298050139273,-0.12424261268544334,-0.17021276595744683,-0.08913649025069637,0.0,0.17827298050139276,0.1702127659574468,0.15983820047976888,0.1702127659574468
D1-LL,slot,slot_08,R0_to_R1,signed_absolute_change_target_minus_source,0.0,0.0,0.0,0.0,0.0,0.0,0.0,0.0,0.0,0.0,0.0,0.0,0.0,0.0,0.0,0.0,0.0,0.0
D1-LL,slot,slot_08,R1_to_R2,signed_absolute_change_target_minus_source,0.0,-115.0,115.0,0.0,-0.13907666910677613,-0.00858337065233617,0.0,-0.016730923110496836,0.0,-0.3074866310160428,-0.2614224151030554,-0.3058510638297872,-0.15374331550802145,0.0,0.3074866310160428,0.3058510638297872,0.22978351651943574,0.3058510638297872
D1-LL,slot,slot_09,R0_to_R1,signed_absolute_change_target_minus_source,0.0,0.0,0.0,0.0,0.0,0.0,0.0,0.0,0.0,0.0,0.0,0.0,0.0,0.0,0.0,0.0,0.0,0.0
D1-LL,slot,slot_09,R1_to_R2,signed_absolute_change_target_minus_source,0.0,-65.0,65.0,0.0,-0.07917853889217069,-0.027105921601334446,0.0,-0.050920485703094404,0.0,-0.1737967914438503,-0.107436592081247,-0.1728723404255319,-0.08689839572192515,0.0,0.17379679144385024,0.17287234042553193,0.19923653417780496,0.17287234042553193
D1-LL,slot,slot_10,R0_to_R1,signed_absolute_change_target_minus_source,13.0,-2.0,2.0,-13.0,0.21036026120771878,0.28525641025641024,0.65,0.40600924499229574,0.036426018343674205,-0.005617977528089901,0.014711277423141711,0.0292553191489362,0.32219101123595506,-0.6499999999999999,0.005617977528089894,-0.029255319148936157,-0.049934278290934775,0.03989361702127659
D1-LL,slot,slot_10,R1_to_R2,signed_absolute_change_target_minus_source,3.0,-37.0,37.0,-3.0,-0.10649423310673856,-0.1697500811424862,0.1499999999999999,-0.15853449751754822,0.00850243283477703,-0.1039325842696629,-0.05445396869592878,-0.09042553191489366,0.023033707865168562,-0.15000000000000002,0.10393258426966291,0.09042553191489361,0.13481177233686276,0.10638297872340424
D1-LL,slot,slot_11,R0_to_R1,signed_absolute_change_target_minus_source,0.0,0.0,0.0,0.0,0.0,0.0,0.0,0.0,0.0,0.0,0.0,0.0,0.0,0.0,0.0,0.0,0.0,0.0
D1-LL,slot,slot_11,R1_to_R2,signed_absolute_change_target_minus_source,22.0,-17.0,17.0,-22.0,0.14091867154594462,0.10869565217391303,0.3283582089552239,0.2806201550387597,0.0496562674798362,-0.055016181229773475,0.0012171880531295365,0.013297872340425565,0.13667101386272518,-0.32835820895522383,0.05501618122977346,-0.013297872340425537,-0.015467636642056137,0.10372340425531915
D1-LL,slot,slot_12,R0_to_R1,signed_absolute_change_target_minus_source,1.0,0.0,0.0,-1.0,0.00919269358132635,0.014266900790166816,0.021276595744680847,0.017086193745232646,0.00277392510402219,0.0,0.0012991934174200193,0.0026595744680850686,0.010638297872340441,-0.021276595744680882,0.0,-0.002659574468085124,-0.00246416709623809,0.0026595744680851033
D1-LL,slot,slot_12,R1_to_R2,signed_absolute_change_target_minus_source,12.0,-29.0,29.0,-12.0,0.049919491488543966,0.09349703184025904,0.25531914893617025,0.14013377926421403,0.023006955591225342,-0.08814589665653494,-0.04029479628712607,-0.04521276595744683,0.08358662613981765,-0.25531914893617025,0.08814589665653494,0.04521276595744683,0.0404660412037543,0.10904255319148935
D1-LL,slot,slot_13,R0_to_R1,signed_absolute_change_target_minus_source,0.0,-2.0,2.0,0.0,-0.003428217661526456,-0.006123698714023268,0.0,-0.002975747656598693,-0.0012174934586426378,-0.006578947368421018,-0.00388068766645433,-0.005319148936170137,-0.003289473684210509,0.0,0.006578947368421045,0.005319148936170193,0.004873055908248047,0.005319148936170212
D1-LL,slot,slot_13,R1_to_R2,signed_absolute_change_target_minus_source,0.0,-76.0,76.0,0.0,-0.1209252246039233,-0.1092267893072722,0.0,-0.07280390842034681,-0.062023051041592114,-0.25,-0.1690465407874997,-0.20212765957446815,-0.125,0.0,0.25,0.20212765957446804,0.16077697805081803,0.20212765957446807
D1-LL,slot,slot_14,R0_to_R1,signed_absolute_change_target_minus_source,9.0,0.0,0.0,-9.0,0.12482963596270169,0.07407407407407407,0.3913043478260869,0.2370731707317073,0.025139664804469275,0.0,0.012586101193696075,0.02393617021276595,0.19565217391304346,-0.391304347826087,0.0,-0.023936170212765957,-0.08279998487357317,0.023936170212765957
D1-LL,slot,slot_14,R1_to_R2,signed_absolute_change_target_minus_source,-1.0,-6.0,6.0,1.0,-0.06504195841355098,-0.16435185185185186,-0.04347826086956519,-0.12,-0.0029069767441860517,-0.016997167138810165,-0.010083916827101858,-0.018617021276595813,-0.030237714004187732,0.043478260869565216,0.0169971671388102,0.018617021276595744,0.06789973910617945,0.013297872340425532
D1-LL,slot,slot_15,R0_to_R1,signed_absolute_change_target_minus_source,7.0,0.0,0.0,-7.0,0.12260071564880348,0.0,0.14583333333333334,0.23578947368421052,0.0167276224336651,0.0,0.009411957613396527,0.018617021276595813,0.07291666666666663,-0.14583333333333337,0.0,-0.018617021276595744,-0.027710781267084983,0.018617021276595744
D1-LL,slot,slot_15,R1_to_R2,signed_absolute_change_target_minus_source,-1.0,-8.0,8.0,1.0,-0.039720903815503306,-0.5,-0.020833333333333343,-0.06578947368421051,-0.004844081138359102,-0.024390243902439046,-0.013652333946796102,-0.02393617021276595,-0.022611788617886153,0.02083333333333337,0.024390243902439025,0.02393617021276595,0.0352336195856609,0.018617021276595744
D1-LL,slot,slot_16,R0_to_R1,signed_absolute_change_target_minus_source,3.0,0.0,0.0,-3.0,0.014388885680710395,0.0008201202843083344,0.03296703296703296,0.024052287581699416,0.008559545098354437,0.0,0.004725483779721595,0.007978723404255317,0.016483516483516425,-0.03296703296703296,0.0,-0.00797872340425533,-0.013572860613548732,0.007978723404255317
D1-LL,slot,slot_16,R1_to_R2,signed_absolute_change_target_minus_source,14.0,-20.0,20.0,-14.0,-0.004490193804850717,-0.2026209677419355,0.15384615384615385,0.004753416518122333,0.03839854413102817,-0.07017543859649122,-0.013733804127823768,-0.015957446808510634,0.04183535762483137,-0.15384615384615383,0.07017543859649122,0.015957446808510647,0.02655900258555216,0.09042553191489362
D1-LL,slot,slot_17,R0_to_R1,signed_absolute_change_target_minus_source,2.0,0.0,0.0,-2.0,0.040173293469226046,0.027972027972027913,0.07692307692307693,0.07761607761607758,0.005253028416166705,0.0,0.00273050932237473,0.005319148936170137,0.038461538461538436,-0.07692307692307698,0.0,-0.0053191489361702066,-0.012160111891582476,0.0053191489361702135
D1-LL,slot,slot_17,R1_to_R2,signed_absolute_change_target_minus_source,0.0,-11.0,11.0,0.0,-0.07007284336877606,-0.38782051282051283,0.0,-0.12410256410256415,-0.0012913223140496033,-0.03142857142857147,-0.016043122634987972,-0.0292553191489362,-0.01571428571428568,0.0,0.03142857142857143,0.029255319148936164,0.060255474313347185,0.02925531914893617
D1-LL,slot,slot_18,R0_to_R1,signed_absolute_change_target_minus_source,1.0,0.0,0.0,-1.0,0.02769116735597188,0.3333333333333333,0.029411764705882353,0.05405405405405406,0.002437241043139249,0.0,0.0013282806578895912,0.0026595744680850686,0.01470588235294118,-0.02941176470588236,0.0,-0.0026595744680851102,-0.004327854735085068,0.0026595744680851102
D1-LL,slot,slot_18,R1_to_R2,signed_absolute_change_target_minus_source,-1.0,-7.0,7.0,1.0,-0.03287590311567745,-0.3333333333333333,-0.029411764705882353,-0.05405405405405406,-0.004171201905165511,-0.020467836257309857,-0.011697752177300735,-0.021276595744680882,-0.02493980048159611,0.02941176470588236,0.02046783625730994,0.021276595744680854,0.0330755516074967,0.015957446808510634
D1-LL,slot,slot_19,R0_to_R1,signed_absolute_change_target_minus_source,0.0,-4.0,4.0,0.0,-0.003095892384804566,0.0,0.0,0.0,-0.0015156714710592434,-0.012383900928792602,-0.006191784769609132,-0.010638297872340385,-0.006191950464396301,0.0,0.01238390092879257,0.010638297872340441,0.013909981368591617,0.010638297872340413
D1-LL,slot,slot_19,R1_to_R2,signed_absolute_change_target_minus_source,0.0,-19.0,19.0,0.0,-0.015205823506874994,0.0,0.0,0.0,-0.007668524779920194,-0.05882352941176472,-0.030411647013749987,-0.05053191489361708,-0.02941176470588236,0.0,0.058823529411764705,0.050531914893617,0.06023311595256037,0.050531914893617025
D1-LL,slot,slot_20,R0_to_R1,signed_absolute_change_target_minus_source,0.0,0.0,0.0,0.0,0.0,0.0,0.0,0.0,0.0,0.0,0.0,0.0,0.0,0.0,0.0,0.0,0.0,0.0
D1-LL,slot,slot_20,R1_to_R2,signed_absolute_change_target_minus_source,0.0,0.0,0.0,0.0,0.0,0.0,0.0,0.0,0.0,0.0,0.0,0.0,0.0,0.0,0.0,0.0,0.0,0.0
