path,bytes,sha256,absolute_path_mentions
.gitignore,1112,4df01fafe65714e8909e84d21ec2f8ef4d8c02dbb5288acfaf37d39f2feb5f8d,0
FINAL_RELEASE_INDEX.md,1434,1487a1228fbfcaf8bce3a852c8806ecc29d7ddf16cb96b83f61f7b273074e0b5,0
README.md,6188,31a800c043eed75f1df6109ecda5a463f03668c167188dbbde5d4118e9794791,0
implementation/.gitignore,148,6cd687cf140cf2835f88d20139f5477743f312c96070bc8fd1f6a5fdcf0e8794,0
implementation/BASELINE_CLOSURE.md,4819,bac4d495c6d0c87c2e93cd3b95837c69908d72e3883a1014c9ced4ebe31d253c,0
implementation/PLAN.md,20518,15ba1934e0e70c944ccaf7e8fb671d6826a306b0bbd2cc13051ed2650a9ff17f,0
implementation/README.md,31235,4f7f00adb2ec0cc7770add850fc2696992644ecf426d073ae8cfd0c4b39555e5,0
implementation/configs/baseline_methods.yaml,3569,935078272748e8892b711e10b47ea0d81f8ba03c8339c3f9130e7ef43bb21f35,0
implementation/configs/bytetrack_parking.yaml,355,4e22c9859f72ffec2c0f4ee8507f8f5bcaf0ca4eee7c65fad47315700d7a0967,0
implementation/configs/bytetrack_parking_lowconf.yaml,359,b6ae41abe2fc0369cda128ca25817a06807edd8d13f041e5638219b5fba5a211,0
implementation/configs/bytetrack_stage_m_frozen_20260728.yaml,345,9c46e5796711065c1e3e2784f9ed2c2775833801c01b1a548c0ee0b092331f1f,0
implementation/configs/d1_ndispark_formal_frozen_20260727.yaml,3017,8cf5f22db403ba361a01842e10e3ca7852bf25947366fef28d324daddb1648df,0
implementation/configs/detector_comparison_frozen_20260727.yaml,4892,21daff1090d7a734d864916d4e0f2f3a787a4d5d57f6a469d8b43343acb9cb7d,0
implementation/configs/detector_comparison_stage_i_v2_maxdet1000_frozen_20260727.yaml,4867,aab3c28c79ef08e1a3dc23b63c966dc38387a43db21fa99fcee135a64a12b528,0
implementation/configs/detector_comparison_stage_i_v2_maxdet300_frozen_20260727.yaml,5682,5c7b3a85b533c2642dae666c860741747ee8d310d6a108b8c994a0b689bbe662,0
implementation/configs/ndispark_only_dataset_frozen_20260727.yaml,6303,1a3a8747eb16867a9a846d8ad279591dc96731091c96549b50d041ecf8a0e0e8,0
implementation/configs/p1_b1_virat_0502_continuous_case_frozen_20260727.yaml,3862,0cd73b630e50b2331eb05542541129ca4d56f2b6fc2f52f8017a5c3cce7ceae5,0
implementation/configs/p3_integrated_runtime_defaults_20260729.yaml,1498,33d8997eb1686968c3efd0e4416a81507909693c0018ed3c89cc08e1149af766,0
implementation/configs/p3_stage_r_recommended_default_20260729.yaml,2236,198f627689cd93f66ca0f087af6686d3afc697ff51e2aa77ee56124187b981b0,0
implementation/configs/p3_tt_tracktrack_optional_20260729.yaml,2388,81ab825fb8a32633ed7689f6d859f5f0b02d0cc50dcefa2d496a4163ec34d4bb,0
implementation/configs/stage_i_count_test_frozen_20260727.yaml,3160,95f9186d0b9012fc0b03f1eb1fc60e3c0479c7c1234835239e5e7dd6012d8b44,0
implementation/configs/stage_i_v2_posthoc_count_frozen_20260727.yaml,3849,1a2c6132dbd8375a3e31803c677c769d27ed1cd92e26f3e3c3578d778fcc057c,0
implementation/configs/stage_j_p0_p1_p2_pklot_development_frozen_20260727.yaml,3596,2131c37e482132271fb5e48e3278ef1130420e7957d29862895ba0ef3433b6a4,0
implementation/configs/stage_j_posthoc_layered_analysis_frozen_20260727.yaml,2465,735fc42dc71e17e2c31dce9a9eee310a6d2658e22269d2d090e90cd540bba36c,0
implementation/configs/stage_k_p0_p1_p2_pklot_test_frozen_20260727.yaml,6302,c936b10a5d7c46c0f72bd8f054a000c5f18f0098065c60757d195b686fece2d1,0
implementation/configs/stage_k_posthoc_stratified_analysis_frozen_20260728.yaml,1744,794a089633c3835f46f79f324c05a3888a41ae8c4fd6708cbc0f366b0ea3247e,0
implementation/configs/stage_l_integrated_workflow_frozen_20260728.yaml,6268,29e70e76fe7a8c92fe4022520a47c2cbe69f159749960e5e170116df1ea039e3,0
implementation/configs/stage_m_open_source_tracking_frozen_20260728.yaml,6663,6d028186e31174328c224d0c90c102d6bab4d9cb2f1f2354d756236b35dfb2cf,3
implementation/configs/stage_n_lmot_tracking_diagnostic_frozen_20260728.yaml,6110,1129300bd2b4a173bef9fc1b4a8cc95bcb3a3d144aa6f14bcf4950f1d39dba5e,2
implementation/configs/stage_n_v2_lmot_tracking_diagnostic_frozen_20260729.yaml,7062,7e2ef1b4019767447b9f4042c97309695b07ce2e0d308ad6582d30b30dcfcef3,2
implementation/configs/stage_o_low_light_adaptation_frozen_20260729.yaml,7429,370ea667dc32fe0dd2f2d231305d61267c9c79ccc41444c1cdceee2eb4788e6e,0
implementation/configs/stage_p_parking_domain_retention_frozen_20260729.yaml,6101,102531661701e4a5b608fe68f755e43f17206ff350ce0638c583fc9548c11ddf,0
implementation/configs/stage_q_v2_external_night_occupancy_frozen_20260729.yaml,5102,e5c586aebf7b9de1e8e0cdd8118d7a9f0ef487fa7a610338b05c40a2fb2c1002,2
implementation/configs/stage_q_v2_external_night_occupancy_frozen_20260729_v2.yaml,1441,00d91395272a1bdd9ebe6edb0457fb5a11d1f681b9a62938b3760a55034006fc,0
implementation/configs/tracktrack_stage_m_frozen_20260728.yaml,564,54a158728a3dd41b523c7d9054fa0e187548075f563adb71c5db72e797328f37,0
implementation/data/.gitignore,682,5da8483b685d05db025ec0bf39836fae93498575527bd97ac644be58b623863d,0
implementation/data/D1_FORMAL_TRAINING_REPORT.md,5335,f621b065475dbb4c65dac859b492031abb66f2163192d5766cf0f7203f37865e,0
implementation/data/D1_SMOKE_REPORT.md,5157,a1ce7e0223a8b5f86fcfc6a38482558a7bb1de513cf0f4a5638301beef914331,0
implementation/data/DATASET_MANIFEST.md,17642,5ce403538fcbd0710f8b685c5eb8a5cd449f36fa9b91cec1f0626bc148a01d69,0
implementation/data/DETECTOR_COMPARISON_PROTOCOL.md,5703,2ce25714a1c4561c18d4e092d161e6488668cf88c611fec52474e865c4968e82,0
implementation/data/DETECTOR_EVALUATION_REPORT.md,6625,cae1cc5ac58a44f753f91ea7fbb8de84559a2fcfa2487274ca0006d916f8ca92,0
implementation/data/FINAL_RESULTS_INDEX.md,3112,b28e95bc4ffd759f0a2b9f5b8fe3c4da9196f0d670547492bb752d437f973256,0
implementation/data/GPU_DECISION_REPORT.md,5195,6f6f78fc126b3a2127e336790b7301cc077eb312dc837423648d474d0f057d65,0
implementation/data/NDISPARK_ONLY_DATASET_CARD.md,5260,f2363b6572ce59b0899a8bdd0fb88810b30d1d680ba6af40d4c2c1d7255f91a6,0
implementation/data/NDISPARK_PREPROCESSING_REPORT.md,3922,642fbfc36c1f8f5ea4a1b05efdcf17447b375f320dd09bec72dd0e2e829e2eae,0
implementation/data/PART1_DATASET_ALIGNMENT.md,23476,fe5ef9de2a89d3aab3b5975f452e380abcf0230bb1573cbed0610e938207960e,0
implementation/data/STAGE_I_V2_CORRECTED_EVALUATION_REPORT.md,5486,5505a25e12ff5966784c04dbc4286231ae1266c97acdd213a29957ab0de678a7,0
implementation/data/STAGE_J_K_OCCUPANCY_REPORT.md,7186,a5e9357601bf7c4eaea6d13d5807224ff2c57fd93034b632771cbbb110511c5c,0
implementation/data/STAGE_K_FINAL_REPORT.md,4857,6c5681a354c8f5179348c15e58d3035d7e9bbc2bd0fe9d1d87af469babd2a983,0
implementation/data/STAGE_L_INTEGRATED_WORKFLOW_REPORT.md,7340,a5b0034accdd5fa0e69ab3c1b31b19c781c62ce03af6149626107c358353a7fa,0
implementation/data/STAGE_M_OPEN_SOURCE_TRACKING_ROBUSTNESS_REPORT.md,11474,92ba9d2d5d901e07184d32c383036d797c85aa23d589ba12903f7105991127bb,0
implementation/data/STAGE_N_LMOT_TRACKING_REPORT.md,7492,50589ffccd3385487f570deee4d083bdcb0600197e669c69404da5e0a9fbb924,0
implementation/data/STAGE_N_V2_LMOT_TRACKING_REPORT.md,6674,4bf29a1d2a20b07834dd7c55a1578ce320c562dba2e4f64f461a27f8f399ce6c,0
implementation/data/STAGE_N_V3_EMITTED_BOX_CORRECTION_REPORT.md,3763,6a5669b3922fa6102042eba5f8e883708c9840a0168848cc58b9bbd5c896f3fb,0
implementation/data/STAGE_O_LOW_LIGHT_ADAPTATION_REPORT.md,14533,fd48399e9c2c38e10510c69049b5c51b741670a7f79d70fa03b8f9075cd4a1c9,0
implementation/data/STAGE_P_PARKING_DOMAIN_VALIDATION_REPORT.md,10057,2e3eaa1ef99df525dcee87223a658a6483eae35bb5e64393e85754ef17ce1c54,0
implementation/data/STAGE_Q_EXTERNAL_NIGHT_OCCUPANCY_REPORT.md,11458,12a1a945e0ea7085770ca431642758ad9e99c00fcc1a97987179d98262c8a0be,1
implementation/data/STAGE_Q_V2_UPM_GTI_EXTERNAL_EVALUATION_REPORT.md,12121,4197df1a7656a71af78dbef110008dfc69be0331bbb67d42ab26e9464dfb00cb,0
implementation/data/STAGE_R_COMPONENT_ATTRIBUTION_REPORT.md,17716,c95b8f9986f240d358d8b9cbec64aeded2239b1de6b0eb1d6d01ffb2f42c427c,0
implementation/data/STAGE_S_FINAL_DEFAULT_AND_DEMO_REPORT.md,6683,3dbc743c13dbcc6af25784342cc8e805ae7899403e5551715534dd10133b40f8,0
implementation/data/STAGE_T_RELEASE_INDEX.md,882,a7132b12712a0f9083e4c3386b6d2e4fff0e82c1a003c72548988a30c67ba886,0
implementation/data/STAGE_T_TRACKTRACK_ENHANCED_VARIANT_REPORT.md,8175,79812ab56174e27bb6337d4cac3fb3c22347211b287a34aeb4eff3165ad701f2,0
implementation/data/STAGE_U_1_FINAL_RELEASE_CORRECTION_REPORT.md,4002,5b2fd2c8ecb7f5e34aecaba6ba6e18f5b49c8774449c3549f2acc233604af4c9,0
implementation/data/STAGE_U_1_MODEL_ASSETS.md,1346,0dab5dba52a7373db9f0ff9b9173d94eb191b926e619e11847484db28acad51d,0
implementation/data/STAGE_U_PORTABLE_FINAL_RELEASE_REPORT.md,5954,892b7d6a3e669bdd8516e89ce301932f34fa2083e995ce55092133ef9c64c7b4,0
implementation/data/SYSTEM_RELEASE_INDEX.md,1813,bac6988cff669c4de6477db6a91b162fb2d82407a978a7f178946c99b77402ec,0
implementation/data/annotations/grand_bassin_bus_stability_ground_truth.csv,314154,290d477983e7261abb581cb54e0c5de274c26dec1d636e17d524ce13785fa220,0
implementation/data/annotations/grand_bassin_bus_stability_slots.json,1018,133137da6726ae04376e29860081606ffaa2936d4d593d8a564477320fda8924,0
implementation/data/annotations/grand_bassin_temporal_manual_candidates.csv,163,f3ebbfadb7221ff942813f72935e2222a4e00de46fe7ea498ab391f257744d10,0
implementation/data/annotations/pklot_development_samples.jsonl,522284,ac9dbc48b491b3f6a657b38b53a422a59fef70a40bf3a2b91a98132abbeb2074,0
implementation/data/annotations/pklot_sample_slots.json,31131,b405688c142f06977588d87303bab29214cc1be26e09d0292d78a46ff537dbb2,0
implementation/data/annotations/pklot_smoke_truth.csv,35048,527c4769017ca5ad52fd45004815aaaea19d2527fb9025f28adcd488177111b6,0
implementation/data/annotations/pklot_stage_k_candidate_20260727.jsonl,1206480,5bd202249d408e2e649ebd3511cdba0e5df4c3ebf0212b17d119f1bc161cdc13,0
implementation/data/annotations/pklot_stage_k_candidate_20260727_v2.jsonl,1199128,0d20ea28b2ba92ecc55567e2882f0258587395784ade7d9131b1433881137046,0
implementation/data/comparisons/STAGE_I_FROZEN_CHECKSUMS.yaml,445,5016c3c72e4cf1cf620add142c5c00807358a14e3dfc1e6b9d5b41b515d4cf24,0
implementation/data/comparisons/STAGE_I_V2_PRESERVATION_AUDIT.md,5320,a1e94826cb70b148ef48b15ad385f07781fd6dcb67aba45dc8bca2df209d9444,0
implementation/data/comparisons/detector_comparison_frozen_checksums.yaml,440,fa5b91d3d1b70c3e7bec476adc538933819408750e8ffa1a87eaa02b9a98555a,0
implementation/data/comparisons/detector_comparison_preflight_20260727.yaml,2371,1b67728bceae9a0e5ba2ee681a1bde2b403af911fab22fe27e1e7fde09909bbf,0
implementation/data/comparisons/p1_b1_virat0502_continuous_20260727.yaml,9818,3df24598a43206d23d6ed02e1db021675ce05a2a1d5341c7f5b952bc20d507c1,0
implementation/data/comparisons/p1_b1_virat0502_continuous_failed_attempt_20260727_v1.yaml,1363,6cdbdffed0dafcbdaa44920675d283bc7fd018436a696d3b285d332d621e4352,0
implementation/data/comparisons/stage_i_detector_evaluation_20260727.yaml,10088,a8e267e9061b11ec084912c4a25a1314460d1f8b1275da3cf6f50688496ee2f3,0
implementation/data/comparisons/stage_i_timestamp_correction_20260727.yaml,1640,f01152783107f96c24fde784c9d6590b59628db1dfd2b4d7b20b921db8a7c0c3,0
implementation/data/comparisons/stage_i_v2_corrected_evaluation_20260727.yaml,11209,b07703bbf6bdb8578f3b39d306ede904cd5e1bdb3acdcab2a212ca5686cbbdf8,0
implementation/data/comparisons/stage_j_p0_p1_p2_development_20260727.yaml,6107,338e6f7b1ef8be293a953ea5ccf5c86f52b73eeb8aa484fc9f63d20413a3982e,0
implementation/data/comparisons/stage_j_posthoc_layered_analysis_20260727.yaml,2945,faf1b68ee9c1edfef22cdd5269c4fe1b2fc04842a4465f59c472ae7683a4801e,0
implementation/data/comparisons/stage_k_p0_p1_p2_test_20260727.yaml,19563,3a2b878791255a9f0a21a895cbcff88233636867f70ececc4244f8281d5d5cbe,0
implementation/data/comparisons/stage_k_posthoc_stratified_analysis_20260728.yaml,2324,fb478334ad6f8155e7f5cdb66d0f0ac146dc3003a299aba8bf375e6fa41db980,0
implementation/data/comparisons/stage_k_slot_occupancy_data_gate_20260727.yaml,1775,6d50626303ac8a43c49e14c2e583a347b1e7a0c3c7913a451696463659a4b792,0
implementation/data/comparisons/stage_k_slot_occupancy_data_gate_20260728_v2.yaml,4983,ef5e5732da0382522e671939a9fed4f63aee6c38220144be46e175504a07431d,0
implementation/data/comparisons/stage_l_integrated_workflow_20260728.yaml,5495,b6536131011338f2576ba6f1d8cf415748cee513943d4c82795e1c6832415408,0
implementation/data/finetune/ANNOTATION_PLAN.md,1422,81287fc781ddf189928cc0bfd61ebaa26af9a4176b3d1be565c165fc91ec06eb,0
implementation/data/finetune/grand_bassin_annotation_checksums.csv,12997,796debabaae0d0f5d106012d34a1bf3264fb14f4ad6c0679c3b3693ae5f27e49,0
implementation/data/finetune/grand_bassin_annotation_manifest.csv,34101,562e5ead300d5d66478eb8a857fec2f766403b8c7c5254156435c37910f790a8,0
implementation/data/manifests/ndispark_only_20260727/FROZEN_ARTIFACT_CHECKSUMS.yaml,1225,2d2f782f5856bff396e0888d3be00220445e6e78c7b2725d0d51f4716e1a6a07,0
implementation/data/manifests/ndispark_only_20260727/ndispark_source_manifest_frozen_20260727.yaml,3886,f067aedd903caeed3a3b3cff57e1e573097ac4d8645b42c8cafd9351610047ec,0
implementation/data/manifests/ndispark_only_20260727/ndispark_test_frozen_20260727.csv,24630,79cc80392c8d3c3723f31f68242f1e5ec0610f10ff81c02fc58a9a0215a2b35d,0
implementation/data/manifests/ndispark_only_20260727/ndispark_train_frozen_20260727.csv,24054,9231cd310d2ce64c6bc06727c1835ba05a4229de1837954a7409f525de0a0b32,0
implementation/data/manifests/ndispark_only_20260727/ndispark_validation_frozen_20260727.csv,7260,abbcf72d193afbdbe64fea46c5d2553dfba6c978406f1c2dd76f4b68aa471c99,0
implementation/data/manifests/pklot_stage_k_candidate_20260727.csv,43773,c8d1500e3a042a265b2b06fa9549671f43a13928bcfa7ba0b8787551c9cc7422,0
implementation/data/manifests/pklot_stage_k_candidate_20260727_v2.csv,43826,d7d802e9dbf3bf3523d903d2623cb1ffa334f54bbf5cc9b184cc92c2f24e4a79,0
implementation/data/manifests/stage_j_pklot_development_20260727.csv,5457,eb548c61eda7dd24a658fb07229131ddac8be4fb4cdee8fab37faa0edf022519,0
implementation/data/ndispark_source_audit.yaml,3809,071eb00848b0d45e2282d56eaa052a85c2ad21d3422a639e76d33876335aea40,0
implementation/data/part1_dataset_alignment.yaml,27851,0825b76e926d1355088d140049de9297a9afe0ef52e89ccd45d7de22aaec7dd1,0
implementation/data/preprocessing/ndispark_only_20260727.yaml,3390,f831311b7e43db27005511f9838ab8e12641421cea531b66787885c15f08fc88,0
implementation/data/preprocessing/pklot_stage_k_candidate_audit_20260727.json,2526,7741f3a000b8a096280c1773d1f9d830189dd596fd138ff28e111ccfc45f9ec6,0
implementation/data/preprocessing/pklot_stage_k_candidate_audit_20260727_v2.json,2528,173b100688965e41eaf6b13131c56344d27ffb84420fd1b786a055d97ef4fcec,0
implementation/data/preprocessing/pklot_stage_k_manual_visual_review_20260727_v2.json,2450,51b17b4ff6595cce6740b6d9e9e97c07739646696d1550297652f1ece47da59b,0
implementation/data/research_samples/zenodo_20210588_metadata.json,14634,bb45bc410e87ca13fe11204b8adf5608ad1da19ebb60ef1355439bc9eaf1d7be,0
implementation/data/splits/grand_bassin_aerial_candidate_133033.csv,151329,a53d5b9def8749198d426665515be4a5bda90cf097da9c4161593269dcdf1eea,0
implementation/data/splits/grand_bassin_aerial_candidate_133033_checksums.csv,64843,6cd1276f08ca447c8ce25c65d2f72574f677fafc49b33ebb20011687dca2d7b8,0
implementation/data/splits/grand_bassin_aerial_development.csv,333651,dc8159d777ef5c089f47dda51c86c9d903089a75a0152dbaef723fb8f4c2a917,0
implementation/data/splits/grand_bassin_aerial_development_checksums.csv,143485,5b1242a1dd52ca433712b45f8bf22d75bb77ac98566049a7b6950856449bf2fb,0
implementation/data/splits/grand_bassin_aerial_holdout_162512.csv,81703,f0255d219cdc5ccbb80e4a8898248fbc27c27a37e9643d798f7e792926f67dbf,0
implementation/data/splits/pklot_development.csv,8843,ee1c60c713941e8246d90b78c13552ccf1efae7062214d6b480af014092619be,0
implementation/data/stage_m/STAGE_M_DATA_GATES_20260728.yaml,3588,93670c91bd21cb50e91243de93c6e28a6a1b58ca0c21174356f4f86d701c7d63,0
implementation/data/stage_m/STAGE_M_FEASIBILITY_ADDENDUM_20260728.md,4265,5b06019b7c154aefa9ba49f1218114500cdded2dd55fd3413fd44710d17ebca2,0
implementation/data/stage_m/stage_m_smoke_regions_20260728.json,498,3f44717453a7445cb7f1167be0884a4c69afd02ab82a1e862824646819e9fd05,0
implementation/data/stage_n/STAGE_N_FORMAL_PARKING_CANDIDATE_AUDIT_20260728.md,2795,332b45084761f166d97f4b97b394e3a806e8856c9181fd656c002730b76c21e4,0
implementation/data/stage_n/STAGE_N_FORMAL_PARKING_DATA_GATE_20260728.yaml,2812,d2deba5a56d2ef214de91fd9451b9dcff140686de204f79af242bfd2a84f214a,0
implementation/data/stage_n/STAGE_N_LMOT_ACQUISITION_AUDIT_20260728.md,3816,d4afdb021a9d8db52d4c93ae5c6377799cccb1996a81a0446a5bb84bb3dc05c8,0
implementation/data/stage_n/STAGE_N_LMOT_DATA_GATE_20260728.yaml,2006,9de32e7713c9ea50626c98b75a1c480fccf662f2bcbf0758b513a2a146e458da,0
implementation/data/stage_n/STAGE_N_SYNTHETIC_OUTPUT_MANIFEST_20260728_V2.json,2397,aa02282cd1a0681a0fce46eae3dc231dae7479b5bbbc75a43e72736f3e6e3334,0
implementation/data/stage_n/STAGE_N_TRACKEVAL_SOURCE_AUDIT_20260728.yaml,1933,98ba1dbcc6e757bce6370a46acab50c3eccd7c2c9cbfbc1a48ac308ed9a3e572,1
implementation/data/stage_n_v2/LMOT_CLASS_ID6_EXTENDED_CONTACT_SHEET_20260729.jpg,103676,1bb30b1a62f0b6f752d9ac536f7f64a1f1d21641fcaae4e8fe82a861fb65171d,0
implementation/data/stage_n_v2/LMOT_CLASS_ID6_EXTENDED_CONTACT_SHEET_20260729.json,1769,10a2136e40845cef444463e7282ed108714bd1227a8c2f76079eb96272f70992,0
implementation/data/stage_n_v2/LMOT_CLASS_ID6_TRACK_TIMELINE_20260729.jpg,344087,679863665f049a70e64addbda7fcd0f33a96fd4849b44ec97c485a1732f7c0c8,0
implementation/data/stage_n_v2/LMOT_CLASS_MAPPING_CONTACT_SHEET_20260729.jpg,401981,b9543cd4c5adc02470a6cf9566ec0951baff17d9a4011e77948cd5622bd6005e,0
implementation/data/stage_n_v2/LMOT_CLASS_MAPPING_EVIDENCE_20260729.yaml,10043,05f550ca5c40986431a08741a36f1325c03c3b5cc08793541a3acc376186dfac,27
implementation/data/stage_n_v2/LMOT_CLASS_MAP_FROZEN_20260729.yaml,509,345daa8a08e81e11afe48f04007ebb70d629734dcfa8742daa28d518630befb2,0
implementation/data/stage_n_v2/STAGE_N_V2_ACQUISITION_INVENTORY_20260729.yaml,13662,401fe5498722507bcaca94849eb4aedd0312dfb49543f0395a7215769e875848,2
implementation/data/stage_n_v2/STAGE_N_V2_EXTRACTED_FILE_MANIFEST_20260729.json,1685884,29f2c625b5bdda1a2f992abd27a71ddcf99fc4e2445183f3f509d3c383daa64f,0
implementation/data/stage_o/STAGE_O_DATA_MANIFEST_20260729.yaml,6604,b3fbf0f531b8279717739f114a5d960ba9dacad9bcf2423df51061e8f5f54e1e,2
implementation/data/stage_o/STAGE_O_DATA_MANIFEST_PATH_CORRECTION_20260729.yaml,1596,d16af91b79ac97c4a3dc00352df438773f08865b92a28161c4fdd0b51c001be7,2
implementation/data/stage_o/STAGE_O_DETECTOR_ONLY_OUTPUT_AUDIT_20260729.json,12481,7447169f826e65ed47f8a7919dd315c606be6e60fd7d52c43b72c92ecbab21c7,0
implementation/data/stage_o/STAGE_O_FROZEN_HISTORY_PRESERVATION_20260729.json,63716,f3df49bcca3ed796efe8301c8f6f03d9a038b72167deea49c7e82d7f56626386,0
implementation/data/stage_o/STAGE_O_FROZEN_HISTORY_PRESERVATION_20260729_v2.json,61585,c5ffebfa3691584defad6c6e40b5fe28831c190e38147fca1125bb7716232167,0
implementation/data/stage_o/STAGE_O_O2_RUNTIME_DECISION_20260729.yaml,3105,fa99d91ce359eea5d387d8007f28ffcd2283ba97b2b776684a088ad57bb23aed,0
implementation/data/stage_o/STAGE_O_O3_FORMAL_TRAINING_COMPLETION_AUDIT_20260729.json,1065,dc041b8f9469cbd651ab15e86037ed6f9f041676b49008a1cbcbabe303e1664e,0
implementation/data/stage_o/STAGE_O_P3_INTERFACE_SMOKE_AUDIT_20260729.yaml,1602,7eac1719c5f5f9844c4dad48dd817dd7333a9b0deb21e588d5c89b5eb5840884,0
implementation/data/stage_o/STAGE_O_PROTOCOL_20260729.md,5804,b067ce185cbc8cff2374bffc8c40da17747ada012040676c48ce89f630eea021,0
implementation/data/stage_o/STAGE_O_PROTOCOL_TIMESTAMP_CLARIFICATION_20260729.yaml,1308,0cb986a1e2feb50cfcf9974dfc6f554eb5d10bdc2e8b2689b9c3af01524f1001,0
implementation/data/stage_o/STAGE_O_SELECTION_20260729.json,4999,2171c8d05186eb261a17d6d3cb3266b056828116f6ed60fe9a2bd9d2e6014bae,0
implementation/data/stage_o/STAGE_O_STAGE_J_PRESERVATION_20260729.json,11374,0636fcf976cbc45b0b0fca01e80ebcccd063cf5b114f130aa05748570fe9e73c,0
implementation/data/stage_o/STAGE_O_STAGE_K_PRESERVATION_20260729.json,18153,348be6c68a35ad175f87a3a4f728b7f8eb64ff78b45201f55bef4865dfdd814d,0
implementation/data/stage_o/p3_interface_smoke_inputs_20260729_v1/input.mp4,131984,60ef00313102fa990be57041ef0d37a3ceec8e9125ce9cb30197cc12acf047a4,0
implementation/data/stage_o/p3_interface_smoke_inputs_20260729_v1/input_manifest.json,1924,d33a449923b11505bed0bbff5a248b3dee0d652698be67db7856ab3dd696b332,0
implementation/data/stage_o/p3_interface_smoke_inputs_20260729_v1/slots.json,1546,e7b05a7fe6c6e10ceb8e9f5ea3900e215c91fd157a62f0813644ff6f69487d48,0
implementation/data/stage_o/p3_interface_smoke_inputs_20260729_v2/input.mp4,131984,60ef00313102fa990be57041ef0d37a3ceec8e9125ce9cb30197cc12acf047a4,0
implementation/data/stage_o/p3_interface_smoke_inputs_20260729_v2/input_manifest.json,1924,bcc4d20a577ad41cb3a37a1af184e71e8c465b37e18ec1b02ec4785f2bde32ff,0
implementation/data/stage_o/p3_interface_smoke_inputs_20260729_v2/slots.json,1546,e7b05a7fe6c6e10ceb8e9f5ea3900e215c91fd157a62f0813644ff6f69487d48,0
implementation/data/stage_o/stage_o_o2_formal_v2.stderr.log,0,e3b0c44298fc1c149afbf4c8996fb92427ae41e4649b934ca495991b7852b855,0
implementation/data/stage_o/stage_o_o2_formal_v2.stdout.log,0,e3b0c44298fc1c149afbf4c8996fb92427ae41e4649b934ca495991b7852b855,0
implementation/data/stage_o/stage_o_o2_formal_v4.stderr.log,1819,fdbf17c25ea11752e566079b63c11bf8f73fc7eba4b3ceda6730080c5a4c574f,0
implementation/data/stage_o/stage_o_o2_formal_v4.stdout.log,0,e3b0c44298fc1c149afbf4c8996fb92427ae41e4649b934ca495991b7852b855,0
implementation/data/stage_o/stage_o_o2_formal_v5.stderr.log,1819,fdbf17c25ea11752e566079b63c11bf8f73fc7eba4b3ceda6730080c5a4c574f,0
implementation/data/stage_o/stage_o_o2_formal_v5.stdout.log,0,e3b0c44298fc1c149afbf4c8996fb92427ae41e4649b934ca495991b7852b855,0
implementation/data/stage_o/stage_o_o2_formal_v6.stderr.log,1075,d9b8b4df2b816d3cae91da73a5e4e85a64b65eaeebd58c3b3e270388cb191f2d,0
implementation/data/stage_o/stage_o_o2_formal_v6.stdout.log,0,e3b0c44298fc1c149afbf4c8996fb92427ae41e4649b934ca495991b7852b855,0
implementation/data/stage_o/stage_o_o2_formal_v7.stderr.log,0,e3b0c44298fc1c149afbf4c8996fb92427ae41e4649b934ca495991b7852b855,0
implementation/data/stage_o/stage_o_o2_formal_v7.stdout.log,5709,61a1cf33095292a6c2ddc81499b980796a983b70113f471df8d1487bf9baa815,0
implementation/data/stage_p/STAGE_P_FINAL_NIGHT_PARKING_DATA_GATE_20260729.yaml,2568,f413b816a68f84dcb8aac38359cc1d1e6d95c8d2205275bf45dbc2de24cf1562,0
implementation/data/stage_p/STAGE_P_NDISPARK_DATA_AUDIT_20260729.md,2575,7bcb01b2902e3b141abc7ad8740c2b761bcf2f185a201ff5b7d3a749454c8a01,0
implementation/data/stage_p/STAGE_P_NDISPARK_DATA_GATE_20260729.yaml,1301,76460974405045f815bf838ba29972af82e32cbd6609d51aa317cc8f8bc3fd06,0
implementation/data/stage_p/STAGE_P_PARKING_RETENTION_DECISION_20260729.json,1343,98016dabb932a04343e330d1d5a7461f16482c6105bef2d0dd9a99ff99050b13,0
implementation/data/stage_q/STAGE_Q_CANDIDATE_GATE_20260729.yaml,5756,84f5801dc721a873a6b12c203d74dd8d35b8028e4db8e7127572bc9d7e6e6696,1
implementation/data/stage_q/STAGE_Q_ONLINE_DATASET_AUDIT_20260729.md,6817,7fdfa982f4b77b940e01412e5fee8807d2d2f2b4a4825fdf0243e4b59c9aae27,1
implementation/data/stage_q_v2/STAGE_Q_V2_ANNOTATION_FREEZE_20260729.yaml,2659,a24b4f16d1dce08b2a62f8dab82a9f85598720ebe3e7a61dff290086253b8ea7,4
implementation/data/stage_q_v2/STAGE_Q_V2_FORMAL_ATTEMPT_V1_FAILURE_20260729.yaml,1749,155168a3e637e8ca267d73b780c4da4b2f8a9669959439c17fdcb588e6c088ee,1
implementation/data/stage_q_v2/STAGE_Q_V2_NIGHT_TEST_GATE_20260729.yaml,2026,d91c185e2516ef9ee50a6a5c433fd23c6d78612b7058379579c04f93302f6681,1
implementation/data/stage_q_v2/STAGE_Q_V2_OCCUPANCY_TRUTH_20260729.csv,174683,ecce202c09182078d60c1e98b4c6f3ad1512b6ff6c4332f7ee4e68c694d636e6,0
implementation/data/stage_q_v2/STAGE_Q_V2_POLYGON_CONFIRMATION_20260729.yaml,1464,dbe691ddb92e740e0c5c49bd04e12bf1944a8eecb0b598b7df1c17e09f2d7ca8,0
implementation/data/stage_q_v2/STAGE_Q_V2_POLYGON_VALIDATION_20260729.png,850958,4f03e960937bc2848bc3f670d4e4671afbd93dc2b1f8b49e52a9201a3df36ae4,0
implementation/data/stage_q_v2/STAGE_Q_V2_SEQUENCE_CONTACT_SHEET_20260729.png,13493371,e0a6af181c58c2305e18a9c4b693bec9c312fe18c7c066a7626b82232b5200a1,0
implementation/data/stage_q_v2/STAGE_Q_V2_SEQUENCE_INVENTORY_20260729.csv,8047,70cb5c3b3a1b67f4a7b247f5f73efdfb345941c6ecb83715ae28b42be1d16e73,0
implementation/data/stage_q_v2/STAGE_Q_V2_SLOT_POLYGONS_20260729.json,2728,9547f75aed308b5958d475cd225769f0d1d0939d1596cefbee5faf9a3ef6dd66,0
implementation/data/stage_q_v2/STAGE_Q_V2_SOURCE_ARCHIVE_AUDIT_20260729.yaml,1619,fc8e7ea78f04e01dbc8893cfb1587279ba27cbc402feb56055ce0d455a0cda0c,1
implementation/data/stage_q_v2/STAGE_Q_V2_STRUCTURE_AUDIT_20260729.md,6271,8baf61e7c9c7db81b458a35cd09f6140679d3c8f7009c2afea3774b1f15ad472,0
implementation/data/stage_q_v2/STAGE_Q_V2_TEST_IMAGE_MANIFEST_20260729.csv,72184,8929e6a38b36b578ae2658127625576e632904437d0ba5d2f37470fc0b0746ba,0
implementation/data/stage_q_v2/STAGE_Q_V2_TEST_SCENE_SELECTION_20260729.yaml,11054,9e144ebae7de4de3215abc0aee38343bb27704ab2f99b5ac78618145213cb95a,0
implementation/data/stage_q_v2/UPM_GTI_USE_CONFIRMATION_EMAIL_TEMPLATE.md,747,8397bc3c0e4bfe91584effba7cafa874d5894d83528b3771b17a0d4d36597e41,0
implementation/data/stage_r/STAGE_R_ARTIFACT_REGISTRY_20260729.yaml,2671,97bd04779c9622235f12be2d3c0fa77296c62197b3163bd31e3963419fe98b25,0
implementation/data/stage_r/STAGE_R_COMPONENT_COMPARISON.csv,68983,82905e25c7ab447fb98ca46fa715b009443b5b4b8d32619e1669b17e741531b8,0
implementation/data/stage_r/STAGE_R_COMPONENT_COMPARISON.json,415483,1277f298f2ceb92022d0de028c6d31ad5eac0265dcc52d94109dd96d42ae5c9d,0
implementation/data/stage_r/STAGE_R_COMPONENT_DELTAS.csv,49321,d9e1b2463045379ba98446cc270181b3fc3167b199cf9f975202a2991a9b56bd,0
implementation/data/stage_r/STAGE_R_ERROR_TRANSITIONS.csv,817,34122fee5f2bdceefabd0f6a872f5c2f9b9ebf96085f62237d761f8ab75a66b8,0
implementation/data/stage_r/STAGE_R_FINAL_SYSTEM_EVIDENCE.csv,931,83dd5c4330d5a3db709284cc865b24c0373be3dc117986c7c8174dc8b4f07959,0
implementation/data/stage_r/STAGE_R_SYSTEM_FLOW.svg,4446,e62e179d8c56cf5e666e33bff3b0de717021187ad1a5cfe035a20170a3cb0ff2,0
implementation/data/stage_r/STAGE_R_TEMPORAL_VALIDITY_AUDIT.csv,9143,676d3d9040b732101684e5d667ed26420ebceeda1f896fa6dd88d74aa967b78f,0
implementation/data/stage_s/STAGE_S_ARTIFACT_REGISTRY_20260729.yaml,4979,282f30b241c49930888788bcf4f04cde344b7cb03d6f07b23cc955ff181e43aa,0
implementation/data/stage_s/STAGE_S_FINAL_SYSTEM_EVIDENCE.csv,796,121d80ef575bedd52e983f22a4441479fdd99b661830ad2818600e86aba6e009,0
implementation/data/stage_s/STAGE_S_HISTORICAL_REGISTRY_GATE.json,304,892fbd208328c0466d9a885edb09c5eee3970a7e53ea729baa63dafbbf2d1110,0
implementation/data/stage_s/STAGE_S_HISTORICAL_REGISTRY_POST_SNAPSHOT.json,3452,79196b42e4c8585b08c4748dae52f05ee835c93dfa70679fa65f43de70533a53,0
implementation/data/stage_s/STAGE_S_HISTORICAL_REGISTRY_PRE_SNAPSHOT.json,3452,79196b42e4c8585b08c4748dae52f05ee835c93dfa70679fa65f43de70533a53,0
implementation/data/stage_s/STAGE_S_SUBMISSION_AUDIT.json,89547,72a848c3cd7a5758c5153341c3507451c5423cb65d645a217c67039fd38f0cb7,0
implementation/data/stage_s/STAGE_S_SUBMISSION_CANDIDATES.csv,49332,3f835b93520a9c14e9ae1d859eef75ea418b96d8ddd76b988346d00424145745,0
implementation/data/stage_s/demo/STAGE_S_DEMO_METADATA.json,13089,f68f1656db926f97b0fecb29622136a0f7ffac5b22894eea9aa0d4da614017f8,0
implementation/data/stage_s/demo/demo_keyframe_d1_vs_d1ll.png,990156,232973d3d3813ea313eba4b385e28da461180c5d0b1bb6d4970053407c71c882,0
implementation/data/stage_s/demo/demo_keyframe_default.png,696675,f3dabd6ad0683531c24f08ff59bc99061bf554dafc973e5523371f63f893509a,0
implementation/data/stage_s/demo/demo_keyframe_f2_recovery.png,708465,990a1ed589598ab345007b33340478bd6894e75e2eccbd25c2ed0f4a7632a279,0
implementation/data/stage_s/demo/demo_main.mp4,7756276,f4e9e59b5bcef1b51f2e94b8443c5f22a69ca850bfc77f5c9b94a1bf947ac608,0
implementation/data/stage_t/STAGE_T_CONSUMED_DEVELOPMENT_INPUTS.json,1198,77e3a5b785e9a289c4565886f9ad200ccbf35e3161b19b229998643941ee6a13,0
implementation/data/stage_t/STAGE_T_TRACKTRACK_EVIDENCE.csv,1132,4bbd4ccb89e3d423f9cc5d1e2d910b9bdcdf9f517b0f6ff001bf156314df5c8b,0
implementation/data/stage_t/STAGE_T_TT0_TT1_COMPARISON.csv,462,5a1d150197fd69a8765353d68861efca52d5e15be2b4b38a5ac81eed97803c96,0
implementation/data/stage_t/STAGE_T_TT0_TT1_COMPARISON.json,5296,76e90a4deabc7939c3282301ebbe8a3c2e8c5067671cd04d40d8ff770b7597c5,0
implementation/data/stage_t/demo/STAGE_T_DEMO_METADATA.json,1563,079a5b59694fbc8070939c882dc94559777076e2f047c3a71c0c1dc0e4e50998,0
implementation/data/stage_t/demo/demo_tracktrack_optional.mp4,23879912,b5dfdeb850acdd0a87072a9c48fda44dd5e13725fb7f0e428cfc6164b4d24c1f,0
implementation/data/stage_t/demo/demo_tracktrack_optional_keyframe.png,2214931,e09fc84f69689c9ccb3fa5042a84a1ad66bfde4a6e42d67ccda1d61b082903b5,0
implementation/data/stage_t/virat_0502_slot_truth.csv,138792,7b10b2e540876c20e0ecab5a9e1d68c252ea5468d064537fa2736c56ec5703c3,0
implementation/data/stage_t/virat_0502_slots.json,531,be15bd49f11b76faf197a325658297121db2d847c9dc848d025d5818deb7b758,0
implementation/data/stage_u/STAGE_U_CLEAN_PACKAGE_VERIFICATION.json,56938,3e6e3d2e6f7ce2d3eb6c6c6f7caf5028c0c82faf023108c47e50d8dd7be0cf5a,0
implementation/data/stage_u/STAGE_U_DEMO_COMPATIBILITY_AUDIT.json,2180,94d3fbcc079406b17a3655e1907ed3a0591295d9249aec7c9f1d67e9dd7ec32d,0
implementation/data/stage_u/STAGE_U_HISTORICAL_REGISTRY_CLASSIFICATION.csv,3199,8c03ebe65b62088952f1fbb905e013375356477533a73d795b5acfce2cd08742,0
implementation/data/stage_u/STAGE_U_HISTORICAL_REGISTRY_CLASSIFICATION.json,8300,d9dbd8163fc06c8b1537cb561d67bdf9318279104b412726b4b54c321f9e9754,0
implementation/data/stage_u/STAGE_U_SUBMISSION_ARTIFACT_REGISTRY_20260730.yaml,95968,SELF_REFERENCE_EXCLUDED,0
implementation/data/stage_u/STAGE_U_SUBMISSION_AUDIT.json,148166,SELF_REFERENCE_EXCLUDED,0
implementation/data/stage_u/STAGE_U_SUBMISSION_CANDIDATES.csv,78605,SELF_REFERENCE_EXCLUDED,0
implementation/data/stage_u_1/demo/STAGE_U_1_TRACKTRACK_PRESENTATION_METADATA.json,1738,afc8a6c223a23cd9fe107f6b967d5800d1c6fbb4feb9a006c2a754bc4a6d4c8a,0
implementation/data/stage_u_1/demo/demo_tracktrack_identity_diagnostic_presentation.mp4,22059998,d4fbc3e77c03cf1c57c95147ccebf912ea7eed59fcf5db451c3fb1e35acae1b7,0
implementation/data/stage_u_1/demo/demo_tracktrack_identity_diagnostic_presentation_keyframe.png,2093424,085e13544b617205dcda5d8b329b25547e64d8ee64af9f9303bc33b56db3672a,0
implementation/data/training/D1_FORMAL_TRAINING_FROZEN_CHECKSUMS.yaml,277,a4360f2441a2adcc39b318e5b0bd85a7c9d4c02e43e3a4c577c49bbdb4ab0c1c,0
implementation/data/training/D1_GPU_DECISION_FROZEN_CHECKSUMS.yaml,427,c7fa7d9f5fec962c7177845108b4c902e0795aa2064b04ad9a4a81b9aa8a8f28,0
implementation/data/training/D1_SMOKE_FROZEN_CHECKSUMS.yaml,274,3fe7be3e759b05c4fb94d05638a2e8a64ce296a3433fa8dffb8add52aec26f2e,0
implementation/data/training/d1_formal_training_20260727.yaml,8272,4dc2a2d066ee7535fa23dc6083d97aafa003042fa94c47b3d285ffbf548e8244,0
implementation/data/training/d1_gpu_decision_20260727.yaml,4417,45c22146a0f0aa4d0dd1cc076f95162a20bf4e39eca727c574053806e5b2dcb6,0
implementation/data/training/d1_ndispark_smoke_20260727.yaml,6411,44318362f767bab3ae07f7c865fe7e130cdf53c6df66ccd485eaf2a506eed10e,0
implementation/literature_core/.gitignore,65,8eea43ca271c41b43d8864eff63d6feaaaede71e076886a610649c727b77bf47,0
implementation/literature_core/CONFIG_AUDIT.md,4013,f92ca6f339f0d70e82c9b29e63091a7bab7f59cdcd2d72dcf7838f42b9401706,0
implementation/literature_core/DATASET_ACCESS_BLOCKER.md,3520,3f68b2db728c88b412c90bace88c04834f0cb6f97de8163b27f626836889c080,0
implementation/literature_core/DATASET_AUDIT.md,8943,b9abe5b90111d3a1e481717002fb7bd0c560eaec823eed43add5a93f719985de,0
implementation/literature_core/EXPERIMENT_PLAN.md,11170,c426e0e5809bf6f4141b59450a89ca26b8f2935bf8740f4c6acc4be8528a24ec,0
implementation/literature_core/FEASIBILITY_REPORT.md,8490,da4cd640ce3d04ac6d2ea6fb91c34c5115a0bc6c308e84123f5e25cb83cad5a5,0
implementation/literature_core/FILE_MANIFEST.md,11854,82597442290b182dbc9cf782f59e23981643b0e85d322142aa0088ac5904d83d,0
implementation/literature_core/METHOD_PROVENANCE.md,31379,26da25c315089d44c72d230c7ec4beafdc158ecaebde37e9d4f13322dec5e3d0,0
implementation/literature_core/README.md,19768,f93d47d301585f6586646b667d692f5f094cedee1143544d9c38d5789a9d2461,2
implementation/literature_core/REPORT_SNIPPETS.md,9523,6311ba8ed2d350e60333c5d9d46002321e70b8f6a1fd5585ed945da33a52462c,0
implementation/literature_core/RESULTS.md,48781,861a289ae4b0b722fd9237e552f5e2012e4e14964fd42edde063927df0a395c5,0
implementation/literature_core/TRANSITION_AUDIT.md,6410,52ea18a341562143e547495d8f749556a521da6e3073a9997e9820fe1d4687a4,0
implementation/literature_core/configs/default.yaml,875,c9e8e2ad3227eb7f3bac3753cf3659c3c2aee1f8b0b18528f0300159c2a46954,0
implementation/literature_core/configs/external_holdout_frozen.yaml,2024,cfd9ea7901ed334ec52aed74cb5e5dc022d05f8979274195fab11cd26e911b9d,0
implementation/literature_core/configs/grand_bassin_frozen.yaml,709,af9e25eb28bec5a49fb1e518bcd34f25137374272cc43093b2ca242f71bda186,0
implementation/literature_core/configs/pklot_camera_split.json,198,4d9c0953571aa659543fc4d6c7515b4c067f071b3c020fe288159b1ed0fd5fd2,0
implementation/literature_core/configs/pklot_fold_b.json,189,bbe793d5cef2e54a4b5e97b38a400d4d05414cba17583518765ff7fa0a72f562,0
implementation/literature_core/configs/pklot_fold_c.json,189,72b39248e2d60de51b34445a09b536c7ff691b094de08311fa1e0e11cd9f7be8,0
implementation/literature_core/configs/proposed_fusion.yaml,1203,495825b9b616bc7d23accdfb2c175e5a901de3a99c8b303b2e3cf0147431ae32,0
implementation/literature_core/configs/temporal_e4_e5_frozen.yaml,2401,01dd2c62301bcf2980d90a0b6db18a0c1937da7b9ed83c267d54233f0c982e61,0
implementation/literature_core/configs/temporal_protocol_pending.yaml,3396,ac4b8a2e77311a3d9931fe2d91bdf322d2920c085bcf1cf01f12e8ac955f5043,0
implementation/literature_core/data/annotations/grand_bassin_bus_area_review.csv,523,f3a03c3d9229ac975bd05d079a35ef66635010237c079d578e2f36892a72c2c8,0
implementation/literature_core/data/annotations/grand_bassin_development_rejected_review_candidates.csv,350,e7d94271cdd14ac97c7b932c2f4e8e1ca56e22d201ce4fcd65197fa7d22ac48f,0
implementation/literature_core/data/annotations/grand_bassin_holdout_rejected_review_candidates.csv,160,b611e72fb7c7ecff123626c54d6ab3cadabb008889fce007ca3cc28b312e4f23,0
implementation/literature_core/data/annotations/grand_bassin_rejected_manual_hypotheses.csv,1360,9a43c0c88efaca55531f3287bc86647305040d074a123f9c0b11d4b6867e47d5,0
implementation/literature_core/data/annotations/grand_bassin_transition_candidate_adjudication.csv,2889,f8ffb307a81b935c3e2a839b3153abe0fbdc2fec593fc03f9c6fa04b10f044f7,0
implementation/literature_core/data/annotations/virat_0502_departure_truth.yaml,1804,325ab6fac1970532cd86d0fc88e2b6acfd66cc8abd5ad8a70b070a318f58c760,0
implementation/literature_core/data/annotations/virat_0503_departure_truth.yaml,1820,d1cf24dff0e16835a81a0b19b42dde89b01836d69c8665fc962c9f41d4cff93b,0
implementation/literature_core/data/manifests/cnrpark_ext_external_holdout.yaml,2433,84798928472bf7a3ccec8d7010a8dce7790c9ae60b0dcd3ddcd6934131b6bd91,0
implementation/literature_core/data/manifests/frozen_artifacts_20260725.yaml,3403,24c2973f67e72ab7c890d937d1cd481e41c938ab16b4a9498776ff5ecbf4fc33,0
implementation/literature_core/data/manifests/temporal_case_study_frozen_20260726.yaml,3476,4fbba262db06e44769dc62070d29f4ee1ee4ef967fb4c916fc32820b876a159c,0
implementation/literature_core/data/manifests/temporal_dataset_audit_20260726.yaml,8227,72fc875acfe6eefb8a9be5c4ee06de8b40d67f1eb4ea62c497bb8c988f838fe8,0
implementation/literature_core/data/manifests/virat_0503_targeted_screening_20260726.yaml,7373,639e3a2a57a2a8d16cb12b2a0ea4c1077f39ef62cb9ddbc97cf158f2d814ef41,0
implementation/literature_core/data/manifests/virat_screening_20260726.yaml,9306,47fa0b9b72344d0750d200566ad5be10fe49ee7d7bdba2292edec3c6254d9f26,0
implementation/literature_core/pyproject.toml,696,6557f11e75b63b16f395a8ce4e55cc07763604894124b65be3f4986403d4559a,0
implementation/literature_core/requirements.txt,123,ee14feab423f290ae2f71dd871702d1960c114df71f834ef60ca95196f2087f5,0
implementation/literature_core/scripts/acquire_virat_annotations.py,2889,f61dbb0678ad8c7d67490ff04359be20b1da3ebf3c1910f87d2e20c6c2adbe3d,0
implementation/literature_core/scripts/acquire_virat_screening.py,3857,3dbcae298cf0ca558cd1485e72a5c8ff373c875f18ac7cc979af9ebeac1b9cb0,0
implementation/literature_core/scripts/analyze_ablation_errors.py,8989,0afdba96cb81a3c13468c9f04b6a4a1c0e3e1324590daaa0e342783694f8cd5c,0
implementation/literature_core/scripts/build_transition_review.py,17200,f0db1eb4d49ee15bdf1fd86e7a80f466dcbd469846fc8c57bcbdf716e4d92f42,0
implementation/literature_core/scripts/build_virat_screening_contact_sheet.py,4636,5c89362b48a36eab42bd22c01435bc3a72936e9e0a52bba81fcde9c326a67725,0
implementation/literature_core/scripts/draw_slot_map.py,4059,300e30c509e8a951e98410e67ae4cce433ea19992e0e4bc694243b8ad066b0d2,0
implementation/literature_core/scripts/evaluate_classifier_variants.py,10196,374e2e2e45efaecea1080e63d261ac4286f81be2f3ea46aef82a45efc3598db2,0
implementation/literature_core/scripts/evaluate_positive_stability.py,7356,8552c3bed221221605442ae7530dd8de44e0dea695ff4e5622abac570e378f94,0
implementation/literature_core/scripts/evaluate_predictions.py,5760,f4ec10fca52f87ea1d4d78e3c9f98292c6d5e90109dd657816d29c1f634b4173,0
implementation/literature_core/scripts/extract_patches.py,2445,bd1b7b8b2a7a7599b040fb569c74d2f59a23486b70615429a079605d387d0631,0
implementation/literature_core/scripts/run_calibrated_fusion.py,18756,91aedd3379192dba723a4000e4764702302d9fd7d45f26bf269e1a6cdaa774f4,0
implementation/literature_core/scripts/run_cnr_ext_frozen_evaluation.py,19485,1aab2fb4f09fe04fc06b4f76eedc43f0a18e33f2d5c9f3badd3783b8fce05c01,0
implementation/literature_core/scripts/run_frozen_temporal_case_study.py,19104,fe561cdb490e59033782d7395ede8b89d61e3347c67abf75403a6c649a914837,0
implementation/literature_core/scripts/run_ndispark_detection.py,4974,068a47f3f23c16c63062087f63ca2da8d8109c07bd6fca789ea763fd0be70a60,0
implementation/literature_core/scripts/run_pklot_ablation.py,12489,403fb4990267ce9b461dfeda07fd0dec9a33a9a594e02b5459394112492d9783,0
implementation/literature_core/scripts/run_video.py,10010,89936f1873ae9e06d8ac1921022bf84baff88ca5a13146b5f77deb82a1d91f55,0
implementation/literature_core/scripts/summarize_cross_camera.py,5704,80b232a11bffe9b9f8d979231d4808d8e63c7bd333a1ed42730f19a98d369b3e,0
implementation/literature_core/scripts/train_classifier.py,11002,85db338bd0b565a98b810e0d80d1ce990ee78c51987f701c9cceb6f0692da17f,0
implementation/literature_core/scripts/validate_temporal_protocol.py,1553,e1a29ef1c7079b93f69097b39e140db6eeb3aa606b08ed39a674e767453b9487,0
implementation/literature_core/scripts/verify_frozen_artifacts.py,5187,6372b8d54aed3a2bbd1f93cc94b0790b2dba6e9067879e25826a4ffe29e7e8ab,0
implementation/literature_core/scripts/verify_virat_screening.py,1651,4432857dbd608d21aa9bf90b92d38f130255c0a1dc0e6c95d1ebd069a5eb4a23,0
implementation/literature_core/scripts/verify_yolo_world.py,2642,97fd8a95cba4485e8e38b87b784d25d4da0d882d45996211a1e2bd5acd0364d4,0
implementation/literature_core/src/literature_core/__init__.py,836,c9be550b94693f895727158a5fdc09ded4f4900fce3d910f818eda53b41e9b24,0
implementation/literature_core/src/literature_core/annotation_review.py,3279,15da50ace9761d263e4eedd05688fbe37eea57b9cec58a716edf57116ab66d75,0
implementation/literature_core/src/literature_core/calibration.py,13032,3a312028e5e2b3c165ebd2aa22f0444a50ddb42280aaef013e61fec6b71369b4,0
implementation/literature_core/src/literature_core/classifier.py,11049,8231473a276bdad843126e2c00f360cddd9cadcb80ded918b79d216f02c8cdb3,0
implementation/literature_core/src/literature_core/cnrpark.py,5172,7bd5b3dd826782cd5f749731e1c2f5a8a6ea149f17a368455e73c8421c959898,0
implementation/literature_core/src/literature_core/config.py,388,acbbb5918e01f9a48f157454bd7d2c8b6236a033e29d9918217ec60247b8aca2,0
implementation/literature_core/src/literature_core/cross_validation.py,4211,4d8d95b12fac318819886a6516eaba57b82998e3b15d21bdfa0442dde5435a61,0
implementation/literature_core/src/literature_core/data.py,6474,d4fa04b074601a88555f80692b97f9e93ed92f3aaf424a50f79e5003d103fb46,0
implementation/literature_core/src/literature_core/detector.py,8888,f09820d4dc7171b0ee772ab920e0b1fea79e0e09cc0904ab264b8c637ca38e41,0
implementation/literature_core/src/literature_core/error_analysis.py,3428,7563654904d11e4760685f7170165cfb009d36beb6beeee2f6d4426e3f43550d,0
implementation/literature_core/src/literature_core/fusion.py,2166,a737078698ab9c31b99ef98647bd9dd044be5d6795f0770b11a6cb9bbc07bfa5,0
implementation/literature_core/src/literature_core/mapping.py,3282,08b98cb415282e1455e9bd5a25372e9fbc24bf162a9ada9042e750e3087acfef,0
implementation/literature_core/src/literature_core/metrics.py,15204,fa6c4101f84f73c3844a26550f66ed7996fb77f8d06d1b3946323864bdf79a93,0
implementation/literature_core/src/literature_core/models.py,2567,affc39e18ed1861620394a9108928c72febcf6cb7fca394b5900f2ad6fd618ab,0
implementation/literature_core/src/literature_core/patches.py,3925,7d85ebb5af47b1cd046159ad496b23b53c4132ef7f01a91b73ddce499ed97100,0
implementation/literature_core/src/literature_core/pipeline.py,5319,c0c89b79790bf3bd8a2850480ae446fe63b09a88ef948c1b4003b47d077c2faf,0
implementation/literature_core/src/literature_core/stability.py,4676,43dc8664bfa2f32470c0962e8bc35cc31aa5e916afd19a3e3ddc924030a45dd1,0
implementation/literature_core/src/literature_core/temporal.py,2910,6b4ffb8855c9e4bf1c147373d1a56bfd2514092c5fa3c5c9464c452a78498fa5,0
implementation/literature_core/src/literature_core/temporal_protocol.py,26704,e7b614f3bd21360ed41efb57c705046d0b0951a587ab482f4cd77910f8ae44e7,0
implementation/literature_core/src/literature_core/temporal_tracking.py,8608,4a27a5acc3163362db66b3ee5aa084a4c743c0b4aa8b08069791e78d097ed407,0
implementation/literature_core/src/literature_core/virat_access.py,13618,f2b0c6e196433bfe34aa9fae9907cbbb2c78b3ed99afcce13599bcb299425a20,0
implementation/literature_core/tests/test_annotation_review.py,1126,2b6036fd23a8d23e0bf4af570b1976decb71004a35262a66355e88ca7cd93975,0
implementation/literature_core/tests/test_calibration.py,2329,515daff509ad5c035a328803dcd154680ffb10062e1ec3a0b625405a5655af09,0
implementation/literature_core/tests/test_classifier.py,2307,3a4a9030353ca2737acf2730f60cbe3bc262a516e9df1a70a55599ad9922faff,0
implementation/literature_core/tests/test_cnrpark.py,1996,e0a168783f8066e7233cffd94078da0828b0d5ab92a344309ffd6dbf8af6a095,0
implementation/literature_core/tests/test_cross_validation.py,1571,f0d8cc4ae1d02ff1c83640aee40196b76040f31c32a5d8ac86f2e3e55cc926aa,0
implementation/literature_core/tests/test_data.py,2601,db4e8040805d137635b58b2a7b677ab013b43406da043c60195834ef41fb5716,0
implementation/literature_core/tests/test_detector_tracking.py,504,85c211bee5ece4156c9252d97fde0b02e018508a19a957ecbd1ce905d8f22116,0
implementation/literature_core/tests/test_error_analysis.py,1581,3125d38e8d5d0924c474254d465c418405e7ac22cf3a5258162c699ff9b6c258,0
implementation/literature_core/tests/test_frozen_artifacts.py,2597,aebaf33d3687149fb86cbca789be10cebd2141393770d2f98217cd3e462cfb9a,0
implementation/literature_core/tests/test_fusion.py,920,1ceee782dc6806ae66a518c45ed42ab4a6e66450cb60d383929c99bf7d122ea7,0
implementation/literature_core/tests/test_mapping.py,1684,4f1d3bf53e11fe503732fb5b38a5d0b9f91a208a9136e41e40c3f3608d82ffd1,0
implementation/literature_core/tests/test_metrics.py,4877,18d26200dcc56539085ebbbf1549274f281142c7f4c5f468467eca182eb1edd8,0
implementation/literature_core/tests/test_patches.py,1284,7649556c6986d361b2f1f118464b59cb204334571b5771d2a7ef9157b7a26ee9,0
implementation/literature_core/tests/test_pipeline.py,2650,9aa2238c9490ed8c137f32349e9c77103d02c260849e675e39a17befe607ab15,0
implementation/literature_core/tests/test_stability.py,1643,b9c8d9e4ef5316583b341f33399eb30700c0e86a8dccdbcd3e26410c2abdc660,0
implementation/literature_core/tests/test_temporal.py,1293,72565270b3e8a2197f6bc04a0c50ec93ef195074c867cf08e8cc8314552c75ec,0
implementation/literature_core/tests/test_temporal_protocol.py,10596,f28f8d8707f9dd4cac5f88df09b13b352e0056312a10fdeb3d3f1a6e57f01b09,0
implementation/literature_core/tests/test_temporal_tracking.py,3487,fd50f892142fbea5a580acfcfef26d1beae1771b263e0c02783fa1ab91ccde96,0
implementation/literature_core/tests/test_virat_access.py,8031,003ec8fe924785953ca285de14d9a3719c6abb95654780bc3e203940d7f92664,0
implementation/metadata/ENVIRONMENT_CHECK.md,1655,7a3171e450434baea34dcaf22fef7b0b3cb21e498bc9d88c937b5dd5a8692256,0
implementation/metadata/EXPERIMENT_SUMMARY.csv,1006,7e5eff9deb292db516ba8aabab545939f4a575465f329360bb05fabb66118d3d,0
implementation/metadata/FINETUNING_GATE_ASSESSMENT.md,1708,f18c01979db25f102bb2131877a280f37bafcf873c14af866621c6aa49023a94,0
implementation/metadata/GRAND_BASSIN_TEMPORAL_REPORT.md,3039,c38db0b15e15c58399dcadd059551aabb9f8cdca28754bf727cdab63cbc28136,0
implementation/metadata/NDISPARK_DETECTION_REPORT.md,1677,38549d1786763ef603e8cefbe7d68e1768d90c3de402892dea59e8a6ccb87002,0
implementation/metadata/PKLOT_DEVELOPMENT_REPORT.md,3139,30d9bb3b3a4bec650a2772ce76dbecd7b08745c4341f4ae2fa4dbaedea0038cf,0
implementation/metadata/PKLOT_INVENTORY.json,5857,bddfa4b444cebe711ebace1edd2f253a8eaf779fd3f68fe305ed7ad55de8d49c,0
implementation/metadata/SMOKE_TEST_REPORT.md,3024,bda2e75a76b05e92c7d7c95eabfc4f9ce77519b9c4ab21119bf93a0ff9eb8657,0
implementation/pyproject.toml,1607,b920b3af83f544d68fe54fe42b43a31d6e34ea39b50707c261de30eb3c6084ef,0
implementation/pytest.ini,137,1a4b654f146dd31879f257a93944683f4aba34b9803b5fe91c60d35a4fee45cc,0
implementation/requirements.txt,123,86eaf16b3bbd9767f83de4efe0b27e0933c405bc5db6fd951071ca496d3cce3d,0
implementation/scripts/__init__.py,52,a1d8fdf01ef9301c48e89a536a68cf4a566018019d87b90c2e71a717ba7b81e6,0
implementation/scripts/acquire_stage_n_lmot.py,6505,b3a5cc73350e96aaca2701ed6259aa25732e83c104e6759f95bfe0e73b9f161b,0
implementation/scripts/analyze_gpu_decision.py,1438,a74ab7852cdc37061493dfac880d71f61925ec8d23f730ac2b72c4b529e19dde,0
implementation/scripts/analyze_stage_j_posthoc.py,1683,cb2fcaacc66b18328e92a1e9f1f7f174ae1b5340002ea5681de0ee34159ccb00,0
implementation/scripts/analyze_stage_k_strata.py,672,5c6a6851d5ae54a8c27cf43409144e0974a9de81998b40ca767354e6b961a087,0
implementation/scripts/analyze_stage_l.py,1836,3254b5c5b8ad0a6ac5cc0a708772eba39d51bc43bea1560c2c52ba783a3169a5,0
implementation/scripts/analyze_stage_r_components.py,1842,b49985e6580ed7405978f8251722f8c6145a737b78da48fd08b6930b24284c8b,0
implementation/scripts/audit_stage_s_release.py,2679,30aa29e5884274080bf64538854092dbc7345c1dabe8bf62da139405b8ee79e3,0
implementation/scripts/audit_stage_u_submission.py,6638,5598a94916e3a095b68ba3998e916016393229e7ea4c95f52b0a1f76c0befc9f,0
implementation/scripts/benchmark_detector.py,2618,8409ce63471d0725293f599fad5d6667adbc74ee82ff3a9055fa80fddaae5fac,0
implementation/scripts/build_stage_u_1_release.py,861,a0115c2c499dbee38dbc38364994cadea614fbd59e32c9b4607660dfc25ae145,0
implementation/scripts/check_stage_m_data_gates.py,1564,1037d1a6f2d8c3a6c09a191987b8ca4dbcf244633d67f59c5596fd47a70644cf,0
implementation/scripts/convert_coco_detection.py,5744,4c2fcaa8e115436e96ecfe58626c7c94a994c6d152791613fe3f61f22247cb66,0
implementation/scripts/convert_stage_n_lmot.py,4332,eb50a86f1c9f2d7b13fcf6bee15818717e5897585330303c3bac52e8df208993,0
implementation/scripts/decide_stage_p_retention.py,2226,b672dbf45cd7d5f695052ed5bcb72b674bcad1f00afb61b4e1f2c7a129c266b4,0
implementation/scripts/download_manifest_images.py,2560,8edf9a272cdb540c84abb0e0782777012fdbd4fec62676ba1c7b4baccd4f5a11,0
implementation/scripts/evaluate_count_predictions.py,844,d3d6424d5c5e690bd4e87da3095913457efa37099025ff9aedc713e881e549c1,0
implementation/scripts/export_coco_subset.py,2734,a587f3de25454cbd9a8a4f790e88645063282abcc98ed5e05187bf1e7c7cc3a4,0
implementation/scripts/extract_fiftyone_sample.py,3539,5deb2a3b149dd48176a42dbae7f3d7359d62604004f0046d61c171eb6023943d,0
implementation/scripts/finalize_d1_formal.py,1212,553720c534ad5b98e80b3a339e7a5ed553574968831a0bcb133fc8792c81a778,0
implementation/scripts/finalize_stage_s.py,5887,25bae597f2e638828d40148f47e8c0c74c250a8a3570e30a3ccb0c22226688b8,0
implementation/scripts/finalize_stage_t.py,5337,8b8da1cd7855368755788e43a80568959ff8c20f54a2d1b0c26f6cb037bffda7,0
implementation/scripts/finalize_stage_u_registry.py,3084,7fa614ed8be2d7ef1309498992cf25b0225655268245868c78d746c8cdfe20e6,0
implementation/scripts/find_temporal_slot_candidates.py,9480,a447f13e67fafbb5b4921c1a9938bc38b355519929ea45362b5a468ca764815d,0
implementation/scripts/freeze_ndispark_protocol.py,16058,3bdd61804d645985f2dc5e3c0aba4c5e58adf7da33cd8e36c3eb8b9e566d8be9,0
implementation/scripts/freeze_p1_temporal_results.py,5139,876250c095ec23db06c1da442e7e71319807ced22a2701ce34745b5700005f0d,0
implementation/scripts/freeze_stage_k_data_gate_v2.py,11555,97459e32701a531140aa6c192bdc2dd73efe276f9015caf22445eada86a8ae48,0
implementation/scripts/freeze_stage_k_results.py,5611,199e16cfcfeb42b4e13d18cd49187851eabf0c941b3d64dc6d2abbb498451718,0
implementation/scripts/freeze_stage_k_strata_results.py,3627,a5d7ba70bd845495548cac4a96ba7751ca9a584f8d8467f845598e51f47e975e,0
implementation/scripts/freeze_stage_l_results.py,4442,529d99a20e6a21bbcc9f5612cea65cfa6bb4770f5c57cd462caeacd576f48b21,0
implementation/scripts/freeze_stage_m_artifacts.py,6801,73db40ab91b51fa42b6b6e6a467f954df0381c1637871b063d9b9325d4ee55f6,0
implementation/scripts/freeze_stage_n_artifacts.py,8241,d8b6bf00a8a9b7c60e1a75e91414198fa9d6793f3b9e079d3d27c85a2b3bcff8,2
implementation/scripts/freeze_stage_n_v2_artifacts.py,5081,c82676d12e9e91f23be2d7fb970a8be7c64977bcebad75eddcafa9cd105da4d2,0
implementation/scripts/freeze_stage_n_v3_correction.py,5494,1947f5b9369169eb5de3ac160043fe0ac4a3a0f5d4b133829aa1ae12d030b680,0
implementation/scripts/freeze_stage_o_artifacts.py,7388,ad4456d2e97a50fa6ddb91c4f7017f4488c3f18605c8e266aec60c99cac82114,0
implementation/scripts/freeze_stage_p_artifacts.py,4342,c40464ff1ed02421bb7105535a83bd6ea88e96bc30cac3d483d84d7e87dbc463,0
implementation/scripts/freeze_stage_q_artifacts.py,4760,d3744bf2ab98cc9ed7c7bf846e321fb634e6134168783dc2504e1e244bc7165a,0
implementation/scripts/freeze_stage_q_v2_artifacts.py,7910,16483e3da0b556ddbcaeb8bf673cfd1ac3e549cb73f65c61b9dc33096a713a93,0
implementation/scripts/freeze_stage_q_v2_night_gate.py,7119,d771c47ac60a1d0d2ff02fdb0acd544fdfb15c9b9e38d750553c341d7ce821e5,0
implementation/scripts/freeze_stage_r_artifacts.py,2349,f63a54bff344d4179df8b1a516543cf4483fd269fc8ffe5b3181c4cb88d14410,0
implementation/scripts/inventory_pklot.py,2208,b8438f4ad35269b07c75200dc95e1d75a4bd9686b5fdabecac6e3797010d7255,0
implementation/scripts/make_constant_ground_truth.py,2177,233bd86b816200dec3abb144e2a48aad4135fd1757774261cb9864e8048fdf70,0
implementation/scripts/make_image_video.py,1175,f57a59426f5c531a3064b68a0d55abde23705ce19aa21629af5ec6c0af03f35a,0
implementation/scripts/manifest_to_video.py,4188,5e45337884b7cf6c4761de5535270140433b9cc2eca3924d1472e6a625bcca93,0
implementation/scripts/pklot_metadata.py,1696,f3f3034361670c1cbdd24ade5c38a583bd6d89227fef26edaaa9a8973c0a3821,0
implementation/scripts/prepare_ndispark.py,1215,7087d8622fc2d4c9231d2d73bb4241e9e334a67dbfbb4eaa63ec1c5585f26d1f,0
implementation/scripts/prepare_stage_k_pklot_candidate.py,2113,9d597f166e26fe1518a7f700bef3dc8a46b340443fc9dcdd6498509c8e93c5af,0
implementation/scripts/prepare_stage_n_lmot_v2.py,5738,c03da71f0067392cfb16d10c2f54a18a92673cca7eaf9c9a6e91c95ccb839c8a,0
implementation/scripts/prepare_stage_o_training.py,1371,d3a2f561bc006f8cec0707694ca26b3754782b983aaeb0ccb34c3d6d009a00f1,0
implementation/scripts/prepare_stage_q_v2_annotations.py,4366,e41f26b055a9c1cc597ebdf9cd4f5a079a337dd911efa173504b9db332bff962,0
implementation/scripts/recompute_stage_n_v3_emitted_box_metrics.py,1552,02a2f719e780c8614dd744f809ff0159b8a47242758443a6e1cf277ef7ce2912,0
implementation/scripts/record_stage_o_o2_blocked.py,8660,fcbe77cb3766a5c7b77b123bab917d7a343fae38b43c58eaef890ae41f640460,0
implementation/scripts/render_candidate_timelines.py,3844,2b23c478255d5173e5a21a463047c454bf3143468f18b6b2cebf538dc586f5e5,0
implementation/scripts/render_coordinate_grid.py,2580,222363abfcfc288460b4802ae38be5fb39249553f79d9ffca5b186afb27f6962,0
implementation/scripts/render_stage_k_truth_contact_sheet.py,803,edadecd14a04d99534e0b7844311588f61a5628b1208de0dd1a1bedc858e464e,0
implementation/scripts/render_stage_n_lmot_v2_mapping_evidence.py,3831,f53da74ec921bc981e67e00c5010d1540b2c6443a6774aaf4e2087247e1f4484,0
implementation/scripts/render_stage_s_demo.py,1001,8f0aa22e89292862792bd8860aa191337d05a6caf5e41639262996507c6828d6,0
implementation/scripts/render_stage_t_demo.py,1086,af40118248be2fc3a645fd5547efed920363962a2f8211f1674193967b8bdbd4,0
implementation/scripts/render_stage_u_1_tracktrack_presentation.py,1259,6684805fc69b07dfb9d3e0fd84aed24aa421d9a2c796db1a6781bee704b45405,0
implementation/scripts/run_d1_formal.py,1597,09d8694763468f3b5503e3d58b8d86f20199eba8e4af9ac79b05b021ba6d87e3,0
implementation/scripts/run_d1_smoke.py,1523,dd838ae11127f192ae942c06a3b3985e365888db3f3b6e9c54c45eb59f1d8f01,0
implementation/scripts/run_detector_comparison.py,2550,62556fb91dc51abd03b6e54c5d85b66f63abcb9bed1af0c30c8c630e050f2d45,0
implementation/scripts/run_p1_temporal_case.py,1920,a5c05b54c6dd6fa0c72eeed8ee4c1996144ccf95e410e388c5b0764f61c22736,0
implementation/scripts/run_p3_tt.py,2095,1a7dd0ca23fc76b3aef6791c986c73d4803150ba7e843b60e6d067cc78cfe4a1,0
implementation/scripts/run_stage_i_evaluation.py,6878,18df9e54b8ce0cd7c2b06d9148f0f28ef04f6f21bdd88994deb9c65d04ed366c,0
implementation/scripts/run_stage_j_occupancy.py,3022,44742b168f51fedd95a31312c5300a2e08c45d4000babcfbfa3214139828e847,0
implementation/scripts/run_stage_k_occupancy.py,2096,523e15dfbe76641d01b6c07cb63542e3145e374fb4f6026675933371f8a64666,0
implementation/scripts/run_stage_l_classifier_ablation.py,1446,1e6a89e70aea684cf94d44c226dbef1778e29417fe93a08cb805a65489bcfe1f,0
implementation/scripts/run_stage_l_static.py,2593,28280e8f9d2e2692c900ada1654c4d190892d22c6ac5db93142deb4df574d344,0
implementation/scripts/run_stage_l_video.py,2496,07924da0c1277f9f268b0de39d2005ebd9c83fc5877283cc96c3bfab149fc676,0
implementation/scripts/run_stage_m.py,9140,66bf80afc4474bd942c99cf3ccb9dc0a2cb116cfeae6a9e7d7605dcb84dc22fa,0
implementation/scripts/run_stage_m_smoke.py,6780,bdf442b964550496fd278278902e46de8c95b9b483fb690f2ceabac23c614943,0
implementation/scripts/run_stage_n_lmot.py,14961,443daada57ad5793968ee707d36da7a36c4a8b6fd004076cd07ed7657981db96,0
implementation/scripts/run_stage_n_lmot_v2.py,8700,2321844aa0fc60a1a815bb71f3f0a91ad73a8feb57a64900313cf853342c3b6e,0
implementation/scripts/run_stage_n_synthetic_trackeval.py,4385,2979c3ffaf6dcb8f4a528a623206e923149673b889fb2b4304eb48a61446ba27,0
implementation/scripts/run_stage_o_detector_eval.py,3592,2cede72c3213f8f512bf877e38e2c9d270b7345834b65b75dd7f906b10c7bd6a,0
implementation/scripts/run_stage_o_p3_interface_smoke.py,5654,ee01f10a81a9f4f3380f45266f06584141577938ad2056266d061ad35af065db,0
implementation/scripts/run_stage_o_training.py,1369,44b33fcdbb76c08cb4455f4de4b25218dd089a86c8960dd484ab2c4ea8aee1c0,0
implementation/scripts/run_stage_p_retention.py,2019,3f93b12cccb7a8e14cf383eea86265d45be38e6a8872022c97e1c482273f9419,0
implementation/scripts/run_stage_q_v2_data_audit.py,4797,b908851908dbc8e81d71f868198fb9b17c2e98cb820a42c9b6b3524a12085ecb,0
implementation/scripts/run_stage_q_v2_formal.py,1285,34d6d4f8c3abe3fb86dd6e5b795940874b556d166027fd0620e69adf06259efd,0
implementation/scripts/run_stage_t_consumed_development.py,4476,b68436259bd3c16a85bed602d6291bdc4a75cbe506c2d709f7a83b2859d3f676,0
implementation/scripts/select_annotation_frames.py,2082,300d3557d1070ab078702cfaabafb2911fb7cb3fab92143e94f4694998f62df5,0
implementation/scripts/select_grand_bassin_sequence.py,3796,2536c963f3bf552bd39e5ab203cfcf51d1fbbecadcfd2c87c2f3fea8195548f4,0
implementation/scripts/select_pklot_subset.py,5245,d8ec5b26d2d807d4558ed3960d6aaaf3c322f7faf9aea65b1b89004f442c0923,0
implementation/scripts/select_stage_o_o1.py,4137,843737e1c17c32af6b5e8359332d9bb0e1ca10526fb1218fb4c8ac65af12a9f7,0
implementation/scripts/select_stage_o_results.py,3663,1db99f1905a8fbc7ad6b503af196f9394877e35703a767ac8b2b388d666bf922,0
implementation/scripts/sweep_temporal_filter.py,4762,2f1b4c6d6ff5f42fae1fdc80dcd7f0d65e6d8c96944da2a27dac49df216ad2ac,0
implementation/scripts/verify_d1_formal_artifacts.py,1230,07aa279d979f5fa56feb35830bc0d1eb65f0781af1056d7114297b762cc99388,0
implementation/scripts/verify_p1_temporal_artifacts.py,1074,383851bc20e08e2fde384115fa0f96e0db83524175ef423946266cb74c707ea2,0
implementation/scripts/verify_stage_i_artifacts.py,1104,3fb9b14f3d18bfd9db30bdf56f4efb1db0d6af6200c867d535ccf6b7b7dae860,0
implementation/scripts/verify_stage_i_v2_artifacts.py,1255,8eed079445cf3b5391c541b8b086c8acd7bf3b25992ab9bcfcb0b23a058440ef,0
implementation/scripts/verify_stage_j_artifacts.py,1245,aa7f8c37d148f76134f485eb8b8777fba033f062ff922cdc8837ea9ef63930c5,0
implementation/scripts/verify_stage_j_posthoc_artifacts.py,1252,e381a44660e48ed694effcafbfb2c487b295a4f1bff27eb66193cbce3d8bc876,0
implementation/scripts/verify_stage_k_artifacts.py,1184,e5eaf1610b56a054c71885e2672a18d4d27d64e50da06c935a23fb3dbde43455,0
implementation/scripts/verify_stage_k_data_gate_v2.py,1183,cbe0b7db771c4d3ec0b49db42d332438b3c47d8d0b0f20c793c4a298c2c47439,0
implementation/scripts/verify_stage_k_strata_artifacts.py,1061,20f760b3330c6da219e670f0e440ed723582a5dfa29c9b2bc468a90e158d78ff,0
implementation/scripts/verify_stage_n_lmot_v2_output.py,4993,6fac7397f3e7a51aa7e48a2cdbe0a608b76a9fbe362ece31b25228bcc1d76dce,0
implementation/scripts/verify_stage_n_output.py,2418,5350551ea710780b47caffacc0746d1651922d3f26a9d7e6fc60c11d5a426d1b,0
implementation/scripts/verify_stage_o_frozen_history.py,6984,82e6d7061b96ad6e900576f00152266e44f77b9cf6dcfac6d597c73d0d321e55,0
implementation/scripts/verify_stage_o_outputs.py,2547,4adaac1e9813ca3dc7e27291eef16a8cefd75179fff96da1c5345fb4a9dfd0be,0
implementation/scripts/verify_stage_q_gate.py,2018,a9db662bd62351bd4313fcbfc4dd6e0139ebf318633c9ef1cafb34d8bb5f3f2f,0
implementation/scripts/verify_stage_q_v2_premodel.py,3548,2c82cc86e59d4087e797f6d2371c44f5a894e7f64ae6843045ce1f315dbfb9fd,0
implementation/scripts/verify_stage_u_clean_package.py,8389,1ffd5c2df1178e514b82a64ce75ab8c33dafb33680d7953a4869804fa5c9867b,0
implementation/src/parking_occupancy/__init__.py,207,7775ee789c2866144f0d1fa3a6923c6d7bc9705e031bca3d6079d29776057839,0
implementation/src/parking_occupancy/annotate_slots.py,5007,21ee204d9a3d5ec0ec71e8609574cff737df6b72d3d9e399efc8af86d9180db0,0
implementation/src/parking_occupancy/cli.py,5123,1d3a21b6d183b4744b0adfc0801e442c71f53e1ef1340a473a349ff66b83d90e,0
implementation/src/parking_occupancy/coco_conversion.py,2090,f76ee05e6239f6803f9e8cb868fea675fdbeffba4b3a6f7f853fc41ea52cbd8f,0
implementation/src/parking_occupancy/count_metrics.py,5123,5a0a51d86502b7cdfe4c32f665d15e8558f122d7bb008b2a73be538ca10e1460,0
implementation/src/parking_occupancy/dataset_preparation.py,21774,c8cc654440b5081721b2c976a6303009d25dc7a15e13b4f2dadea40728fdcfe2,0
implementation/src/parking_occupancy/detection_evaluate.py,4632,3025ade351ea9caa13cc8e04b52eee4d426dafe8acb6c4119b85a207ae01fd78,0
implementation/src/parking_occupancy/detector.py,7746,5e743938452327ec718968a62f511325915c5c0eb49bcd1330b79ab326f9f340,0
implementation/src/parking_occupancy/detector_comparison.py,35717,c8412b8fb53e4eff0eb565538a826e2bb314164f191ff402b60a31e63d2a4052,0
implementation/src/parking_occupancy/evaluate.py,15460,7e86241b731b7e38b6e3b01aeefae0ee935a67de9c3aefe6d43f6525fe4c0343,0
implementation/src/parking_occupancy/formal_training.py,40457,84d741b061e0868a07a1ec3dd438f2a37255f7e2f2805caed07beb68bf6bfc6d,0
implementation/src/parking_occupancy/geometry.py,5429,7af9c23ea6aabe82bd77f45461cde47a667bf665f0fcad3ebf0592a6442f6502,0
implementation/src/parking_occupancy/gpu_decision.py,12779,fefdcb9a4cfd9e1b911b53e139a53f98a262cad9e2115e3926e5c97f7c742b7b,0
implementation/src/parking_occupancy/image_io.py,910,2ca173260765dada7c5ed7186e1308ac3a06bc0a6348c71035645cfa5c4cecfb,0
implementation/src/parking_occupancy/integrated_cli.py,2567,793dafe58b3182d18176446e1a0e4ee1e171ba0f62a5dc62d71cb9aeca433b96,0
implementation/src/parking_occupancy/integrated_runner.py,26870,1f169fa1b5a165eb5793c3d8e43c231817e4bafc451ad572b4f3bfaba7c292d9,0
implementation/src/parking_occupancy/integrated_workflow.py,4599,c2f195bc13829799eb220e1848cdeee8049491782a749c08a4c7d58b43c0b72c,0
implementation/src/parking_occupancy/method_registry.py,4991,6c7fe47d02ffba2f15938aed37df8f2df1010efeab6ccc121a717778bedeebb7,0
implementation/src/parking_occupancy/models.py,1619,8759110160e8a9913e16ffb0b80f92c1acc622f43bcbf6b33b6a92381de7d91a,0
implementation/src/parking_occupancy/p1_temporal_case.py,22225,00d766c2f4f748ae83e25ba33b13cfef7cf7bbb98335c09b64f4e79664e86670,0
implementation/src/parking_occupancy/p3_tt_runtime.py,7557,64ae5673a6669f9e48c960714b23dc74973fa4171d44471991bc2944fc474a3e,0
implementation/src/parking_occupancy/pipeline.py,16142,700eea1407455e2af402be898253eef32f85abab360173a20ff75da21c6ea371,0
implementation/src/parking_occupancy/pklot_experiment.py,18515,bcc037c370fe5a0ffa03ebb5bc33b3da4ae36d01061faa12188031f713fa2c1f,0
implementation/src/parking_occupancy/sequence_io.py,412,67fef9c371d6d8cff42f235f96466ef71afdce5a7eee2767216613d9f2692098,0
implementation/src/parking_occupancy/slots.py,4361,78d008bed5e24bf0a964f911b09c96343afc82faa2d6668e2be300604ce92e1d,0
implementation/src/parking_occupancy/stage_i_evaluation.py,67106,a682ed5b3bd4bc3b57eb3a81100ed028f704feae580c1fe01ad1379b0c7a178f,0
implementation/src/parking_occupancy/stage_j_occupancy.py,27823,6f96730faaaca97c3a7659962be8ce089b09bb38a0521671b7d53046b87c9c70,0
implementation/src/parking_occupancy/stage_j_posthoc_analysis.py,21831,cd6e4846fbc1742cedde65daceddf47d279421fa0a403db62794a0ba61512b7d,0
implementation/src/parking_occupancy/stage_k_data_gate.py,22919,c48d208c53bb1ae7b2c23aed9146f90c21407e0d50ec3e3d553ee377b7b7d353,0
implementation/src/parking_occupancy/stage_k_occupancy.py,22343,b994d3b5e092402f4262d9e61dc17f88f1744f355471e7f560995e2f04485ff3,0
implementation/src/parking_occupancy/stage_k_stratified_analysis.py,7591,3c0398d96b71b2d74e538f954401c0b7bc26fe6f3fc4180c19c4e32d5e98b740,0
implementation/src/parking_occupancy/stage_l_analysis.py,5913,21201f44e07eb5a38ba9b952503908743f6d79b2b6a08477a0c407b3b16b71aa,0
implementation/src/parking_occupancy/stage_l_classifier_ablation.py,7224,0ae837f264f1f4a472b170b1409ed2fac4be9825619e6058074954290a8c624b,0
implementation/src/parking_occupancy/stage_l_integrated.py,18545,a6c809edc55d0e9e7c0f9cc316c5c05104f9575f6cf69167c38eb04fa831fc12,0
implementation/src/parking_occupancy/stage_l_video.py,24388,224d63ba1610dc33fdbfa8f9b01a5ce0cdbd1436495fb8f05640a7d85856d29a,0
implementation/src/parking_occupancy/stage_m_data_gate.py,6726,0245756e4b661168b1820dd5caa714fc639d83bb861dcb5c23573d73f4c9f817,0
implementation/src/parking_occupancy/stage_m_evaluation.py,23422,46badc43614403aa912aac4b661925ce84539333aceae420e48de9fc365df429,0
implementation/src/parking_occupancy/stage_m_tracking.py,25519,ec60882e5349da28614d9d549a0e7ce8b0ee8267d77a2cc34d87952ad9a48bd6,0
implementation/src/parking_occupancy/stage_n_lmot.py,35150,4ac2ee49b474193f7a65fba589d2d5b32019858d64f8084de4afb6d2ac36d707,0
implementation/src/parking_occupancy/stage_n_lmot_v2.py,23885,df21188d2f7ff0b18044fe0363277f550b53634572af84b535ba152f7397871d,0
implementation/src/parking_occupancy/stage_n_v3_correction.py,11107,e43b979631fc12fc2527193c631eefa59b6c049df20185d66d2ada55cb6b5eb2,0
implementation/src/parking_occupancy/stage_o_artifacts.py,5954,6961c521500eb8546d7231d643c3d7308341d192943483cac50f39c3da3617fd,0
implementation/src/parking_occupancy/stage_o_enhancement.py,4740,0404dbac904058b33af0b5d96cc00bb575e684658cab8def350529b27349b30c,0
implementation/src/parking_occupancy/stage_o_low_light.py,32672,25747e127d112dc6c64c858f425dda13f2d08031e2379498ad93a75875c004dd,0
implementation/src/parking_occupancy/stage_o_training.py,25844,7ea12ea5743ebcba5640ccac74401123a0ae1cef3f4055d392f0a20f1c8d9d50,0
implementation/src/parking_occupancy/stage_p_artifacts.py,3302,08719844b49aa1efdfb8bda1007376f0ace0ad24646fc93b30be05f2b0701a1f,0
implementation/src/parking_occupancy/stage_p_retention.py,40028,016dd78710e094aa010094ab7e524c00c65f03fa91080339f44710972c34ebe8,0
implementation/src/parking_occupancy/stage_q_artifacts.py,2117,af1e71cdf8627eefba63aa89804f7d962382275244e1bfa6a64faf41e1eef404,0
implementation/src/parking_occupancy/stage_q_external.py,14774,81819b1ea2be0a1cf1561bb89a19b6156a4f6c3d10765a93580865e2936cd3c9,0
implementation/src/parking_occupancy/stage_q_v2_artifacts.py,4212,569ea10f8543f66f9f6220602479ac8bfd76047b3dbd661ae90b4dc18e49b1c1,0
implementation/src/parking_occupancy/stage_q_v2_evaluation.py,47633,8cc9f841a5add70437317f253d491246bc4a6d3d4792810eedcfb8310a8eacf8,0
implementation/src/parking_occupancy/stage_q_v2_upm.py,25256,955f2141b43e2b3dec150c6a4c70b3b86deef38798854cb52ea2554f70880c5e,0
implementation/src/parking_occupancy/stage_r_component_attribution.py,45909,c821c13b0d7fbc286f1bd1a269cb56c800d6730005fc16132116961f5925c2c4,0
implementation/src/parking_occupancy/stage_s_demo.py,21947,fffbdcabf5d9a92937fee12565731f7627c1c5435cbaf3027d8997f5de34353d,0
implementation/src/parking_occupancy/stage_s_release.py,16202,12cff59ff2f05f6ffd1e996df4ae178f8e2efd46daf236ed2541acf15b92c9ba,0
implementation/src/parking_occupancy/stage_t_cli.py,1984,e77915545df5c634eaba8fda42fa8b4c5ac33debec556e9cfdadd8268541513a,0
implementation/src/parking_occupancy/stage_t_demo.py,7539,bd8bc28bbfd01d17d67d6e4b13e5e8b8928457ab0a37c81ebdf46e5a79aa38fc,0
implementation/src/parking_occupancy/stage_t_tracktrack.py,30875,38d0a65486e7168df70dbad6a71d9cb2acbbf21e3ec9d60c2bcae1698d3fc6b6,0
implementation/src/parking_occupancy/stage_u_1_presentation.py,9230,d2c6d9dd697f08a9d95413359d4a958dc1f755148268cdf0a44570ada0a29f31,0
implementation/src/parking_occupancy/stage_u_1_release.py,3877,d8388d175e2e90030f6becf06b418c3a157909fd9b84b41b18f1cb3571f2e0f2,0
implementation/src/parking_occupancy/stage_u_portable_release.py,26390,052cf3dc06cdb668e1a6792373665aabd2a7d7b81ac1dd523790323f3b8930e1,0
implementation/src/parking_occupancy/temporal.py,3286,3fc213d08e8642b0447dfd5e4de70ef716cdafd415ce0bd2e8494fb609db3b5e,0
implementation/src/parking_occupancy/training_smoke.py,25502,6a50edaea6e0814ce132b12230631e889b6d91550edeb201a2e59f3cefd2ade8,0
implementation/src/parking_occupancy/visualization.py,2469,b473745645b6e5940d0869d5091248b3adc61fcdc95e2071f2f58da28f79cb9f,0
implementation/tests/conftest.py,2422,eb752fd66c14a5d6d02d35928f7cac4826751570c2e7b62e604106abb055fcbc,0
implementation/tests/test_coco_conversion.py,1033,63fd0a5277df6834ff2cfd1a4e5cfb5ee3e00f27687bf5acca5dc8ce14b8d414,0
implementation/tests/test_count_metrics.py,1815,24df6e02047c084173234a70df991bee15d5c1fe0f7d4367690a05a29e4de36d,0
implementation/tests/test_dataset_preparation.py,7224,4d1ae42fdbde108e54c4b6e76c463007ba289b25cfee7b9a4fe654dc2533caa2,0
implementation/tests/test_detector.py,1130,d917e30b506fe865b0fd180e61774fe2b490eb7b7893d950daf001d0d0fd504a,0
implementation/tests/test_detector_comparison.py,17834,81246d33eec247b5c48782ef91f7ac64ae2121e56bc36041a0173f95b053efc2,0
implementation/tests/test_evaluate.py,4250,169c8be13248a44dd8061340df6fd51dff1e1c16018db810e4e5dc8b9bc6fa60,0
implementation/tests/test_formal_training.py,5095,85a3f8cfda9ad726b170461fe915e3d765bba528d41cd369f71a66748f02fe50,0
implementation/tests/test_formal_training_freeze.py,1541,d2a4a7e39534ed6c2a1a222698b0480158207d7da2798bd5592dfd69aaa00fb9,0
implementation/tests/test_freeze_ndispark_protocol.py,5225,930a93147aaa2f5ce11f1e0079e4ceb97a40de56b798c2f8f59f90a0972fb54e,0
implementation/tests/test_geometry.py,1965,70e591f887c625c2f323013149aa69a3dd067f17c12bc80f41c652706b16fc6a,0
implementation/tests/test_gpu_decision.py,3996,6623d93e63e9fb3422ab16781842f5b1299a5549d6dc85a92245e2fb470f7ab9,0
implementation/tests/test_gpu_decision_freeze.py,1676,f0bc1cc978afecd38db6979e3fa59923188dcc60c69687494e37fd21d25fc57d,0
implementation/tests/test_image_io.py,426,18a6ac163b7e8be82c8740b3ae0848e5f48d9270f23ae5d326c818150aac7b5d,0
implementation/tests/test_integrated_runner.py,7346,7d8612d74ee7ad14733e038a72c474f400cf7fa6ad29cebabc44fcea0448dabf,0
implementation/tests/test_integrated_workflow.py,3164,71a7d050e99a18ca23651b16507e7f972c97ab9db222ad0a7128e9590566e285,0
implementation/tests/test_manifest_to_video.py,320,01a5dcdc353a4c44e93f5b1869a3d06af4222c352b62bb69695c763b3446ecfa,0
implementation/tests/test_method_registry.py,2083,1b69e1a073f227b7c1950a01be5e6b567ae2e1e284ecf1d3f7c6f1c6d92f9cd0,0
implementation/tests/test_p1_temporal_case.py,2369,680950d5880f8ff50ce80040d30f4fd3290c69b15ffc202b25d5873163ed5056,0
implementation/tests/test_pipeline_outputs.py,4230,ffdcf965ddf82cdcc36f0d0082ded2d28375c3d5a07db78d6aaec38947f1c989,0
implementation/tests/test_pklot_experiment.py,1337,3aba6a3f179a81d5658de08b4adabcb7b7f2849d9d826f4cc291469be21c1d13,0
implementation/tests/test_slots.py,1956,89edbddf7daf91708581d53e6e23697391738b54b8a78b04f78ecace14626689,0
implementation/tests/test_stage_i_evaluation.py,16156,59ac9560e173237f5c30c2781a347b95bbeab6ebbd4a32b3c5911f8318605c7c,0
implementation/tests/test_stage_j_occupancy.py,4187,0255d96ba1f5e35a9e5aa2267143b4592b534d073f986ed09a9f380853f3cdd5,0
implementation/tests/test_stage_j_posthoc_analysis.py,5500,3391bc15ad2eef6a46b3a6d25122f806bd5462bdf21f0b3ea3370e2fd9799160,0
implementation/tests/test_stage_k_data_gate.py,5690,6acc49452832d4655e9ee953ed6927939776387053aa4a40938b0b3053d3b149,0
implementation/tests/test_stage_k_occupancy.py,3069,d5a4a672e3e952961e885f3dcf0484f2591682df82c3f9dcef568783e7cc0628,0
implementation/tests/test_stage_k_stratified_analysis.py,1735,5bf92ff8b160573f0aa49702ccf12d6a6503157ddfcfd15f1fc96f314a2f669e,0
implementation/tests/test_stage_l_analysis.py,2595,1dca29abd82d74dc5f109a03eb373b45b42a6bddfb0393c433413e363a995c9a,0
implementation/tests/test_stage_l_integrated.py,1682,edae4f4732f10aef90291045655703a7ee30643b094ad65a0bbf1203bd45dd7d,0
implementation/tests/test_stage_m_data_gate.py,4500,e62c0167329d31bc1c9a4f53c00cfd79d6253e4e4e28a336fb5c0152b9f577aa,0
implementation/tests/test_stage_m_evaluation.py,5153,5bb7af4c93e8df78f034116254a235142ad6a85d06a8a1c0d14a985ff05bbe99,0
implementation/tests/test_stage_m_tracking.py,6380,bc698db1fab3cc076906db6d28377ae670ee7827f7ae52224078bc5e14515b70,0
implementation/tests/test_stage_n_lmot.py,10472,1a487b88d643ab7c33d3671bc3efd53f529c176bb1c9deff7f4880c2de8195ac,0
implementation/tests/test_stage_n_lmot_v2.py,4872,473babf6ac3b2db1c1084d9092a928e2bb7e49338ad821746bcf1790d0dfb279,0
implementation/tests/test_stage_n_v3_correction.py,2145,b3652489eacaa304486a02f9712ba11fdbe02787de6c5b16caca94adace61225,0
implementation/tests/test_stage_o_artifacts.py,3890,9ba323318389dd91f492da1c9f1b3554bd7bb2d14098d8c5fc24ff07548ec9e6,0
implementation/tests/test_stage_o_low_light.py,11481,db4fe40dd8910110ebbff1a3a69ac93f801f0112a507d5e8fcba7c3ed40f8bd1,0
implementation/tests/test_stage_o_training.py,4226,9044370480c8a69113ccd45fe92aabbce54297feff882234dcccd94643f9c7ef,0
implementation/tests/test_stage_p_artifacts.py,2786,9116789cdac4b18a2bf8afcde28b2e17b2b04908440bab44ef1556357dfc47b9,0
implementation/tests/test_stage_p_retention.py,8566,15814eaf282b0701df2f613cae908bfa3c55ff058f77b209efe06f70a740f871,0
implementation/tests/test_stage_q_artifacts.py,1653,5dbc8d95c49b360b061e29077c31738232ba7da44188a32da73a27f9826a7080,0
implementation/tests/test_stage_q_external.py,8484,6b5117d11298629c04be0ada4c15012fdb4b7cec53bf0f2afab0b1dd06568b05,0
implementation/tests/test_stage_q_v2_artifacts.py,4422,189a033d6e0e38fdc064a8f0e237b762bff3cceba26677c18da52502f20e8578,0
implementation/tests/test_stage_q_v2_evaluation.py,12418,1a172d031ecc797bc9a3e2a3648b00da1f1751120f5f5c5b4601d01f886e017c,0
implementation/tests/test_stage_q_v2_upm.py,8556,50a5e1f2a98210e71a436a7377f4e4c06885038830ad563b0aa3ef31e930a935,0
implementation/tests/test_stage_r_component_attribution.py,4976,fa5dd6babe516ffa1decebde733072686a4905e7c32b5ee2652504d841526306,0
implementation/tests/test_stage_s_demo.py,2558,8935a06f333c26456ea77f4f4890fa815b98334c6d13faed3ece0310a7769948,0
implementation/tests/test_stage_s_release.py,3524,f06535f92900cc3c583ebf6e2db85f4c2180121978d8b700140adac9a2209fa7,0
implementation/tests/test_stage_t_demo.py,1292,81fd4cea1537f328298bcf9e84ef77f8257fe4be420c4291eb44923b18b02956,0
implementation/tests/test_stage_t_tracktrack.py,11147,56df20a54436ca138d4179690a2517dc18e9c84c8d7520db595480d5f0bfd046,0
implementation/tests/test_stage_u_1_presentation.py,2237,8bd98286c816a639b9e57cbcf9c478bf28b472b8baecf7149c4515c7b2eaba76,0
implementation/tests/test_stage_u_1_release.py,1579,d880c8bab2d677d349df432426789c8965ef150fa0c8d620d091a826c1d65f23,0
implementation/tests/test_stage_u_p3_tt_runtime.py,9022,f4ea99834f464038699e21cc5ce519cb49365ce6bf81fe97982ecbc0642e6edb,0
implementation/tests/test_stage_u_portable_release.py,6219,f8a1ced4dc5721359c7b1b9f7f6eb88a31e3d838761af0f449e8ae88f92db903,0
implementation/tests/test_temporal.py,1888,eacec74bfce1d74cab4add8bccd02f2c4f2e96614c1ab3bf4a7c4ae9a4606a51,0
implementation/tests/test_training_smoke.py,9727,1dea237ba09125690ebeb1e51c2a85f18f9da6e24ffab6798153774e12a3faa5,0
implementation/tests/test_training_smoke_freeze.py,791,dc1a05b4b4cb92790cca2c2fb6f326fad65275300c00a5af824baa7bd00f0cb1,0
literature_review/chinese_reading_notes/P01_YOLO-World_中文导读.md,2742,089445b0fcbf25cdbb5d564da646a08be6635653c830e2952274e51541156832,0
literature_review/chinese_reading_notes/P02_Multi-Object_Tracking_in_the_Dark_中文导读.md,2477,ab72b8ed5f0d7a73e52ddd53558a8e099b20a1a62dfd6ecf3f40fe6162344189,0
literature_review/chinese_reading_notes/P03_DiffMOT_中文导读.md,2264,583ad88200355bc05031a6cd53d69045172a95659c3e3eaea354fd74fa459091,0
literature_review/chinese_reading_notes/P04_Generalizable_MOT_中文导读.md,2280,33c5e2c40891ad2aa01edf564e3be9620af64d7ebfa0598f33f14f7dfb25d51c,0
literature_review/chinese_reading_notes/P05_TrackTrack_中文导读.md,2210,bad1046ff75752eb787231986359b0a6916463e870dd22ad7ec303d0e6fee264,0
literature_review/chinese_reading_notes/P06_MOTIP_中文导读.md,2094,41fdf15003ab7a882216e909e0e734f825c55c2c2d9b1b38f0dc64830e4166ab,0
literature_review/chinese_reading_notes/P07_AODRaw_中文导读.md,2314,46ba957bfa4e985a7b55adf54a9bfc9045dd0ad5260f549587da6dba254ab1c1,0
literature_review/chinese_reading_notes/P08_MoME_中文导读.md,2004,e7e315528d5612e77de7ca150cf85e37397be9d92287e1e6dbf683c436502c4c,0
literature_review/chinese_reading_notes/P09_OW-OVD_中文导读.md,2165,3280730fccd580130ca70f4cfbc7495ed2fd72055fc0b0673d5f067cbee4dad7,0
literature_review/chinese_reading_notes/P10_WeatherAware_Segmentation_中文导读.md,1834,2ec865d0c5b7f461539dc51536ed29f896c479eae9172ea1dc106833e0c9037d,0
literature_review/chinese_reading_notes/P11_DeCLIP_中文导读.md,1908,20df9d3a530528a65690de265ebee3a0b3a39b7d57907ab57fe387c0a1505619,0
literature_review/chinese_reading_notes/P12_SearchDet_中文导读.md,1968,e3595efc909b348100ef603dfe578ed56bdcf2ac47dcea41c1c79d682975ae66,0
literature_review/chinese_reading_notes/P13_OmniTrack_中文导读.md,1756,4b3c26e08819093c127ee9c0de072ee6018cee367911cef08d33c7beeb3d0dd6,0
literature_review/chinese_reading_notes/P14_MITracker_中文导读.md,1720,47a95a746bb1f8b97faf89f29440e507d8f50560be6037dd534121f427679dd7,0
literature_review/chinese_reading_notes/P15_EventCamera_Detection_中文导读.md,1760,f5927246ca62b1379d7e02ffaa59c26504dae404300871f37a65425f73e4433f,0
literature_review/chinese_reading_notes/P16_Cant_Slow_Me_Down_中文导读.md,1927,574771ef11c2a6475c516b0048e2c8a674fb10088b3a89bd5438ad44589df95f,0
literature_review/chinese_reading_notes/README_中文阅读指南.md,2190,3af9364ae469f8dda1946bb4998994d4aa19cfae90b13376639b5b9f3c35dc56,0
literature_review/condensed_literature_review_10refs.md,10648,91ab761ecfd87850b85f639715aea3b3cf5c1249d391217f4b6976670359fb2d,0
literature_review/coursework_aligned_literature_review.md,39125,16f6a4b3f30ef8edf20626d5385236730fcb4d01f3f36e4b5be9cf5002df76ae,0
literature_review/coursework_requirements_extracted.txt,4674,d9790cec9271bf757fa75cdd818a903d0a76fc6fd5f5103b0a977afe5963d454,0
literature_review/final_comparison_table.md,2734,eb7a9e28740a114375df7f492dd5cc62039f1a9c6cbe7ac9207fae58db20f481,0
literature_review/final_literature_review.md,25796,274150492d154a1f9fef0b5817e4e084b25368e68cd8fe6a5240f22ec71c21f6,0
literature_review/metadata/candidate_papers.md,6316,71c5ed111417d84630baa9705168fd1f63815bf991598801897607537707bd9e,0
literature_review/metadata/code_availability.md,3367,bd610ec2c9a1c9601ebee182f291d452b444625dd92d91e7a7d6e64a30fbc2cc,0
literature_review/metadata/condensed_10refs_selection.md,3406,4d130bb92f54be7bd05c6cc556113b5c294fad286deaf0434014b4233c419472,0
literature_review/metadata/coursework_alignment_assessment.md,2216,b0f9b4f1818b533a1496026a75304ae24fe9ff426bcadf77050c8d8deba434e4,0
literature_review/metadata/dataset_availability.md,8014,7fea650dcb36de306b3c903f40f977d96ef84e35438d9de03e300383566d9cac,0
literature_review/metadata/evaluation_metrics_plan.md,3997,e871f113d869477f5b0f44b4c961d16c9e75c1e4b9d1efa4e86a3ee4ba993ef1,0
literature_review/metadata/overall_plan.md,1349,e85b2c9e6ec3a5f03a2743b7d8a56431057c318c40ea6dd3f230d11fd9113dbe,0
literature_review/metadata/paper_collection_plan.md,1433,f36a3b8ea5e358c10ca87b0999d4730cdfd19fa84f0c8088d96bbe06e3f5d372,0
literature_review/metadata/parking_specific_solution_comparison.md,2383,53b75d4acb72c60d5d2a76bc48653bc2071a76321c550b90cdda8aa896443bc4,0
literature_review/metadata/references.bib,9165,205a93db1332d66295e4cbceff8d1b3f81f6b6e96454a381599c0981bfbc7e35,0
literature_review/metadata/role2_prompt_alignment_notes.md,1747,1661a5e91645222ec08327db4be01437de22fe884601e6f1d04034e5b13b589a,0
literature_review/notes/selected_paper_notes.md,6812,525ed2fa1e3281c2f27f6445b64cdd5efe4df7258eedd32fbf98e000d01131fe,0
literature_review/paper_comparison_table.md,2928,1607b35f06a5ac9d858f35fb83ad72ddbfe241e1f9eb1c0a6bdda044cbc12340,0
literature_review/review_draft.md,13935,e79fe9dc89e1aecd06d6faca046e6871568473d7db6302b788465f49c32fec18,0
literature_review/role2_method_based_literature_review.md,32597,8e8263119ab4eb001b6a2cab64a9b4a1ba6ff547c36d03ad33ce7a54a943756d,0
literature_review/role2_reference_list.md,1953,704a46b282c8ad2328d9e7ddca7a05de8efb5c19ea138e071d14b0d99bb37ecd,0
pytest.ini,215,e5718895159cfa044d555dfd8cd2e884e2c70f2829c0852972020bd93d24a964,0
