protocol_id,split,role,image_id,file_name,relative_path,camera_id,unix_timestamp,width,height,truth_type,vehicle_box_count,vehicle_count,sha256
DPROTO-NDISPARK-ONLY-20260727-01,train,fine_tuning_train,33,60_1537470146.jpg,train/imgs/60_1537470146.jpg,60,1537470146,2400,1808,vehicle_boxes,2,,f0f571a99c593366316940b74074fcac07c383947fb6962861151c429289c0e5
DPROTO-NDISPARK-ONLY-20260727-01,train,fine_tuning_train,86,60_1537471934.jpg,train/imgs/60_1537471934.jpg,60,1537471934,2400,1808,vehicle_boxes,1,,de1f4d0bebb7dc58cfaba023a0290a0813e51cfa45344cfb1c7a0618de76b125
DPROTO-NDISPARK-ONLY-20260727-01,train,fine_tuning_train,79,60_1537549283.jpg,train/imgs/60_1537549283.jpg,60,1537549283,2400,1808,vehicle_boxes,2,,4d4ac055bd0c02b2677580a4b37b78acfa31f9501274a80915c7ffe7bc310bfd
DPROTO-NDISPARK-ONLY-20260727-01,train,fine_tuning_train,15,60_1537560142.jpg,train/imgs/60_1537560142.jpg,60,1537560142,2400,1808,vehicle_boxes,3,,09bbd6d77a01fe36af48518e5016e6c5beb14cf2eabccc716511130565ff7822
DPROTO-NDISPARK-ONLY-20260727-01,train,fine_tuning_train,78,60_1537567378.jpg,train/imgs/60_1537567378.jpg,60,1537567378,2400,1808,vehicle_boxes,3,,6cda4d5d5fe29699584a9d0df2310f5aa846d8645804dba039355d230ebdeecc
DPROTO-NDISPARK-ONLY-20260727-01,train,fine_tuning_train,73,60_1537641085.jpg,train/imgs/60_1537641085.jpg,60,1537641085,2400,1808,vehicle_boxes,46,,3baf0e7148902c575e0e8510dc2ac1a8a81b85288b146baf7fb3ef6a84dee195
DPROTO-NDISPARK-ONLY-20260727-01,train,fine_tuning_train,81,60_1537642922.jpg,train/imgs/60_1537642922.jpg,60,1537642922,2400,1808,vehicle_boxes,49,,acf1a3de20bc77cea448df70d533ca91e913c03b7e92f6e3b6b3146de549ca09
DPROTO-NDISPARK-ONLY-20260727-01,train,fine_tuning_train,98,60_1537644714.jpg,train/imgs/60_1537644714.jpg,60,1537644714,2400,1808,vehicle_boxes,43,,9406f5a33eafb5bf8f740cc183aec061f9c04dbf95def97fea8f7b3a3c4d32a9
DPROTO-NDISPARK-ONLY-20260727-01,train,fine_tuning_train,9,60_1537646501.jpg,train/imgs/60_1537646501.jpg,60,1537646501,2400,1808,vehicle_boxes,38,,8b5209f52a52c6f6ce66bcaf5474386db3f05dab648151702ef15eae8d35c3c3
DPROTO-NDISPARK-ONLY-20260727-01,train,fine_tuning_train,70,60_1537650093.jpg,train/imgs/60_1537650093.jpg,60,1537650093,2400,1808,vehicle_boxes,17,,2b615076bde87dcedd6e27f943d727f4861cb396bfe323119fcf924268176c7b
DPROTO-NDISPARK-ONLY-20260727-01,train,fine_tuning_train,55,60_1537700458.jpg,train/imgs/60_1537700458.jpg,60,1537700458,2400,1808,vehicle_boxes,75,,831ce3fc0cf1a2acafeed7e2e30aa679e0639e72e036bfd74fa8a3d2f012fbc0
DPROTO-NDISPARK-ONLY-20260727-01,train,fine_tuning_train,59,60_1537704079.jpg,train/imgs/60_1537704079.jpg,60,1537704079,2400,1808,vehicle_boxes,71,,cd20507cab7b46763f3881397b99be57f6c9a5bc331faf5cf82d659973af96d2
DPROTO-NDISPARK-ONLY-20260727-01,train,fine_tuning_train,18,60_1537711240.jpg,train/imgs/60_1537711240.jpg,60,1537711240,2400,1808,vehicle_boxes,72,,7126d918597d6f72fd170c92764bb59de1e3c1f99f818b9bdb9d686817e71834
DPROTO-NDISPARK-ONLY-20260727-01,train,fine_tuning_train,64,60_1537713062.jpg,train/imgs/60_1537713062.jpg,60,1537713062,2400,1808,vehicle_boxes,72,,e2df1945f37be3cbf0dfe4d54cbdc05294c34baf22518b0d2987eff5c07a5311
DPROTO-NDISPARK-ONLY-20260727-01,train,fine_tuning_train,89,60_1537714829.jpg,train/imgs/60_1537714829.jpg,60,1537714829,2400,1808,vehicle_boxes,72,,61c952517701fe414616166abd0512937379bc35f9fd74ce410a9229dc4c850a
DPROTO-NDISPARK-ONLY-20260727-01,train,fine_tuning_train,75,60_1537716629.jpg,train/imgs/60_1537716629.jpg,60,1537716629,2400,1808,vehicle_boxes,67,,f313aa3e6381309ca319b1e70dbbbcaffbd7e2d5f2c85c1badc3d0ef2ef26da7
DPROTO-NDISPARK-ONLY-20260727-01,train,fine_tuning_train,53,60_1537718423.jpg,train/imgs/60_1537718423.jpg,60,1537718423,2400,1808,vehicle_boxes,61,,6fa053c7f16edaf0d26ed414e3b150d364ab830b3cac553c22691d3d0f67ad1a
DPROTO-NDISPARK-ONLY-20260727-01,train,fine_tuning_train,34,60_1537720239.jpg,train/imgs/60_1537720239.jpg,60,1537720239,2400,1808,vehicle_boxes,45,,821817a2441fb8687dca0758976f3b87fe844f902b60ab0bba4b3d17b26bc8fb
DPROTO-NDISPARK-ONLY-20260727-01,train,fine_tuning_train,7,60_1537725672.jpg,train/imgs/60_1537725672.jpg,60,1537725672,2400,1808,vehicle_boxes,21,,598c64b7454505a9946bc52d66c2a151623584b272dca8ad4c1f608f798a183e
DPROTO-NDISPARK-ONLY-20260727-01,train,fine_tuning_train,13,60_1537954319.jpg,train/imgs/60_1537954319.jpg,60,1537954319,2400,1808,vehicle_boxes,40,,8ebe6695449f7aae575df261d948df8801a184b3840b8c6a54a452306deceac7
DPROTO-NDISPARK-ONLY-20260727-01,train,fine_tuning_train,20,60_1537997545.jpg,train/imgs/60_1537997545.jpg,60,1537997545,2400,1808,vehicle_boxes,4,,6b6601b59cab8b918c925b516ae1acc3033e6f210b4cad6a58f99d249cc6771d
DPROTO-NDISPARK-ONLY-20260727-01,train,fine_tuning_train,83,62_1537439604.jpg,train/imgs/62_1537439604.jpg,62,1537439604,2400,1428,vehicle_boxes,10,,79a0f0aac755a888592c5899c7d50c0302e1aaa2e8563a4dfc291534859d60cb
DPROTO-NDISPARK-ONLY-20260727-01,train,fine_tuning_train,24,62_1537533222.jpg,train/imgs/62_1537533222.jpg,62,1537533222,2400,1428,vehicle_boxes,5,,f3277cddc49479560584f8a068c4e1a7bd0633133fb1e7eacb6db6eabe293f96
DPROTO-NDISPARK-ONLY-20260727-01,train,fine_tuning_train,77,62_1537610613.jpg,train/imgs/62_1537610613.jpg,62,1537610613,2400,1428,vehicle_boxes,10,,3ae2fbdf3d75991c52d6af58ae71143f50cafeef5586f072f87dd54d27e31187
DPROTO-NDISPARK-ONLY-20260727-01,train,fine_tuning_train,22,62_1537625021.jpg,train/imgs/62_1537625021.jpg,62,1537625021,2400,1428,vehicle_boxes,13,,05415d3914c1225347a153d647d8fb9a20a7a51106236adcee5d45edd9753f58
DPROTO-NDISPARK-ONLY-20260727-01,train,fine_tuning_train,40,62_1537639330.jpg,train/imgs/62_1537639330.jpg,62,1537639330,2400,1428,vehicle_boxes,33,,26c180c5ccb87c9f8ecd030f105e667fa7ff672bfdc77fed6dcea0280d72b7ef
DPROTO-NDISPARK-ONLY-20260727-01,train,fine_tuning_train,93,62_1537642957.jpg,train/imgs/62_1537642957.jpg,62,1537642957,2400,1428,vehicle_boxes,47,,ddaffc0b763addf179a7fa3979922c722a8b8accadaa99366f8ca36f22419bdb
DPROTO-NDISPARK-ONLY-20260727-01,train,fine_tuning_train,32,62_1537644729.jpg,train/imgs/62_1537644729.jpg,62,1537644729,2400,1428,vehicle_boxes,43,,4144b2769a97c55e624319e13ea2c63254050ff02e65ef31af26b70da7975bc9
DPROTO-NDISPARK-ONLY-20260727-01,train,fine_tuning_train,66,62_1537689729.jpg,train/imgs/62_1537689729.jpg,62,1537689729,2400,1428,vehicle_boxes,6,,760c50626e50f4f2544de7f591abfb0c3ee346fd5ef87f5738c053e8ed01f25b
DPROTO-NDISPARK-ONLY-20260727-01,train,fine_tuning_train,38,62_1537693453.jpg,train/imgs/62_1537693453.jpg,62,1537693453,2400,1428,vehicle_boxes,8,,9898ac1a7adb6e04372f7c712b351fa8ab5ac3cece38f32c20cbda557cea77b4
DPROTO-NDISPARK-ONLY-20260727-01,train,fine_tuning_train,25,62_1537705928.jpg,train/imgs/62_1537705928.jpg,62,1537705928,2400,1428,vehicle_boxes,61,,3fb404785f062e00eddc1552d6a1c93ef067684c8938a6a62e3e8fd73f64ebe7
DPROTO-NDISPARK-ONLY-20260727-01,train,fine_tuning_train,6,62_1537707712.jpg,train/imgs/62_1537707712.jpg,62,1537707712,2400,1428,vehicle_boxes,51,,717d0dc04a548868ef4f4402ea07118d7a7da7988b09681aefedbe73a537fed4
DPROTO-NDISPARK-ONLY-20260727-01,train,fine_tuning_train,85,62_1537709554.jpg,train/imgs/62_1537709554.jpg,62,1537709554,2400,1428,vehicle_boxes,55,,5ac64a377390b5220f82deabc2e9e0db8d7a1473e99d135c2a259baffd2dd0ec
DPROTO-NDISPARK-ONLY-20260727-01,train,fine_tuning_train,68,62_1537716658.jpg,train/imgs/62_1537716658.jpg,62,1537716658,2400,1428,vehicle_boxes,62,,460ffc6baffac1241f295523a2babfe0050bc1dee9c6dce90b9c34d704cd75a1
DPROTO-NDISPARK-ONLY-20260727-01,train,fine_tuning_train,60,62_1537718436.jpg,train/imgs/62_1537718436.jpg,62,1537718436,2400,1428,vehicle_boxes,56,,83b6fb648b713cc9b02f87fb792b552292f549c8f1ad6cdb318122f3684521b9
DPROTO-NDISPARK-ONLY-20260727-01,train,fine_tuning_train,28,62_1537938236.jpg,train/imgs/62_1537938236.jpg,62,1537938236,2400,1428,vehicle_boxes,3,,b525eddbdd25b9514ec899cc65fb17d2eccc27edadc16da2a5c56f345b49e07d
DPROTO-NDISPARK-ONLY-20260727-01,train,fine_tuning_train,50,62_1537956182.jpg,train/imgs/62_1537956182.jpg,62,1537956182,2400,1428,vehicle_boxes,37,,2afbc30897c5aa5d89c38914c4e8654eab3001f92268b7e703cec280cd011b78
DPROTO-NDISPARK-ONLY-20260727-01,train,fine_tuning_train,94,62_1537959778.jpg,train/imgs/62_1537959778.jpg,62,1537959778,2400,1428,vehicle_boxes,27,,52e00bf9afbf9b39eb454f9673a785f761390cb9f82b964830fdac5274796593
DPROTO-NDISPARK-ONLY-20260727-01,train,fine_tuning_train,96,62_1537963395.jpg,train/imgs/62_1537963395.jpg,62,1537963395,2400,1428,vehicle_boxes,15,,b19a5648e97205e4425e88abd0618f5b106c218de12899bf8efed65f64864fa3
DPROTO-NDISPARK-ONLY-20260727-01,train,fine_tuning_train,71,62_1537970556.jpg,train/imgs/62_1537970556.jpg,62,1537970556,2400,1428,vehicle_boxes,7,,179b3ff6ba7e25e94e02b58afa9b8a013889ad050fc2166c05f612414fd98f87
DPROTO-NDISPARK-ONLY-20260727-01,train,fine_tuning_train,49,62_1537988533.jpg,train/imgs/62_1537988533.jpg,62,1537988533,2400,1428,vehicle_boxes,2,,7cf91b5d051062e1ebf9c7f2441d2c186e2b9719beb18022593a7f341761c43b
DPROTO-NDISPARK-ONLY-20260727-01,train,fine_tuning_train,101,64_1531733443.jpg,train/imgs/64_1531733443.jpg,64,1531733443,2400,1658,vehicle_boxes,5,,1ec672054ca73c0ec2f29d17b82131a46c321d37e64313cf662bd6022da9def0
DPROTO-NDISPARK-ONLY-20260727-01,train,fine_tuning_train,67,64_1531755021.jpg,train/imgs/64_1531755021.jpg,64,1531755021,2400,1658,vehicle_boxes,12,,d93e9fa4c87de2a9c93d40ba49875094b430f54d9558eeb82b70d1805635b089
DPROTO-NDISPARK-ONLY-20260727-01,train,fine_tuning_train,23,64_1531787539.jpg,train/imgs/64_1531787539.jpg,64,1531787539,2400,1658,vehicle_boxes,5,,ec6dd46cc90ad1e2b521f87f9100b566aafc50c58f9ae82cc9df0082fa596eb3
DPROTO-NDISPARK-ONLY-20260727-01,train,fine_tuning_train,105,64_1531812624.jpg,train/imgs/64_1531812624.jpg,64,1531812624,2400,1658,vehicle_boxes,4,,5a77882e883fbf142505f85f3adef237e230b310c4330b8c13eabe3431b5e26d
DPROTO-NDISPARK-ONLY-20260727-01,train,fine_tuning_train,92,64_1531819826.jpg,train/imgs/64_1531819826.jpg,64,1531819826,2400,1658,vehicle_boxes,6,,d749952b63eef6a3dcc7e1c633d42dc8c096326ae072083b5b4cf096d963717a
DPROTO-NDISPARK-ONLY-20260727-01,train,fine_tuning_train,56,64_1537025415.jpg,train/imgs/64_1537025415.jpg,64,1537025415,2400,1658,vehicle_boxes,19,,8bc36abe295bb4ee819cc4bc2426c278d5351623419a95af4cdcfaea6aee1b76
DPROTO-NDISPARK-ONLY-20260727-01,train,fine_tuning_train,82,64_1537032622.jpg,train/imgs/64_1537032622.jpg,64,1537032622,2400,1658,vehicle_boxes,49,,656536a7ff308e94315c516220808e25a275eb0005c6399e7463be0606e3bf2d
DPROTO-NDISPARK-ONLY-20260727-01,train,fine_tuning_train,17,64_1537039867.jpg,train/imgs/64_1537039867.jpg,64,1537039867,2400,1658,vehicle_boxes,56,,cb991c86700e0525ec85efb10f336d6b19c26a1161bb300fe086d68777f39915
DPROTO-NDISPARK-ONLY-20260727-01,train,fine_tuning_train,72,64_1537048878.jpg,train/imgs/64_1537048878.jpg,64,1537048878,2400,1658,vehicle_boxes,13,,def16d71c2c5f1b56b607e5d181c3e82f36356ade3abef75e91af230a0930a5e
DPROTO-NDISPARK-ONLY-20260727-01,train,fine_tuning_train,111,64_1537070489.jpg,train/imgs/64_1537070489.jpg,64,1537070489,2400,1658,vehicle_boxes,5,,d0111f4cf3d7ccc598a1f7a4613d54ba6d424088fae8ea9fb4da91b4e05a1c91
DPROTO-NDISPARK-ONLY-20260727-01,train,fine_tuning_train,48,64_1537079419.jpg,train/imgs/64_1537079419.jpg,64,1537079419,2400,1658,vehicle_boxes,7,,57c9be256f215169a2411123c8d859210a67efa23720792b4c693bf6d3debf41
DPROTO-NDISPARK-ONLY-20260727-01,train,fine_tuning_train,99,64_1537083017.jpg,train/imgs/64_1537083017.jpg,64,1537083017,2400,1658,vehicle_boxes,7,,98d6c0d756f7cd107a2ebb9299fcf6f4d9ed22678f51114423e8e15bd98855d1
DPROTO-NDISPARK-ONLY-20260727-01,train,fine_tuning_train,84,64_1537086616.jpg,train/imgs/64_1537086616.jpg,64,1537086616,2400,1658,vehicle_boxes,24,,c64de07a6a0cc14474a6a45f4c7aad9b4e2f6cc5af190b366a21c37bbf35d57c
DPROTO-NDISPARK-ONLY-20260727-01,train,fine_tuning_train,51,64_1537092016.jpg,train/imgs/64_1537092016.jpg,64,1537092016,2400,1658,vehicle_boxes,64,,8b9649d124282ffa324afab0a1328e3585d79e52d8191d01621343f83dc65156
DPROTO-NDISPARK-ONLY-20260727-01,train,fine_tuning_train,2,64_1537097416.jpg,train/imgs/64_1537097416.jpg,64,1537097416,2400,1658,vehicle_boxes,64,,387e5c7894f7c8b888d1e310b416dc0e4168ad622130c387e8d8268fe29d4210
DPROTO-NDISPARK-ONLY-20260727-01,train,fine_tuning_train,88,64_1537099216.jpg,train/imgs/64_1537099216.jpg,64,1537099216,2400,1658,vehicle_boxes,64,,1f316c93334477f590af451ae85a83d7840a68fe8d540a61b734fbb318bd5abb
DPROTO-NDISPARK-ONLY-20260727-01,train,fine_tuning_train,0,64_1537102819.jpg,train/imgs/64_1537102819.jpg,64,1537102819,2400,1658,vehicle_boxes,59,,989b1d634a6566726857085de810f1b87611c2e3b371381394e9fd0f37d05ab6
DPROTO-NDISPARK-ONLY-20260727-01,train,fine_tuning_train,31,64_1537104616.jpg,train/imgs/64_1537104616.jpg,64,1537104616,2400,1658,vehicle_boxes,58,,914994c1db124272e01c668dc518c3a3f74f922dcec0dcf1be50a6a2dff61708
DPROTO-NDISPARK-ONLY-20260727-01,train,fine_tuning_train,100,64_1537106414.jpg,train/imgs/64_1537106414.jpg,64,1537106414,2400,1658,vehicle_boxes,59,,9fe946e5195c4cca29eaff2ac1c4751627b692f19ac02ce3e2c5d70f4ad74694
DPROTO-NDISPARK-ONLY-20260727-01,train,fine_tuning_train,43,64_1537108214.jpg,train/imgs/64_1537108214.jpg,64,1537108214,2400,1658,vehicle_boxes,58,,a6e35acf1f7ed04c6381b1aa2bdd04a5ae506f171da793e65207ae6dad69e760
DPROTO-NDISPARK-ONLY-20260727-01,train,fine_tuning_train,29,64_1537122672.jpg,train/imgs/64_1537122672.jpg,64,1537122672,2400,1658,vehicle_boxes,31,,b643d60ef9a9630231b6942478b43ec734c448e1e9c37bcec5da4dcc1a67ce68
DPROTO-NDISPARK-ONLY-20260727-01,train,fine_tuning_train,110,69_1531569735.jpg,train/imgs/69_1531569735.jpg,69,1531569735,2400,1808,vehicle_boxes,0,,84376ec74b6835d0046fe64b2b4b4516fcc55fb0b568896b0e88ed2f2c7d8f41
DPROTO-NDISPARK-ONLY-20260727-01,train,fine_tuning_train,27,69_1531596734.jpg,train/imgs/69_1531596734.jpg,69,1531596734,2400,1808,vehicle_boxes,12,,7843f972c169bcfc8df289a67bdc596346c71596db40555fcef630f781360028
DPROTO-NDISPARK-ONLY-20260727-01,train,fine_tuning_train,65,69_1531749617.jpg,train/imgs/69_1531749617.jpg,69,1531749617,2400,1808,vehicle_boxes,3,,358c7634612fd3ccfae1d0e1dccc6898f3187f40f3acd33ddf4dc8cd6baa056f
DPROTO-NDISPARK-ONLY-20260727-01,train,fine_tuning_train,63,69_1531783912.jpg,train/imgs/69_1531783912.jpg,69,1531783912,2400,1808,vehicle_boxes,1,,18bc1201851724ed10c82c667cf7c4e176ce4940912a5fadd895b173616075ad
DPROTO-NDISPARK-ONLY-20260727-01,train,fine_tuning_train,91,69_1531823414.jpg,train/imgs/69_1531823414.jpg,69,1531823414,2400,1808,vehicle_boxes,1,,853d594d923cc30ff1a43d8e843bcf42548785b3b4059ed4cc2af7fedf7c3477
DPROTO-NDISPARK-ONLY-20260727-01,train,fine_tuning_train,103,69_1537349415.jpg,train/imgs/69_1537349415.jpg,69,1537349415,2400,1808,vehicle_boxes,24,,90bd7cf83386e4765c03af0d3a23f3d8437ab8b00734b38ee73e578828062124
DPROTO-NDISPARK-ONLY-20260727-01,train,fine_tuning_train,35,69_1537351214.jpg,train/imgs/69_1537351214.jpg,69,1537351214,2400,1808,vehicle_boxes,31,,f49faf3eb49184703fea624fa034d513dc184996a099398db063b7686d1fabf7
DPROTO-NDISPARK-ONLY-20260727-01,train,fine_tuning_train,39,69_1537353014.jpg,train/imgs/69_1537353014.jpg,69,1537353014,2400,1808,vehicle_boxes,32,,c52153227fc862d1df7b9b07adf6da714650c56834c458de125607e7cd4dc0a5
DPROTO-NDISPARK-ONLY-20260727-01,train,fine_tuning_train,4,69_1537354811.jpg,train/imgs/69_1537354811.jpg,69,1537354811,2400,1808,vehicle_boxes,28,,d1b8657fc23f923bcf01f14df740851fc8e89fa2a1016383b3935bd5b827afe0
DPROTO-NDISPARK-ONLY-20260727-01,train,fine_tuning_train,5,69_1537362013.jpg,train/imgs/69_1537362013.jpg,69,1537362013,2400,1808,vehicle_boxes,9,,398aa7b81a0df2576d8f70f2b4451d82e9931e5409bf9cd982060e7e11bfa1ff
DPROTO-NDISPARK-ONLY-20260727-01,train,fine_tuning_train,19,69_1537372815.jpg,train/imgs/69_1537372815.jpg,69,1537372815,2400,1808,vehicle_boxes,1,,2399b5f2c5d445ecd8840c6294272ab5d1e6ed55dc3be400db2d5de7f535bcc8
DPROTO-NDISPARK-ONLY-20260727-01,train,fine_tuning_train,102,69_1537387287.jpg,train/imgs/69_1537387287.jpg,69,1537387287,2400,1808,vehicle_boxes,1,,46e52274e48600cd423e3f8995e30ebd85eb4f103123c6cac0e947295533d597
DPROTO-NDISPARK-ONLY-20260727-01,train,fine_tuning_train,44,73_1537095614.jpg,train/imgs/73_1537095614.jpg,73,1537095614,2400,1808,vehicle_boxes,37,,8f0ec3b53621a8019d4187dc793f23308d474dea46f7f3ca3fe24807dd31326a
DPROTO-NDISPARK-ONLY-20260727-01,train,fine_tuning_train,106,73_1537207256.jpg,train/imgs/73_1537207256.jpg,73,1537207256,2400,1808,vehicle_boxes,11,,395efd2f653f714dc6f3f95c56f3fe8f7408adefd0e3a401966552214f5e6a8f
DPROTO-NDISPARK-ONLY-20260727-01,train,fine_tuning_train,16,73_1537216265.jpg,train/imgs/73_1537216265.jpg,73,1537216265,2400,1808,vehicle_boxes,7,,8340c959e96b8bb5452c99cad6d0cab4aa95d1239f82b1c9ab780a4076db1c21
DPROTO-NDISPARK-ONLY-20260727-01,train,fine_tuning_train,74,73_1537239784.jpg,train/imgs/73_1537239784.jpg,73,1537239784,2400,1808,vehicle_boxes,6,,087c99208e2fe5a1e2ed4ab6fb729b8fb89d741f4b977bf91d3330f83474c833
DPROTO-NDISPARK-ONLY-20260727-01,train,fine_tuning_train,42,73_1537252228.jpg,train/imgs/73_1537252228.jpg,73,1537252228,2400,1808,vehicle_boxes,7,,b612fff53f7f88b90584f4e0ebe7c86076668cab378a7fb0b454952037084d42
DPROTO-NDISPARK-ONLY-20260727-01,train,fine_tuning_train,8,73_1537286417.jpg,train/imgs/73_1537286417.jpg,73,1537286417,2400,1808,vehicle_boxes,14,,e952f62f61a9d5e233c81c3752a5bbc25f98089094b2189c4f668001bfcfc344
DPROTO-NDISPARK-ONLY-20260727-01,train,fine_tuning_train,46,73_1537293677.jpg,train/imgs/73_1537293677.jpg,73,1537293677,2400,1808,vehicle_boxes,11,,872722c4d896136ed706b265b0700480778dd90e7caa4a6eb4ef9d0545ecf3f3
DPROTO-NDISPARK-ONLY-20260727-01,train,fine_tuning_train,109,73_1537327869.jpg,train/imgs/73_1537327869.jpg,73,1537327869,2400,1808,vehicle_boxes,7,,c0c265cf09b041592a067b0aa88bf5a9894adaf8c941fe64878f7f0ca108648e
DPROTO-NDISPARK-ONLY-20260727-01,train,fine_tuning_train,41,73_1537336816.jpg,train/imgs/73_1537336816.jpg,73,1537336816,2400,1808,vehicle_boxes,7,,1ddc738dd5bf9040f903132393717e801ea0a848af8a2975b160bd03c1f77820
DPROTO-NDISPARK-ONLY-20260727-01,train,fine_tuning_train,47,73_1537347619.jpg,train/imgs/73_1537347619.jpg,73,1537347619,2400,1808,vehicle_boxes,44,,0e427523bb04dd6a9fb8b67f0a0d1bd7e4de9bdbe9f02b5e948cd404e1cce91a
DPROTO-NDISPARK-ONLY-20260727-01,train,fine_tuning_train,107,73_1537353020.jpg,train/imgs/73_1537353020.jpg,73,1537353020,2400,1808,vehicle_boxes,43,,778c5de68533be739b9c67d452d0104086d56c77ea6baa79a291317e0fda274d
DPROTO-NDISPARK-ONLY-20260727-01,train,fine_tuning_train,62,73_1537432229.jpg,train/imgs/73_1537432229.jpg,73,1537432229,2400,1808,vehicle_boxes,12,,0a77803bff9755e9830b2dce25740da2151533ef7c4832753d017311d4d810b9
DPROTO-NDISPARK-ONLY-20260727-01,train,fine_tuning_train,26,78_1531431012.jpg,train/imgs/78_1531431012.jpg,78,1531431012,2400,908,vehicle_boxes,10,,04dd274075b265b7e6058c0d371cab353d41690c61540a6113ceb9875263bb84
DPROTO-NDISPARK-ONLY-20260727-01,train,fine_tuning_train,58,78_1531611010.jpg,train/imgs/78_1531611010.jpg,78,1531611010,2400,908,vehicle_boxes,10,,18ba7335fe5823b3dfbe716c224d2caf3f097e774dc3823fe6daeaff02e0030e
DPROTO-NDISPARK-ONLY-20260727-01,train,fine_tuning_train,52,78_1531639805.jpg,train/imgs/78_1531639805.jpg,78,1531639805,2400,908,vehicle_boxes,8,,0de9d80f35e10d52ef84a1c7bbf670cf6860f341abccf1eb5d5b054d58a0521b
DPROTO-NDISPARK-ONLY-20260727-01,train,fine_tuning_train,37,78_1531666804.jpg,train/imgs/78_1531666804.jpg,78,1531666804,2400,908,vehicle_boxes,11,,2b8faa19b4f34ba568b6c629206b46d8c9a2b450f9f8f660cd837a6556a9f15a
DPROTO-NDISPARK-ONLY-20260727-01,train,fine_tuning_train,76,78_1531693834.jpg,train/imgs/78_1531693834.jpg,78,1531693834,2400,908,vehicle_boxes,10,,4af2e90ee8e0cadde60af34bb1669c03a17391ef6e57ec8b75836b077b51b0b9
DPROTO-NDISPARK-ONLY-20260727-01,train,fine_tuning_train,11,78_1531722605.jpg,train/imgs/78_1531722605.jpg,78,1531722605,2400,908,vehicle_boxes,7,,b3098961dec15141b632bbf4f80fe97e146a68f2b0f0503e7bcac0b72de55a77
DPROTO-NDISPARK-ONLY-20260727-01,train,fine_tuning_train,21,78_1531726215.jpg,train/imgs/78_1531726215.jpg,78,1531726215,2400,908,vehicle_boxes,5,,41be4a53a0c4909e0662abe43319b662a6ac93cc4ac69fab49895415132abd97
DPROTO-NDISPARK-ONLY-20260727-01,train,fine_tuning_train,1,78_1531742407.jpg,train/imgs/78_1531742407.jpg,78,1531742407,2400,908,vehicle_boxes,10,,f9905f0d33487fbe6e6ee7427123f918cd984e6890984cb14cde0368ce040b36
DPROTO-NDISPARK-ONLY-20260727-01,train,fine_tuning_train,97,78_1531765806.jpg,train/imgs/78_1531765806.jpg,78,1531765806,2400,908,vehicle_boxes,11,,a2b5c286d1e7c98d3acf7bcb157438e16128057a1ebcabcfe838ed7a75cce5f1
DPROTO-NDISPARK-ONLY-20260727-01,train,fine_tuning_train,10,78_1531800003.jpg,train/imgs/78_1531800003.jpg,78,1531800003,2400,908,vehicle_boxes,5,,55984fe50d440a8b2cb29630513148d71d6f3e28e14013ab06a2915271bb95bc
DPROTO-NDISPARK-ONLY-20260727-01,train,fine_tuning_train,12,78_1531809005.jpg,train/imgs/78_1531809005.jpg,78,1531809005,2400,908,vehicle_boxes,7,,db4976f506f8a2fd2f0434cd718c8dc0e0eb85091134e591287b163590a98240
DPROTO-NDISPARK-ONLY-20260727-01,train,fine_tuning_train,36,78_1531814405.jpg,train/imgs/78_1531814405.jpg,78,1531814405,2400,908,vehicle_boxes,10,,0e2d95f08c040528c531eca4794d988d431d1f307f5af96ced2480bff58576ff
DPROTO-NDISPARK-ONLY-20260727-01,train,fine_tuning_train,87,78_1531816205.jpg,train/imgs/78_1531816205.jpg,78,1531816205,2400,908,vehicle_boxes,10,,a25aff02e043b183fa04956940071c1ce8bcccdf5ffed199cc893f4dbaa31617
DPROTO-NDISPARK-ONLY-20260727-01,train,fine_tuning_train,61,78_1537016404.jpg,train/imgs/78_1537016404.jpg,78,1537016404,2400,908,vehicle_boxes,10,,8d050ee5cae3a0ee89930c01e95e7980919157f3cc47753a81af1563e4cb58cb
DPROTO-NDISPARK-ONLY-20260727-01,train,fine_tuning_train,30,83_1531481408.jpg,train/imgs/83_1531481408.jpg,83,1531481408,2400,1208,vehicle_boxes,11,,43c2ff3e46879b75affa0efba59bb41ddb767759fabdddc27204ea4c06341ea9
DPROTO-NDISPARK-ONLY-20260727-01,train,fine_tuning_train,108,83_1531486807.jpg,train/imgs/83_1531486807.jpg,83,1531486807,2400,1208,vehicle_boxes,9,,3223d455eb54257c194c0b060fc60e11a3b324b3b4020fc23986d759949e7e97
DPROTO-NDISPARK-ONLY-20260727-01,train,fine_tuning_train,57,83_1531492206.jpg,train/imgs/83_1531492206.jpg,83,1531492206,2400,1208,vehicle_boxes,6,,cd2d1e1d29a24622cefc3a1a5912ff47ae252f545c62b4dbd6c461cc53ffd29d
DPROTO-NDISPARK-ONLY-20260727-01,train,fine_tuning_train,54,83_1531497607.jpg,train/imgs/83_1531497607.jpg,83,1531497607,2400,1208,vehicle_boxes,6,,f4640a11d83be0277931bb44e5a9176e284ee1f1d091ac2cc1c50932743e8814
DPROTO-NDISPARK-ONLY-20260727-01,train,fine_tuning_train,14,83_1531510212.jpg,train/imgs/83_1531510212.jpg,83,1531510212,2400,1208,vehicle_boxes,11,,2b75839497238f459ad1fec337e10978a34aa73a1f48816a713ac1bdb78a44c5
DPROTO-NDISPARK-ONLY-20260727-01,train,fine_tuning_train,80,83_1531722608.jpg,train/imgs/83_1531722608.jpg,83,1531722608,2400,1208,vehicle_boxes,2,,65729baf2ebe97acb77c760ee9cae4b41944c4d6d2741b5b560ba2e93635aa1d
DPROTO-NDISPARK-ONLY-20260727-01,train,fine_tuning_train,69,83_1531751412.jpg,train/imgs/83_1531751412.jpg,83,1531751412,2400,1208,vehicle_boxes,5,,f0016af15966151c0d1fbf43e773b95c1faabf18a071ad0bc393a4ea1f1e6be6
DPROTO-NDISPARK-ONLY-20260727-01,train,fine_tuning_train,90,83_1531755011.jpg,train/imgs/83_1531755011.jpg,83,1531755011,2400,1208,vehicle_boxes,7,,e5e76b10638408615ca9a90ad6893d9bac299ad6d0e76d89c7edbdb71151a1d0
DPROTO-NDISPARK-ONLY-20260727-01,train,fine_tuning_train,95,83_1531810807.jpg,train/imgs/83_1531810807.jpg,83,1531810807,2400,1208,vehicle_boxes,1,,080012cf0f17d47fd626f1b66d2ee3d8bf1109ac8eadda92901f6e1f0c106f08
DPROTO-NDISPARK-ONLY-20260727-01,train,fine_tuning_train,3,83_1531821617.jpg,train/imgs/83_1531821617.jpg,83,1531821617,2400,1208,vehicle_boxes,8,,ed2fd6005fd79893252b832648282508a9c671eccaa90646928d8a8fc6f3147c
DPROTO-NDISPARK-ONLY-20260727-01,train,fine_tuning_train,104,83_1537005606.jpg,train/imgs/83_1537005606.jpg,83,1537005606,2400,1208,vehicle_boxes,7,,305ef9a33545ada87f1f855756cd4311818e86f642d7e6fb0aa959a2d2bb47fe
DPROTO-NDISPARK-ONLY-20260727-01,train,fine_tuning_train,45,83_1537027206.jpg,train/imgs/83_1537027206.jpg,83,1537027206,2400,1208,vehicle_boxes,7,,68f9377bc7d1aeec14f0f3c22bdfd0eacae4f2e4ae8412788d7960147286ea31
